

Microchip MPLAB XC8 Assembler V2.46 build 20240104201356 
                                                                                               Wed Feb 25 10:50:04 2026

Microchip MPLAB XC8 C Compiler v2.46 (Free license) build 20240104201356 Og1 
     1                           	processor	16F1936
     2                           	pagewidth 120
     3                           	opt	flic
     4                           	psect	cinit,global,class=CODE,merge=1,delta=2
     5                           	psect	bssBANK0,global,class=BANK0,space=1,delta=1,noexec
     6                           	psect	clrtext,global,class=CODE,delta=2
     7                           	psect	cstackCOMMON,global,class=COMMON,space=1,delta=1,noexec
     8                           	psect	cstackBANK0,global,class=BANK0,space=1,delta=1,noexec
     9                           	psect	maintext,global,class=CODE,merge=1,split=1,delta=2
    10                           	psect	text1,local,class=CODE,merge=1,delta=2
    11                           	psect	text2,local,class=CODE,merge=1,delta=2
    12                           	psect	text3,local,class=CODE,merge=1,delta=2
    13                           	psect	text4,local,class=CODE,merge=1,delta=2
    14                           	psect	text5,local,class=CODE,merge=1,delta=2
    15                           	psect	text6,local,class=CODE,merge=1,delta=2
    16                           	psect	text7,local,class=CODE,merge=1,delta=2
    17                           	psect	text8,local,class=CODE,merge=1,delta=2
    18                           	psect	text9,local,class=CODE,merge=1,delta=2
    19                           	psect	text10,local,class=CODE,merge=1,delta=2
    20                           	psect	text11,local,class=CODE,merge=1,delta=2
    21                           	psect	text12,local,class=CODE,merge=1,delta=2
    22                           	psect	text13,local,class=CODE,merge=1,delta=2
    23                           	psect	text14,local,class=CODE,merge=1,delta=2
    24                           	psect	text15,local,class=CODE,merge=1,delta=2
    25                           	psect	text16,local,class=CODE,merge=1,delta=2
    26                           	psect	text17,local,class=CODE,merge=1,delta=2
    27                           	psect	text18,local,class=CODE,merge=1,delta=2
    28                           	psect	text19,local,class=CODE,merge=1,delta=2
    29                           	psect	text20,local,class=CODE,merge=1,delta=2
    30                           	psect	text21,local,class=CODE,merge=1,delta=2
    31                           	psect	text22,local,class=CODE,merge=1,delta=2
    32                           	psect	text23,local,class=CODE,merge=1,delta=2
    33                           	psect	text24,local,class=CODE,merge=1,delta=2
    34                           	psect	text25,local,class=CODE,merge=1,delta=2
    35                           	psect	text26,local,class=CODE,merge=1,delta=2
    36                           	psect	text27,local,class=CODE,merge=1,delta=2
    37                           	psect	text28,local,class=CODE,merge=1,delta=2
    38                           	psect	text29,local,class=CODE,merge=1,delta=2
    39                           	psect	text30,local,class=CODE,merge=1,delta=2
    40                           	psect	text31,local,class=CODE,merge=1,delta=2
    41                           	psect	text32,local,class=CODE,merge=1,delta=2
    42                           	psect	text33,local,class=CODE,merge=1,delta=2
    43                           	psect	text34,local,class=CODE,merge=1,delta=2
    44                           	psect	text35,local,class=CODE,merge=1,delta=2
    45                           	psect	text36,local,class=CODE,merge=1,delta=2
    46                           	psect	text37,local,class=CODE,merge=1,delta=2
    47                           	psect	text38,local,class=CODE,merge=1,delta=2
    48                           	psect	text39,local,class=CODE,merge=1,delta=2
    49                           	psect	text40,local,class=CODE,merge=1,delta=2
    50                           	psect	text41,local,class=CODE,merge=1,delta=2
    51                           	psect	idloc,global,abs,ovrld,class=IDLOC,space=5,delta=2,noexec
    52                           	psect	config,global,abs,ovrld,class=CONFIG,space=4,delta=2,noexec
    53                           	dabs	1,0x7E,2
    54     0000                     
    55                           ; Version 2.20
    56                           ; Generated 12/02/2020 GMT
    57                           ; 
    58                           ; Copyright © 2020, Microchip Technology Inc. and its subsidiaries ("Microchip")
    59                           ; All rights reserved.
    60                           ; 
    61                           ; This software is developed by Microchip Technology Inc. and its subsidiaries ("Microch
      +                          ip").
    62                           ; 
    63                           ; Redistribution and use in source and binary forms, with or without modification, are
    64                           ; permitted provided that the following conditions are met:
    65                           ; 
    66                           ;     1. Redistributions of source code must retain the above copyright notice, this lis
      +                          t of
    67                           ;        conditions and the following disclaimer.
    68                           ; 
    69                           ;     2. Redistributions in binary form must reproduce the above copyright notice, this 
      +                          list
    70                           ;        of conditions and the following disclaimer in the documentation and/or other
    71                           ;        materials provided with the distribution.
    72                           ; 
    73                           ;     3. Microchip's name may not be used to endorse or promote products derived from th
      +                          is
    74                           ;        software without specific prior written permission.
    75                           ; 
    76                           ; THIS SOFTWARE IS PROVIDED BY MICROCHIP "AS IS" AND ANY EXPRESS OR IMPLIED WARRANTIES,
    77                           ; INCLUDING, BUT NOT LIMITED TO, THE IMPLIED WARRANTIES OF MERCHANTABILITY AND FITNESS F
      +                          OR
    78                           ; PURPOSE ARE DISCLAIMED.  IN NO EVENT SHALL MICROCHIP BE LIABLE FOR ANY DIRECT, INDIREC
      +                          T,
    79                           ; INCIDENTAL, SPECIAL, EXEMPLARY, OR CONSEQUENTIAL DAMAGES (INCLUDING BUT NOT LIMITED TO
    80                           ; PROCUREMENT OF SUBSTITUTE GOODS OR SERVICES; LOSS OF USE, DATA OR PROFITS; OR BUSINESS
    81                           ; INTERRUPTION) HOWSOEVER CAUSED AND ON ANY THEORY OF LIABILITY, WHETHER IN CONTRACT, ST
      +                          RICT
    82                           ; LIABILITY, OR TORT (INCLUDING NEGLIGENCE OR OTHERWISE) ARISING IN ANY WAY OUT OF THE U
      +                          SE OF
    83                           ; THIS SOFTWARE, EVEN IF ADVISED OF THE POSSIBILITY OF SUCH DAMAGE.
    84                           ; 
    85                           ; 
    86                           ; Code-generator required, PIC16F1936 Definitions
    87                           ; 
    88                           ; SFR Addresses
    89     0000                     	;# 
    90     0001                     	;# 
    91     0002                     	;# 
    92     0003                     	;# 
    93     0004                     	;# 
    94     0005                     	;# 
    95     0006                     	;# 
    96     0007                     	;# 
    97     0008                     	;# 
    98     0009                     	;# 
    99     000A                     	;# 
   100     000B                     	;# 
   101     000C                     	;# 
   102     000D                     	;# 
   103     000E                     	;# 
   104     0010                     	;# 
   105     0011                     	;# 
   106     0012                     	;# 
   107     0013                     	;# 
   108     0015                     	;# 
   109     0016                     	;# 
   110     0016                     	;# 
   111     0017                     	;# 
   112     0018                     	;# 
   113     0019                     	;# 
   114     001A                     	;# 
   115     001B                     	;# 
   116     001C                     	;# 
   117     001E                     	;# 
   118     001F                     	;# 
   119     008C                     	;# 
   120     008D                     	;# 
   121     008E                     	;# 
   122     0090                     	;# 
   123     0091                     	;# 
   124     0092                     	;# 
   125     0093                     	;# 
   126     0095                     	;# 
   127     0096                     	;# 
   128     0097                     	;# 
   129     0098                     	;# 
   130     0099                     	;# 
   131     009A                     	;# 
   132     009B                     	;# 
   133     009B                     	;# 
   134     009C                     	;# 
   135     009D                     	;# 
   136     009E                     	;# 
   137     010C                     	;# 
   138     010D                     	;# 
   139     010E                     	;# 
   140     0110                     	;# 
   141     0111                     	;# 
   142     0112                     	;# 
   143     0113                     	;# 
   144     0114                     	;# 
   145     0115                     	;# 
   146     0116                     	;# 
   147     0117                     	;# 
   148     0118                     	;# 
   149     0119                     	;# 
   150     011A                     	;# 
   151     011B                     	;# 
   152     011D                     	;# 
   153     018C                     	;# 
   154     018D                     	;# 
   155     0191                     	;# 
   156     0191                     	;# 
   157     0192                     	;# 
   158     0193                     	;# 
   159     0193                     	;# 
   160     0193                     	;# 
   161     0194                     	;# 
   162     0195                     	;# 
   163     0196                     	;# 
   164     0199                     	;# 
   165     019A                     	;# 
   166     019B                     	;# 
   167     019B                     	;# 
   168     019B                     	;# 
   169     019B                     	;# 
   170     019C                     	;# 
   171     019C                     	;# 
   172     019D                     	;# 
   173     019E                     	;# 
   174     019F                     	;# 
   175     020D                     	;# 
   176     0210                     	;# 
   177     0211                     	;# 
   178     0212                     	;# 
   179     0213                     	;# 
   180     0214                     	;# 
   181     0215                     	;# 
   182     0215                     	;# 
   183     0216                     	;# 
   184     0217                     	;# 
   185     0291                     	;# 
   186     0291                     	;# 
   187     0292                     	;# 
   188     0293                     	;# 
   189     0294                     	;# 
   190     0295                     	;# 
   191     0295                     	;# 
   192     0296                     	;# 
   193     0298                     	;# 
   194     0298                     	;# 
   195     0299                     	;# 
   196     029A                     	;# 
   197     029B                     	;# 
   198     029C                     	;# 
   199     029C                     	;# 
   200     029D                     	;# 
   201     029E                     	;# 
   202     029F                     	;# 
   203     0311                     	;# 
   204     0311                     	;# 
   205     0312                     	;# 
   206     0313                     	;# 
   207     0314                     	;# 
   208     0315                     	;# 
   209     0315                     	;# 
   210     0316                     	;# 
   211     0318                     	;# 
   212     0318                     	;# 
   213     0319                     	;# 
   214     031A                     	;# 
   215     031C                     	;# 
   216     031C                     	;# 
   217     031D                     	;# 
   218     031E                     	;# 
   219     0394                     	;# 
   220     0395                     	;# 
   221     0396                     	;# 
   222     0415                     	;# 
   223     0416                     	;# 
   224     0417                     	;# 
   225     041C                     	;# 
   226     041D                     	;# 
   227     041E                     	;# 
   228     0791                     	;# 
   229     0792                     	;# 
   230     0793                     	;# 
   231     0794                     	;# 
   232     0795                     	;# 
   233     0798                     	;# 
   234     0799                     	;# 
   235     07A0                     	;# 
   236     07A1                     	;# 
   237     07A3                     	;# 
   238     07A4                     	;# 
   239     07A6                     	;# 
   240     07A7                     	;# 
   241     07A9                     	;# 
   242     07AA                     	;# 
   243     0FE4                     	;# 
   244     0FE5                     	;# 
   245     0FE6                     	;# 
   246     0FE7                     	;# 
   247     0FE8                     	;# 
   248     0FE9                     	;# 
   249     0FEA                     	;# 
   250     0FEB                     	;# 
   251     0FED                     	;# 
   252     0FEE                     	;# 
   253     0FEF                     	;# 
   254     0000                     	;# 
   255     0001                     	;# 
   256     0002                     	;# 
   257     0003                     	;# 
   258     0004                     	;# 
   259     0005                     	;# 
   260     0006                     	;# 
   261     0007                     	;# 
   262     0008                     	;# 
   263     0009                     	;# 
   264     000A                     	;# 
   265     000B                     	;# 
   266     000C                     	;# 
   267     000D                     	;# 
   268     000E                     	;# 
   269     0010                     	;# 
   270     0011                     	;# 
   271     0012                     	;# 
   272     0013                     	;# 
   273     0015                     	;# 
   274     0016                     	;# 
   275     0016                     	;# 
   276     0017                     	;# 
   277     0018                     	;# 
   278     0019                     	;# 
   279     001A                     	;# 
   280     001B                     	;# 
   281     001C                     	;# 
   282     001E                     	;# 
   283     001F                     	;# 
   284     008C                     	;# 
   285     008D                     	;# 
   286     008E                     	;# 
   287     0090                     	;# 
   288     0091                     	;# 
   289     0092                     	;# 
   290     0093                     	;# 
   291     0095                     	;# 
   292     0096                     	;# 
   293     0097                     	;# 
   294     0098                     	;# 
   295     0099                     	;# 
   296     009A                     	;# 
   297     009B                     	;# 
   298     009B                     	;# 
   299     009C                     	;# 
   300     009D                     	;# 
   301     009E                     	;# 
   302     010C                     	;# 
   303     010D                     	;# 
   304     010E                     	;# 
   305     0110                     	;# 
   306     0111                     	;# 
   307     0112                     	;# 
   308     0113                     	;# 
   309     0114                     	;# 
   310     0115                     	;# 
   311     0116                     	;# 
   312     0117                     	;# 
   313     0118                     	;# 
   314     0119                     	;# 
   315     011A                     	;# 
   316     011B                     	;# 
   317     011D                     	;# 
   318     018C                     	;# 
   319     018D                     	;# 
   320     0191                     	;# 
   321     0191                     	;# 
   322     0192                     	;# 
   323     0193                     	;# 
   324     0193                     	;# 
   325     0193                     	;# 
   326     0194                     	;# 
   327     0195                     	;# 
   328     0196                     	;# 
   329     0199                     	;# 
   330     019A                     	;# 
   331     019B                     	;# 
   332     019B                     	;# 
   333     019B                     	;# 
   334     019B                     	;# 
   335     019C                     	;# 
   336     019C                     	;# 
   337     019D                     	;# 
   338     019E                     	;# 
   339     019F                     	;# 
   340     020D                     	;# 
   341     0210                     	;# 
   342     0211                     	;# 
   343     0212                     	;# 
   344     0213                     	;# 
   345     0214                     	;# 
   346     0215                     	;# 
   347     0215                     	;# 
   348     0216                     	;# 
   349     0217                     	;# 
   350     0291                     	;# 
   351     0291                     	;# 
   352     0292                     	;# 
   353     0293                     	;# 
   354     0294                     	;# 
   355     0295                     	;# 
   356     0295                     	;# 
   357     0296                     	;# 
   358     0298                     	;# 
   359     0298                     	;# 
   360     0299                     	;# 
   361     029A                     	;# 
   362     029B                     	;# 
   363     029C                     	;# 
   364     029C                     	;# 
   365     029D                     	;# 
   366     029E                     	;# 
   367     029F                     	;# 
   368     0311                     	;# 
   369     0311                     	;# 
   370     0312                     	;# 
   371     0313                     	;# 
   372     0314                     	;# 
   373     0315                     	;# 
   374     0315                     	;# 
   375     0316                     	;# 
   376     0318                     	;# 
   377     0318                     	;# 
   378     0319                     	;# 
   379     031A                     	;# 
   380     031C                     	;# 
   381     031C                     	;# 
   382     031D                     	;# 
   383     031E                     	;# 
   384     0394                     	;# 
   385     0395                     	;# 
   386     0396                     	;# 
   387     0415                     	;# 
   388     0416                     	;# 
   389     0417                     	;# 
   390     041C                     	;# 
   391     041D                     	;# 
   392     041E                     	;# 
   393     0791                     	;# 
   394     0792                     	;# 
   395     0793                     	;# 
   396     0794                     	;# 
   397     0795                     	;# 
   398     0798                     	;# 
   399     0799                     	;# 
   400     07A0                     	;# 
   401     07A1                     	;# 
   402     07A3                     	;# 
   403     07A4                     	;# 
   404     07A6                     	;# 
   405     07A7                     	;# 
   406     07A9                     	;# 
   407     07AA                     	;# 
   408     0FE4                     	;# 
   409     0FE5                     	;# 
   410     0FE6                     	;# 
   411     0FE7                     	;# 
   412     0FE8                     	;# 
   413     0FE9                     	;# 
   414     0FEA                     	;# 
   415     0FEB                     	;# 
   416     0FED                     	;# 
   417     0FEE                     	;# 
   418     0FEF                     	;# 
   419     0000                     	;# 
   420     0001                     	;# 
   421     0002                     	;# 
   422     0003                     	;# 
   423     0004                     	;# 
   424     0005                     	;# 
   425     0006                     	;# 
   426     0007                     	;# 
   427     0008                     	;# 
   428     0009                     	;# 
   429     000A                     	;# 
   430     000B                     	;# 
   431     000C                     	;# 
   432     000D                     	;# 
   433     000E                     	;# 
   434     0010                     	;# 
   435     0011                     	;# 
   436     0012                     	;# 
   437     0013                     	;# 
   438     0015                     	;# 
   439     0016                     	;# 
   440     0016                     	;# 
   441     0017                     	;# 
   442     0018                     	;# 
   443     0019                     	;# 
   444     001A                     	;# 
   445     001B                     	;# 
   446     001C                     	;# 
   447     001E                     	;# 
   448     001F                     	;# 
   449     008C                     	;# 
   450     008D                     	;# 
   451     008E                     	;# 
   452     0090                     	;# 
   453     0091                     	;# 
   454     0092                     	;# 
   455     0093                     	;# 
   456     0095                     	;# 
   457     0096                     	;# 
   458     0097                     	;# 
   459     0098                     	;# 
   460     0099                     	;# 
   461     009A                     	;# 
   462     009B                     	;# 
   463     009B                     	;# 
   464     009C                     	;# 
   465     009D                     	;# 
   466     009E                     	;# 
   467     010C                     	;# 
   468     010D                     	;# 
   469     010E                     	;# 
   470     0110                     	;# 
   471     0111                     	;# 
   472     0112                     	;# 
   473     0113                     	;# 
   474     0114                     	;# 
   475     0115                     	;# 
   476     0116                     	;# 
   477     0117                     	;# 
   478     0118                     	;# 
   479     0119                     	;# 
   480     011A                     	;# 
   481     011B                     	;# 
   482     011D                     	;# 
   483     018C                     	;# 
   484     018D                     	;# 
   485     0191                     	;# 
   486     0191                     	;# 
   487     0192                     	;# 
   488     0193                     	;# 
   489     0193                     	;# 
   490     0193                     	;# 
   491     0194                     	;# 
   492     0195                     	;# 
   493     0196                     	;# 
   494     0199                     	;# 
   495     019A                     	;# 
   496     019B                     	;# 
   497     019B                     	;# 
   498     019B                     	;# 
   499     019B                     	;# 
   500     019C                     	;# 
   501     019C                     	;# 
   502     019D                     	;# 
   503     019E                     	;# 
   504     019F                     	;# 
   505     020D                     	;# 
   506     0210                     	;# 
   507     0211                     	;# 
   508     0212                     	;# 
   509     0213                     	;# 
   510     0214                     	;# 
   511     0215                     	;# 
   512     0215                     	;# 
   513     0216                     	;# 
   514     0217                     	;# 
   515     0291                     	;# 
   516     0291                     	;# 
   517     0292                     	;# 
   518     0293                     	;# 
   519     0294                     	;# 
   520     0295                     	;# 
   521     0295                     	;# 
   522     0296                     	;# 
   523     0298                     	;# 
   524     0298                     	;# 
   525     0299                     	;# 
   526     029A                     	;# 
   527     029B                     	;# 
   528     029C                     	;# 
   529     029C                     	;# 
   530     029D                     	;# 
   531     029E                     	;# 
   532     029F                     	;# 
   533     0311                     	;# 
   534     0311                     	;# 
   535     0312                     	;# 
   536     0313                     	;# 
   537     0314                     	;# 
   538     0315                     	;# 
   539     0315                     	;# 
   540     0316                     	;# 
   541     0318                     	;# 
   542     0318                     	;# 
   543     0319                     	;# 
   544     031A                     	;# 
   545     031C                     	;# 
   546     031C                     	;# 
   547     031D                     	;# 
   548     031E                     	;# 
   549     0394                     	;# 
   550     0395                     	;# 
   551     0396                     	;# 
   552     0415                     	;# 
   553     0416                     	;# 
   554     0417                     	;# 
   555     041C                     	;# 
   556     041D                     	;# 
   557     041E                     	;# 
   558     0791                     	;# 
   559     0792                     	;# 
   560     0793                     	;# 
   561     0794                     	;# 
   562     0795                     	;# 
   563     0798                     	;# 
   564     0799                     	;# 
   565     07A0                     	;# 
   566     07A1                     	;# 
   567     07A3                     	;# 
   568     07A4                     	;# 
   569     07A6                     	;# 
   570     07A7                     	;# 
   571     07A9                     	;# 
   572     07AA                     	;# 
   573     0FE4                     	;# 
   574     0FE5                     	;# 
   575     0FE6                     	;# 
   576     0FE7                     	;# 
   577     0FE8                     	;# 
   578     0FE9                     	;# 
   579     0FEA                     	;# 
   580     0FEB                     	;# 
   581     0FED                     	;# 
   582     0FEE                     	;# 
   583     0FEF                     	;# 
   584     0000                     	;# 
   585     0001                     	;# 
   586     0002                     	;# 
   587     0003                     	;# 
   588     0004                     	;# 
   589     0005                     	;# 
   590     0006                     	;# 
   591     0007                     	;# 
   592     0008                     	;# 
   593     0009                     	;# 
   594     000A                     	;# 
   595     000B                     	;# 
   596     000C                     	;# 
   597     000D                     	;# 
   598     000E                     	;# 
   599     0010                     	;# 
   600     0011                     	;# 
   601     0012                     	;# 
   602     0013                     	;# 
   603     0015                     	;# 
   604     0016                     	;# 
   605     0016                     	;# 
   606     0017                     	;# 
   607     0018                     	;# 
   608     0019                     	;# 
   609     001A                     	;# 
   610     001B                     	;# 
   611     001C                     	;# 
   612     001E                     	;# 
   613     001F                     	;# 
   614     008C                     	;# 
   615     008D                     	;# 
   616     008E                     	;# 
   617     0090                     	;# 
   618     0091                     	;# 
   619     0092                     	;# 
   620     0093                     	;# 
   621     0095                     	;# 
   622     0096                     	;# 
   623     0097                     	;# 
   624     0098                     	;# 
   625     0099                     	;# 
   626     009A                     	;# 
   627     009B                     	;# 
   628     009B                     	;# 
   629     009C                     	;# 
   630     009D                     	;# 
   631     009E                     	;# 
   632     010C                     	;# 
   633     010D                     	;# 
   634     010E                     	;# 
   635     0110                     	;# 
   636     0111                     	;# 
   637     0112                     	;# 
   638     0113                     	;# 
   639     0114                     	;# 
   640     0115                     	;# 
   641     0116                     	;# 
   642     0117                     	;# 
   643     0118                     	;# 
   644     0119                     	;# 
   645     011A                     	;# 
   646     011B                     	;# 
   647     011D                     	;# 
   648     018C                     	;# 
   649     018D                     	;# 
   650     0191                     	;# 
   651     0191                     	;# 
   652     0192                     	;# 
   653     0193                     	;# 
   654     0193                     	;# 
   655     0193                     	;# 
   656     0194                     	;# 
   657     0195                     	;# 
   658     0196                     	;# 
   659     0199                     	;# 
   660     019A                     	;# 
   661     019B                     	;# 
   662     019B                     	;# 
   663     019B                     	;# 
   664     019B                     	;# 
   665     019C                     	;# 
   666     019C                     	;# 
   667     019D                     	;# 
   668     019E                     	;# 
   669     019F                     	;# 
   670     020D                     	;# 
   671     0210                     	;# 
   672     0211                     	;# 
   673     0212                     	;# 
   674     0213                     	;# 
   675     0214                     	;# 
   676     0215                     	;# 
   677     0215                     	;# 
   678     0216                     	;# 
   679     0217                     	;# 
   680     0291                     	;# 
   681     0291                     	;# 
   682     0292                     	;# 
   683     0293                     	;# 
   684     0294                     	;# 
   685     0295                     	;# 
   686     0295                     	;# 
   687     0296                     	;# 
   688     0298                     	;# 
   689     0298                     	;# 
   690     0299                     	;# 
   691     029A                     	;# 
   692     029B                     	;# 
   693     029C                     	;# 
   694     029C                     	;# 
   695     029D                     	;# 
   696     029E                     	;# 
   697     029F                     	;# 
   698     0311                     	;# 
   699     0311                     	;# 
   700     0312                     	;# 
   701     0313                     	;# 
   702     0314                     	;# 
   703     0315                     	;# 
   704     0315                     	;# 
   705     0316                     	;# 
   706     0318                     	;# 
   707     0318                     	;# 
   708     0319                     	;# 
   709     031A                     	;# 
   710     031C                     	;# 
   711     031C                     	;# 
   712     031D                     	;# 
   713     031E                     	;# 
   714     0394                     	;# 
   715     0395                     	;# 
   716     0396                     	;# 
   717     0415                     	;# 
   718     0416                     	;# 
   719     0417                     	;# 
   720     041C                     	;# 
   721     041D                     	;# 
   722     041E                     	;# 
   723     0791                     	;# 
   724     0792                     	;# 
   725     0793                     	;# 
   726     0794                     	;# 
   727     0795                     	;# 
   728     0798                     	;# 
   729     0799                     	;# 
   730     07A0                     	;# 
   731     07A1                     	;# 
   732     07A3                     	;# 
   733     07A4                     	;# 
   734     07A6                     	;# 
   735     07A7                     	;# 
   736     07A9                     	;# 
   737     07AA                     	;# 
   738     0FE4                     	;# 
   739     0FE5                     	;# 
   740     0FE6                     	;# 
   741     0FE7                     	;# 
   742     0FE8                     	;# 
   743     0FE9                     	;# 
   744     0FEA                     	;# 
   745     0FEB                     	;# 
   746     0FED                     	;# 
   747     0FEE                     	;# 
   748     0FEF                     	;# 
   749     0000                     	;# 
   750     0001                     	;# 
   751     0002                     	;# 
   752     0003                     	;# 
   753     0004                     	;# 
   754     0005                     	;# 
   755     0006                     	;# 
   756     0007                     	;# 
   757     0008                     	;# 
   758     0009                     	;# 
   759     000A                     	;# 
   760     000B                     	;# 
   761     000C                     	;# 
   762     000D                     	;# 
   763     000E                     	;# 
   764     0010                     	;# 
   765     0011                     	;# 
   766     0012                     	;# 
   767     0013                     	;# 
   768     0015                     	;# 
   769     0016                     	;# 
   770     0016                     	;# 
   771     0017                     	;# 
   772     0018                     	;# 
   773     0019                     	;# 
   774     001A                     	;# 
   775     001B                     	;# 
   776     001C                     	;# 
   777     001E                     	;# 
   778     001F                     	;# 
   779     008C                     	;# 
   780     008D                     	;# 
   781     008E                     	;# 
   782     0090                     	;# 
   783     0091                     	;# 
   784     0092                     	;# 
   785     0093                     	;# 
   786     0095                     	;# 
   787     0096                     	;# 
   788     0097                     	;# 
   789     0098                     	;# 
   790     0099                     	;# 
   791     009A                     	;# 
   792     009B                     	;# 
   793     009B                     	;# 
   794     009C                     	;# 
   795     009D                     	;# 
   796     009E                     	;# 
   797     010C                     	;# 
   798     010D                     	;# 
   799     010E                     	;# 
   800     0110                     	;# 
   801     0111                     	;# 
   802     0112                     	;# 
   803     0113                     	;# 
   804     0114                     	;# 
   805     0115                     	;# 
   806     0116                     	;# 
   807     0117                     	;# 
   808     0118                     	;# 
   809     0119                     	;# 
   810     011A                     	;# 
   811     011B                     	;# 
   812     011D                     	;# 
   813     018C                     	;# 
   814     018D                     	;# 
   815     0191                     	;# 
   816     0191                     	;# 
   817     0192                     	;# 
   818     0193                     	;# 
   819     0193                     	;# 
   820     0193                     	;# 
   821     0194                     	;# 
   822     0195                     	;# 
   823     0196                     	;# 
   824     0199                     	;# 
   825     019A                     	;# 
   826     019B                     	;# 
   827     019B                     	;# 
   828     019B                     	;# 
   829     019B                     	;# 
   830     019C                     	;# 
   831     019C                     	;# 
   832     019D                     	;# 
   833     019E                     	;# 
   834     019F                     	;# 
   835     020D                     	;# 
   836     0210                     	;# 
   837     0211                     	;# 
   838     0212                     	;# 
   839     0213                     	;# 
   840     0214                     	;# 
   841     0215                     	;# 
   842     0215                     	;# 
   843     0216                     	;# 
   844     0217                     	;# 
   845     0291                     	;# 
   846     0291                     	;# 
   847     0292                     	;# 
   848     0293                     	;# 
   849     0294                     	;# 
   850     0295                     	;# 
   851     0295                     	;# 
   852     0296                     	;# 
   853     0298                     	;# 
   854     0298                     	;# 
   855     0299                     	;# 
   856     029A                     	;# 
   857     029B                     	;# 
   858     029C                     	;# 
   859     029C                     	;# 
   860     029D                     	;# 
   861     029E                     	;# 
   862     029F                     	;# 
   863     0311                     	;# 
   864     0311                     	;# 
   865     0312                     	;# 
   866     0313                     	;# 
   867     0314                     	;# 
   868     0315                     	;# 
   869     0315                     	;# 
   870     0316                     	;# 
   871     0318                     	;# 
   872     0318                     	;# 
   873     0319                     	;# 
   874     031A                     	;# 
   875     031C                     	;# 
   876     031C                     	;# 
   877     031D                     	;# 
   878     031E                     	;# 
   879     0394                     	;# 
   880     0395                     	;# 
   881     0396                     	;# 
   882     0415                     	;# 
   883     0416                     	;# 
   884     0417                     	;# 
   885     041C                     	;# 
   886     041D                     	;# 
   887     041E                     	;# 
   888     0791                     	;# 
   889     0792                     	;# 
   890     0793                     	;# 
   891     0794                     	;# 
   892     0795                     	;# 
   893     0798                     	;# 
   894     0799                     	;# 
   895     07A0                     	;# 
   896     07A1                     	;# 
   897     07A3                     	;# 
   898     07A4                     	;# 
   899     07A6                     	;# 
   900     07A7                     	;# 
   901     07A9                     	;# 
   902     07AA                     	;# 
   903     0FE4                     	;# 
   904     0FE5                     	;# 
   905     0FE6                     	;# 
   906     0FE7                     	;# 
   907     0FE8                     	;# 
   908     0FE9                     	;# 
   909     0FEA                     	;# 
   910     0FEB                     	;# 
   911     0FED                     	;# 
   912     0FEE                     	;# 
   913     0FEF                     	;# 
   914     0000                     	;# 
   915     0001                     	;# 
   916     0002                     	;# 
   917     0003                     	;# 
   918     0004                     	;# 
   919     0005                     	;# 
   920     0006                     	;# 
   921     0007                     	;# 
   922     0008                     	;# 
   923     0009                     	;# 
   924     000A                     	;# 
   925     000B                     	;# 
   926     000C                     	;# 
   927     000D                     	;# 
   928     000E                     	;# 
   929     0010                     	;# 
   930     0011                     	;# 
   931     0012                     	;# 
   932     0013                     	;# 
   933     0015                     	;# 
   934     0016                     	;# 
   935     0016                     	;# 
   936     0017                     	;# 
   937     0018                     	;# 
   938     0019                     	;# 
   939     001A                     	;# 
   940     001B                     	;# 
   941     001C                     	;# 
   942     001E                     	;# 
   943     001F                     	;# 
   944     008C                     	;# 
   945     008D                     	;# 
   946     008E                     	;# 
   947     0090                     	;# 
   948     0091                     	;# 
   949     0092                     	;# 
   950     0093                     	;# 
   951     0095                     	;# 
   952     0096                     	;# 
   953     0097                     	;# 
   954     0098                     	;# 
   955     0099                     	;# 
   956     009A                     	;# 
   957     009B                     	;# 
   958     009B                     	;# 
   959     009C                     	;# 
   960     009D                     	;# 
   961     009E                     	;# 
   962     010C                     	;# 
   963     010D                     	;# 
   964     010E                     	;# 
   965     0110                     	;# 
   966     0111                     	;# 
   967     0112                     	;# 
   968     0113                     	;# 
   969     0114                     	;# 
   970     0115                     	;# 
   971     0116                     	;# 
   972     0117                     	;# 
   973     0118                     	;# 
   974     0119                     	;# 
   975     011A                     	;# 
   976     011B                     	;# 
   977     011D                     	;# 
   978     018C                     	;# 
   979     018D                     	;# 
   980     0191                     	;# 
   981     0191                     	;# 
   982     0192                     	;# 
   983     0193                     	;# 
   984     0193                     	;# 
   985     0193                     	;# 
   986     0194                     	;# 
   987     0195                     	;# 
   988     0196                     	;# 
   989     0199                     	;# 
   990     019A                     	;# 
   991     019B                     	;# 
   992     019B                     	;# 
   993     019B                     	;# 
   994     019B                     	;# 
   995     019C                     	;# 
   996     019C                     	;# 
   997     019D                     	;# 
   998     019E                     	;# 
   999     019F                     	;# 
  1000     020D                     	;# 
  1001     0210                     	;# 
  1002     0211                     	;# 
  1003     0212                     	;# 
  1004     0213                     	;# 
  1005     0214                     	;# 
  1006     0215                     	;# 
  1007     0215                     	;# 
  1008     0216                     	;# 
  1009     0217                     	;# 
  1010     0291                     	;# 
  1011     0291                     	;# 
  1012     0292                     	;# 
  1013     0293                     	;# 
  1014     0294                     	;# 
  1015     0295                     	;# 
  1016     0295                     	;# 
  1017     0296                     	;# 
  1018     0298                     	;# 
  1019     0298                     	;# 
  1020     0299                     	;# 
  1021     029A                     	;# 
  1022     029B                     	;# 
  1023     029C                     	;# 
  1024     029C                     	;# 
  1025     029D                     	;# 
  1026     029E                     	;# 
  1027     029F                     	;# 
  1028     0311                     	;# 
  1029     0311                     	;# 
  1030     0312                     	;# 
  1031     0313                     	;# 
  1032     0314                     	;# 
  1033     0315                     	;# 
  1034     0315                     	;# 
  1035     0316                     	;# 
  1036     0318                     	;# 
  1037     0318                     	;# 
  1038     0319                     	;# 
  1039     031A                     	;# 
  1040     031C                     	;# 
  1041     031C                     	;# 
  1042     031D                     	;# 
  1043     031E                     	;# 
  1044     0394                     	;# 
  1045     0395                     	;# 
  1046     0396                     	;# 
  1047     0415                     	;# 
  1048     0416                     	;# 
  1049     0417                     	;# 
  1050     041C                     	;# 
  1051     041D                     	;# 
  1052     041E                     	;# 
  1053     0791                     	;# 
  1054     0792                     	;# 
  1055     0793                     	;# 
  1056     0794                     	;# 
  1057     0795                     	;# 
  1058     0798                     	;# 
  1059     0799                     	;# 
  1060     07A0                     	;# 
  1061     07A1                     	;# 
  1062     07A3                     	;# 
  1063     07A4                     	;# 
  1064     07A6                     	;# 
  1065     07A7                     	;# 
  1066     07A9                     	;# 
  1067     07AA                     	;# 
  1068     0FE4                     	;# 
  1069     0FE5                     	;# 
  1070     0FE6                     	;# 
  1071     0FE7                     	;# 
  1072     0FE8                     	;# 
  1073     0FE9                     	;# 
  1074     0FEA                     	;# 
  1075     0FEB                     	;# 
  1076     0FED                     	;# 
  1077     0FEE                     	;# 
  1078     0FEF                     	;# 
  1079     0000                     	;# 
  1080     0001                     	;# 
  1081     0002                     	;# 
  1082     0003                     	;# 
  1083     0004                     	;# 
  1084     0005                     	;# 
  1085     0006                     	;# 
  1086     0007                     	;# 
  1087     0008                     	;# 
  1088     0009                     	;# 
  1089     000A                     	;# 
  1090     000B                     	;# 
  1091     000C                     	;# 
  1092     000D                     	;# 
  1093     000E                     	;# 
  1094     0010                     	;# 
  1095     0011                     	;# 
  1096     0012                     	;# 
  1097     0013                     	;# 
  1098     0015                     	;# 
  1099     0016                     	;# 
  1100     0016                     	;# 
  1101     0017                     	;# 
  1102     0018                     	;# 
  1103     0019                     	;# 
  1104     001A                     	;# 
  1105     001B                     	;# 
  1106     001C                     	;# 
  1107     001E                     	;# 
  1108     001F                     	;# 
  1109     008C                     	;# 
  1110     008D                     	;# 
  1111     008E                     	;# 
  1112     0090                     	;# 
  1113     0091                     	;# 
  1114     0092                     	;# 
  1115     0093                     	;# 
  1116     0095                     	;# 
  1117     0096                     	;# 
  1118     0097                     	;# 
  1119     0098                     	;# 
  1120     0099                     	;# 
  1121     009A                     	;# 
  1122     009B                     	;# 
  1123     009B                     	;# 
  1124     009C                     	;# 
  1125     009D                     	;# 
  1126     009E                     	;# 
  1127     010C                     	;# 
  1128     010D                     	;# 
  1129     010E                     	;# 
  1130     0110                     	;# 
  1131     0111                     	;# 
  1132     0112                     	;# 
  1133     0113                     	;# 
  1134     0114                     	;# 
  1135     0115                     	;# 
  1136     0116                     	;# 
  1137     0117                     	;# 
  1138     0118                     	;# 
  1139     0119                     	;# 
  1140     011A                     	;# 
  1141     011B                     	;# 
  1142     011D                     	;# 
  1143     018C                     	;# 
  1144     018D                     	;# 
  1145     0191                     	;# 
  1146     0191                     	;# 
  1147     0192                     	;# 
  1148     0193                     	;# 
  1149     0193                     	;# 
  1150     0193                     	;# 
  1151     0194                     	;# 
  1152     0195                     	;# 
  1153     0196                     	;# 
  1154     0199                     	;# 
  1155     019A                     	;# 
  1156     019B                     	;# 
  1157     019B                     	;# 
  1158     019B                     	;# 
  1159     019B                     	;# 
  1160     019C                     	;# 
  1161     019C                     	;# 
  1162     019D                     	;# 
  1163     019E                     	;# 
  1164     019F                     	;# 
  1165     020D                     	;# 
  1166     0210                     	;# 
  1167     0211                     	;# 
  1168     0212                     	;# 
  1169     0213                     	;# 
  1170     0214                     	;# 
  1171     0215                     	;# 
  1172     0215                     	;# 
  1173     0216                     	;# 
  1174     0217                     	;# 
  1175     0291                     	;# 
  1176     0291                     	;# 
  1177     0292                     	;# 
  1178     0293                     	;# 
  1179     0294                     	;# 
  1180     0295                     	;# 
  1181     0295                     	;# 
  1182     0296                     	;# 
  1183     0298                     	;# 
  1184     0298                     	;# 
  1185     0299                     	;# 
  1186     029A                     	;# 
  1187     029B                     	;# 
  1188     029C                     	;# 
  1189     029C                     	;# 
  1190     029D                     	;# 
  1191     029E                     	;# 
  1192     029F                     	;# 
  1193     0311                     	;# 
  1194     0311                     	;# 
  1195     0312                     	;# 
  1196     0313                     	;# 
  1197     0314                     	;# 
  1198     0315                     	;# 
  1199     0315                     	;# 
  1200     0316                     	;# 
  1201     0318                     	;# 
  1202     0318                     	;# 
  1203     0319                     	;# 
  1204     031A                     	;# 
  1205     031C                     	;# 
  1206     031C                     	;# 
  1207     031D                     	;# 
  1208     031E                     	;# 
  1209     0394                     	;# 
  1210     0395                     	;# 
  1211     0396                     	;# 
  1212     0415                     	;# 
  1213     0416                     	;# 
  1214     0417                     	;# 
  1215     041C                     	;# 
  1216     041D                     	;# 
  1217     041E                     	;# 
  1218     0791                     	;# 
  1219     0792                     	;# 
  1220     0793                     	;# 
  1221     0794                     	;# 
  1222     0795                     	;# 
  1223     0798                     	;# 
  1224     0799                     	;# 
  1225     07A0                     	;# 
  1226     07A1                     	;# 
  1227     07A3                     	;# 
  1228     07A4                     	;# 
  1229     07A6                     	;# 
  1230     07A7                     	;# 
  1231     07A9                     	;# 
  1232     07AA                     	;# 
  1233     0FE4                     	;# 
  1234     0FE5                     	;# 
  1235     0FE6                     	;# 
  1236     0FE7                     	;# 
  1237     0FE8                     	;# 
  1238     0FE9                     	;# 
  1239     0FEA                     	;# 
  1240     0FEB                     	;# 
  1241     0FED                     	;# 
  1242     0FEE                     	;# 
  1243     0FEF                     	;# 
  1244     0000                     	;# 
  1245     0001                     	;# 
  1246     0002                     	;# 
  1247     0003                     	;# 
  1248     0004                     	;# 
  1249     0005                     	;# 
  1250     0006                     	;# 
  1251     0007                     	;# 
  1252     0008                     	;# 
  1253     0009                     	;# 
  1254     000A                     	;# 
  1255     000B                     	;# 
  1256     000C                     	;# 
  1257     000D                     	;# 
  1258     000E                     	;# 
  1259     0010                     	;# 
  1260     0011                     	;# 
  1261     0012                     	;# 
  1262     0013                     	;# 
  1263     0015                     	;# 
  1264     0016                     	;# 
  1265     0016                     	;# 
  1266     0017                     	;# 
  1267     0018                     	;# 
  1268     0019                     	;# 
  1269     001A                     	;# 
  1270     001B                     	;# 
  1271     001C                     	;# 
  1272     001E                     	;# 
  1273     001F                     	;# 
  1274     008C                     	;# 
  1275     008D                     	;# 
  1276     008E                     	;# 
  1277     0090                     	;# 
  1278     0091                     	;# 
  1279     0092                     	;# 
  1280     0093                     	;# 
  1281     0095                     	;# 
  1282     0096                     	;# 
  1283     0097                     	;# 
  1284     0098                     	;# 
  1285     0099                     	;# 
  1286     009A                     	;# 
  1287     009B                     	;# 
  1288     009B                     	;# 
  1289     009C                     	;# 
  1290     009D                     	;# 
  1291     009E                     	;# 
  1292     010C                     	;# 
  1293     010D                     	;# 
  1294     010E                     	;# 
  1295     0110                     	;# 
  1296     0111                     	;# 
  1297     0112                     	;# 
  1298     0113                     	;# 
  1299     0114                     	;# 
  1300     0115                     	;# 
  1301     0116                     	;# 
  1302     0117                     	;# 
  1303     0118                     	;# 
  1304     0119                     	;# 
  1305     011A                     	;# 
  1306     011B                     	;# 
  1307     011D                     	;# 
  1308     018C                     	;# 
  1309     018D                     	;# 
  1310     0191                     	;# 
  1311     0191                     	;# 
  1312     0192                     	;# 
  1313     0193                     	;# 
  1314     0193                     	;# 
  1315     0193                     	;# 
  1316     0194                     	;# 
  1317     0195                     	;# 
  1318     0196                     	;# 
  1319     0199                     	;# 
  1320     019A                     	;# 
  1321     019B                     	;# 
  1322     019B                     	;# 
  1323     019B                     	;# 
  1324     019B                     	;# 
  1325     019C                     	;# 
  1326     019C                     	;# 
  1327     019D                     	;# 
  1328     019E                     	;# 
  1329     019F                     	;# 
  1330     020D                     	;# 
  1331     0210                     	;# 
  1332     0211                     	;# 
  1333     0212                     	;# 
  1334     0213                     	;# 
  1335     0214                     	;# 
  1336     0215                     	;# 
  1337     0215                     	;# 
  1338     0216                     	;# 
  1339     0217                     	;# 
  1340     0291                     	;# 
  1341     0291                     	;# 
  1342     0292                     	;# 
  1343     0293                     	;# 
  1344     0294                     	;# 
  1345     0295                     	;# 
  1346     0295                     	;# 
  1347     0296                     	;# 
  1348     0298                     	;# 
  1349     0298                     	;# 
  1350     0299                     	;# 
  1351     029A                     	;# 
  1352     029B                     	;# 
  1353     029C                     	;# 
  1354     029C                     	;# 
  1355     029D                     	;# 
  1356     029E                     	;# 
  1357     029F                     	;# 
  1358     0311                     	;# 
  1359     0311                     	;# 
  1360     0312                     	;# 
  1361     0313                     	;# 
  1362     0314                     	;# 
  1363     0315                     	;# 
  1364     0315                     	;# 
  1365     0316                     	;# 
  1366     0318                     	;# 
  1367     0318                     	;# 
  1368     0319                     	;# 
  1369     031A                     	;# 
  1370     031C                     	;# 
  1371     031C                     	;# 
  1372     031D                     	;# 
  1373     031E                     	;# 
  1374     0394                     	;# 
  1375     0395                     	;# 
  1376     0396                     	;# 
  1377     0415                     	;# 
  1378     0416                     	;# 
  1379     0417                     	;# 
  1380     041C                     	;# 
  1381     041D                     	;# 
  1382     041E                     	;# 
  1383     0791                     	;# 
  1384     0792                     	;# 
  1385     0793                     	;# 
  1386     0794                     	;# 
  1387     0795                     	;# 
  1388     0798                     	;# 
  1389     0799                     	;# 
  1390     07A0                     	;# 
  1391     07A1                     	;# 
  1392     07A3                     	;# 
  1393     07A4                     	;# 
  1394     07A6                     	;# 
  1395     07A7                     	;# 
  1396     07A9                     	;# 
  1397     07AA                     	;# 
  1398     0FE4                     	;# 
  1399     0FE5                     	;# 
  1400     0FE6                     	;# 
  1401     0FE7                     	;# 
  1402     0FE8                     	;# 
  1403     0FE9                     	;# 
  1404     0FEA                     	;# 
  1405     0FEB                     	;# 
  1406     0FED                     	;# 
  1407     0FEE                     	;# 
  1408     0FEF                     	;# 
  1409     0000                     	;# 
  1410     0001                     	;# 
  1411     0002                     	;# 
  1412     0003                     	;# 
  1413     0004                     	;# 
  1414     0005                     	;# 
  1415     0006                     	;# 
  1416     0007                     	;# 
  1417     0008                     	;# 
  1418     0009                     	;# 
  1419     000A                     	;# 
  1420     000B                     	;# 
  1421     000C                     	;# 
  1422     000D                     	;# 
  1423     000E                     	;# 
  1424     0010                     	;# 
  1425     0011                     	;# 
  1426     0012                     	;# 
  1427     0013                     	;# 
  1428     0015                     	;# 
  1429     0016                     	;# 
  1430     0016                     	;# 
  1431     0017                     	;# 
  1432     0018                     	;# 
  1433     0019                     	;# 
  1434     001A                     	;# 
  1435     001B                     	;# 
  1436     001C                     	;# 
  1437     001E                     	;# 
  1438     001F                     	;# 
  1439     008C                     	;# 
  1440     008D                     	;# 
  1441     008E                     	;# 
  1442     0090                     	;# 
  1443     0091                     	;# 
  1444     0092                     	;# 
  1445     0093                     	;# 
  1446     0095                     	;# 
  1447     0096                     	;# 
  1448     0097                     	;# 
  1449     0098                     	;# 
  1450     0099                     	;# 
  1451     009A                     	;# 
  1452     009B                     	;# 
  1453     009B                     	;# 
  1454     009C                     	;# 
  1455     009D                     	;# 
  1456     009E                     	;# 
  1457     010C                     	;# 
  1458     010D                     	;# 
  1459     010E                     	;# 
  1460     0110                     	;# 
  1461     0111                     	;# 
  1462     0112                     	;# 
  1463     0113                     	;# 
  1464     0114                     	;# 
  1465     0115                     	;# 
  1466     0116                     	;# 
  1467     0117                     	;# 
  1468     0118                     	;# 
  1469     0119                     	;# 
  1470     011A                     	;# 
  1471     011B                     	;# 
  1472     011D                     	;# 
  1473     018C                     	;# 
  1474     018D                     	;# 
  1475     0191                     	;# 
  1476     0191                     	;# 
  1477     0192                     	;# 
  1478     0193                     	;# 
  1479     0193                     	;# 
  1480     0193                     	;# 
  1481     0194                     	;# 
  1482     0195                     	;# 
  1483     0196                     	;# 
  1484     0199                     	;# 
  1485     019A                     	;# 
  1486     019B                     	;# 
  1487     019B                     	;# 
  1488     019B                     	;# 
  1489     019B                     	;# 
  1490     019C                     	;# 
  1491     019C                     	;# 
  1492     019D                     	;# 
  1493     019E                     	;# 
  1494     019F                     	;# 
  1495     020D                     	;# 
  1496     0210                     	;# 
  1497     0211                     	;# 
  1498     0212                     	;# 
  1499     0213                     	;# 
  1500     0214                     	;# 
  1501     0215                     	;# 
  1502     0215                     	;# 
  1503     0216                     	;# 
  1504     0217                     	;# 
  1505     0291                     	;# 
  1506     0291                     	;# 
  1507     0292                     	;# 
  1508     0293                     	;# 
  1509     0294                     	;# 
  1510     0295                     	;# 
  1511     0295                     	;# 
  1512     0296                     	;# 
  1513     0298                     	;# 
  1514     0298                     	;# 
  1515     0299                     	;# 
  1516     029A                     	;# 
  1517     029B                     	;# 
  1518     029C                     	;# 
  1519     029C                     	;# 
  1520     029D                     	;# 
  1521     029E                     	;# 
  1522     029F                     	;# 
  1523     0311                     	;# 
  1524     0311                     	;# 
  1525     0312                     	;# 
  1526     0313                     	;# 
  1527     0314                     	;# 
  1528     0315                     	;# 
  1529     0315                     	;# 
  1530     0316                     	;# 
  1531     0318                     	;# 
  1532     0318                     	;# 
  1533     0319                     	;# 
  1534     031A                     	;# 
  1535     031C                     	;# 
  1536     031C                     	;# 
  1537     031D                     	;# 
  1538     031E                     	;# 
  1539     0394                     	;# 
  1540     0395                     	;# 
  1541     0396                     	;# 
  1542     0415                     	;# 
  1543     0416                     	;# 
  1544     0417                     	;# 
  1545     041C                     	;# 
  1546     041D                     	;# 
  1547     041E                     	;# 
  1548     0791                     	;# 
  1549     0792                     	;# 
  1550     0793                     	;# 
  1551     0794                     	;# 
  1552     0795                     	;# 
  1553     0798                     	;# 
  1554     0799                     	;# 
  1555     07A0                     	;# 
  1556     07A1                     	;# 
  1557     07A3                     	;# 
  1558     07A4                     	;# 
  1559     07A6                     	;# 
  1560     07A7                     	;# 
  1561     07A9                     	;# 
  1562     07AA                     	;# 
  1563     0FE4                     	;# 
  1564     0FE5                     	;# 
  1565     0FE6                     	;# 
  1566     0FE7                     	;# 
  1567     0FE8                     	;# 
  1568     0FE9                     	;# 
  1569     0FEA                     	;# 
  1570     0FEB                     	;# 
  1571     0FED                     	;# 
  1572     0FEE                     	;# 
  1573     0FEF                     	;# 
  1574     0000                     	;# 
  1575     0001                     	;# 
  1576     0002                     	;# 
  1577     0003                     	;# 
  1578     0004                     	;# 
  1579     0005                     	;# 
  1580     0006                     	;# 
  1581     0007                     	;# 
  1582     0008                     	;# 
  1583     0009                     	;# 
  1584     000A                     	;# 
  1585     000B                     	;# 
  1586     000C                     	;# 
  1587     000D                     	;# 
  1588     000E                     	;# 
  1589     0010                     	;# 
  1590     0011                     	;# 
  1591     0012                     	;# 
  1592     0013                     	;# 
  1593     0015                     	;# 
  1594     0016                     	;# 
  1595     0016                     	;# 
  1596     0017                     	;# 
  1597     0018                     	;# 
  1598     0019                     	;# 
  1599     001A                     	;# 
  1600     001B                     	;# 
  1601     001C                     	;# 
  1602     001E                     	;# 
  1603     001F                     	;# 
  1604     008C                     	;# 
  1605     008D                     	;# 
  1606     008E                     	;# 
  1607     0090                     	;# 
  1608     0091                     	;# 
  1609     0092                     	;# 
  1610     0093                     	;# 
  1611     0095                     	;# 
  1612     0096                     	;# 
  1613     0097                     	;# 
  1614     0098                     	;# 
  1615     0099                     	;# 
  1616     009A                     	;# 
  1617     009B                     	;# 
  1618     009B                     	;# 
  1619     009C                     	;# 
  1620     009D                     	;# 
  1621     009E                     	;# 
  1622     010C                     	;# 
  1623     010D                     	;# 
  1624     010E                     	;# 
  1625     0110                     	;# 
  1626     0111                     	;# 
  1627     0112                     	;# 
  1628     0113                     	;# 
  1629     0114                     	;# 
  1630     0115                     	;# 
  1631     0116                     	;# 
  1632     0117                     	;# 
  1633     0118                     	;# 
  1634     0119                     	;# 
  1635     011A                     	;# 
  1636     011B                     	;# 
  1637     011D                     	;# 
  1638     018C                     	;# 
  1639     018D                     	;# 
  1640     0191                     	;# 
  1641     0191                     	;# 
  1642     0192                     	;# 
  1643     0193                     	;# 
  1644     0193                     	;# 
  1645     0193                     	;# 
  1646     0194                     	;# 
  1647     0195                     	;# 
  1648     0196                     	;# 
  1649     0199                     	;# 
  1650     019A                     	;# 
  1651     019B                     	;# 
  1652     019B                     	;# 
  1653     019B                     	;# 
  1654     019B                     	;# 
  1655     019C                     	;# 
  1656     019C                     	;# 
  1657     019D                     	;# 
  1658     019E                     	;# 
  1659     019F                     	;# 
  1660     020D                     	;# 
  1661     0210                     	;# 
  1662     0211                     	;# 
  1663     0212                     	;# 
  1664     0213                     	;# 
  1665     0214                     	;# 
  1666     0215                     	;# 
  1667     0215                     	;# 
  1668     0216                     	;# 
  1669     0217                     	;# 
  1670     0291                     	;# 
  1671     0291                     	;# 
  1672     0292                     	;# 
  1673     0293                     	;# 
  1674     0294                     	;# 
  1675     0295                     	;# 
  1676     0295                     	;# 
  1677     0296                     	;# 
  1678     0298                     	;# 
  1679     0298                     	;# 
  1680     0299                     	;# 
  1681     029A                     	;# 
  1682     029B                     	;# 
  1683     029C                     	;# 
  1684     029C                     	;# 
  1685     029D                     	;# 
  1686     029E                     	;# 
  1687     029F                     	;# 
  1688     0311                     	;# 
  1689     0311                     	;# 
  1690     0312                     	;# 
  1691     0313                     	;# 
  1692     0314                     	;# 
  1693     0315                     	;# 
  1694     0315                     	;# 
  1695     0316                     	;# 
  1696     0318                     	;# 
  1697     0318                     	;# 
  1698     0319                     	;# 
  1699     031A                     	;# 
  1700     031C                     	;# 
  1701     031C                     	;# 
  1702     031D                     	;# 
  1703     031E                     	;# 
  1704     0394                     	;# 
  1705     0395                     	;# 
  1706     0396                     	;# 
  1707     0415                     	;# 
  1708     0416                     	;# 
  1709     0417                     	;# 
  1710     041C                     	;# 
  1711     041D                     	;# 
  1712     041E                     	;# 
  1713     0791                     	;# 
  1714     0792                     	;# 
  1715     0793                     	;# 
  1716     0794                     	;# 
  1717     0795                     	;# 
  1718     0798                     	;# 
  1719     0799                     	;# 
  1720     07A0                     	;# 
  1721     07A1                     	;# 
  1722     07A3                     	;# 
  1723     07A4                     	;# 
  1724     07A6                     	;# 
  1725     07A7                     	;# 
  1726     07A9                     	;# 
  1727     07AA                     	;# 
  1728     0FE4                     	;# 
  1729     0FE5                     	;# 
  1730     0FE6                     	;# 
  1731     0FE7                     	;# 
  1732     0FE8                     	;# 
  1733     0FE9                     	;# 
  1734     0FEA                     	;# 
  1735     0FEB                     	;# 
  1736     0FED                     	;# 
  1737     0FEE                     	;# 
  1738     0FEF                     	;# 
  1739     0000                     	;# 
  1740     0001                     	;# 
  1741     0002                     	;# 
  1742     0003                     	;# 
  1743     0004                     	;# 
  1744     0005                     	;# 
  1745     0006                     	;# 
  1746     0007                     	;# 
  1747     0008                     	;# 
  1748     0009                     	;# 
  1749     000A                     	;# 
  1750     000B                     	;# 
  1751     000C                     	;# 
  1752     000D                     	;# 
  1753     000E                     	;# 
  1754     0010                     	;# 
  1755     0011                     	;# 
  1756     0012                     	;# 
  1757     0013                     	;# 
  1758     0015                     	;# 
  1759     0016                     	;# 
  1760     0016                     	;# 
  1761     0017                     	;# 
  1762     0018                     	;# 
  1763     0019                     	;# 
  1764     001A                     	;# 
  1765     001B                     	;# 
  1766     001C                     	;# 
  1767     001E                     	;# 
  1768     001F                     	;# 
  1769     008C                     	;# 
  1770     008D                     	;# 
  1771     008E                     	;# 
  1772     0090                     	;# 
  1773     0091                     	;# 
  1774     0092                     	;# 
  1775     0093                     	;# 
  1776     0095                     	;# 
  1777     0096                     	;# 
  1778     0097                     	;# 
  1779     0098                     	;# 
  1780     0099                     	;# 
  1781     009A                     	;# 
  1782     009B                     	;# 
  1783     009B                     	;# 
  1784     009C                     	;# 
  1785     009D                     	;# 
  1786     009E                     	;# 
  1787     010C                     	;# 
  1788     010D                     	;# 
  1789     010E                     	;# 
  1790     0110                     	;# 
  1791     0111                     	;# 
  1792     0112                     	;# 
  1793     0113                     	;# 
  1794     0114                     	;# 
  1795     0115                     	;# 
  1796     0116                     	;# 
  1797     0117                     	;# 
  1798     0118                     	;# 
  1799     0119                     	;# 
  1800     011A                     	;# 
  1801     011B                     	;# 
  1802     011D                     	;# 
  1803     018C                     	;# 
  1804     018D                     	;# 
  1805     0191                     	;# 
  1806     0191                     	;# 
  1807     0192                     	;# 
  1808     0193                     	;# 
  1809     0193                     	;# 
  1810     0193                     	;# 
  1811     0194                     	;# 
  1812     0195                     	;# 
  1813     0196                     	;# 
  1814     0199                     	;# 
  1815     019A                     	;# 
  1816     019B                     	;# 
  1817     019B                     	;# 
  1818     019B                     	;# 
  1819     019B                     	;# 
  1820     019C                     	;# 
  1821     019C                     	;# 
  1822     019D                     	;# 
  1823     019E                     	;# 
  1824     019F                     	;# 
  1825     020D                     	;# 
  1826     0210                     	;# 
  1827     0211                     	;# 
  1828     0212                     	;# 
  1829     0213                     	;# 
  1830     0214                     	;# 
  1831     0215                     	;# 
  1832     0215                     	;# 
  1833     0216                     	;# 
  1834     0217                     	;# 
  1835     0291                     	;# 
  1836     0291                     	;# 
  1837     0292                     	;# 
  1838     0293                     	;# 
  1839     0294                     	;# 
  1840     0295                     	;# 
  1841     0295                     	;# 
  1842     0296                     	;# 
  1843     0298                     	;# 
  1844     0298                     	;# 
  1845     0299                     	;# 
  1846     029A                     	;# 
  1847     029B                     	;# 
  1848     029C                     	;# 
  1849     029C                     	;# 
  1850     029D                     	;# 
  1851     029E                     	;# 
  1852     029F                     	;# 
  1853     0311                     	;# 
  1854     0311                     	;# 
  1855     0312                     	;# 
  1856     0313                     	;# 
  1857     0314                     	;# 
  1858     0315                     	;# 
  1859     0315                     	;# 
  1860     0316                     	;# 
  1861     0318                     	;# 
  1862     0318                     	;# 
  1863     0319                     	;# 
  1864     031A                     	;# 
  1865     031C                     	;# 
  1866     031C                     	;# 
  1867     031D                     	;# 
  1868     031E                     	;# 
  1869     0394                     	;# 
  1870     0395                     	;# 
  1871     0396                     	;# 
  1872     0415                     	;# 
  1873     0416                     	;# 
  1874     0417                     	;# 
  1875     041C                     	;# 
  1876     041D                     	;# 
  1877     041E                     	;# 
  1878     0791                     	;# 
  1879     0792                     	;# 
  1880     0793                     	;# 
  1881     0794                     	;# 
  1882     0795                     	;# 
  1883     0798                     	;# 
  1884     0799                     	;# 
  1885     07A0                     	;# 
  1886     07A1                     	;# 
  1887     07A3                     	;# 
  1888     07A4                     	;# 
  1889     07A6                     	;# 
  1890     07A7                     	;# 
  1891     07A9                     	;# 
  1892     07AA                     	;# 
  1893     0FE4                     	;# 
  1894     0FE5                     	;# 
  1895     0FE6                     	;# 
  1896     0FE7                     	;# 
  1897     0FE8                     	;# 
  1898     0FE9                     	;# 
  1899     0FEA                     	;# 
  1900     0FEB                     	;# 
  1901     0FED                     	;# 
  1902     0FEE                     	;# 
  1903     0FEF                     	;# 
  1904     0000                     	;# 
  1905     0001                     	;# 
  1906     0002                     	;# 
  1907     0003                     	;# 
  1908     0004                     	;# 
  1909     0005                     	;# 
  1910     0006                     	;# 
  1911     0007                     	;# 
  1912     0008                     	;# 
  1913     0009                     	;# 
  1914     000A                     	;# 
  1915     000B                     	;# 
  1916     000C                     	;# 
  1917     000D                     	;# 
  1918     000E                     	;# 
  1919     0010                     	;# 
  1920     0011                     	;# 
  1921     0012                     	;# 
  1922     0013                     	;# 
  1923     0015                     	;# 
  1924     0016                     	;# 
  1925     0016                     	;# 
  1926     0017                     	;# 
  1927     0018                     	;# 
  1928     0019                     	;# 
  1929     001A                     	;# 
  1930     001B                     	;# 
  1931     001C                     	;# 
  1932     001E                     	;# 
  1933     001F                     	;# 
  1934     008C                     	;# 
  1935     008D                     	;# 
  1936     008E                     	;# 
  1937     0090                     	;# 
  1938     0091                     	;# 
  1939     0092                     	;# 
  1940     0093                     	;# 
  1941     0095                     	;# 
  1942     0096                     	;# 
  1943     0097                     	;# 
  1944     0098                     	;# 
  1945     0099                     	;# 
  1946     009A                     	;# 
  1947     009B                     	;# 
  1948     009B                     	;# 
  1949     009C                     	;# 
  1950     009D                     	;# 
  1951     009E                     	;# 
  1952     010C                     	;# 
  1953     010D                     	;# 
  1954     010E                     	;# 
  1955     0110                     	;# 
  1956     0111                     	;# 
  1957     0112                     	;# 
  1958     0113                     	;# 
  1959     0114                     	;# 
  1960     0115                     	;# 
  1961     0116                     	;# 
  1962     0117                     	;# 
  1963     0118                     	;# 
  1964     0119                     	;# 
  1965     011A                     	;# 
  1966     011B                     	;# 
  1967     011D                     	;# 
  1968     018C                     	;# 
  1969     018D                     	;# 
  1970     0191                     	;# 
  1971     0191                     	;# 
  1972     0192                     	;# 
  1973     0193                     	;# 
  1974     0193                     	;# 
  1975     0193                     	;# 
  1976     0194                     	;# 
  1977     0195                     	;# 
  1978     0196                     	;# 
  1979     0199                     	;# 
  1980     019A                     	;# 
  1981     019B                     	;# 
  1982     019B                     	;# 
  1983     019B                     	;# 
  1984     019B                     	;# 
  1985     019C                     	;# 
  1986     019C                     	;# 
  1987     019D                     	;# 
  1988     019E                     	;# 
  1989     019F                     	;# 
  1990     020D                     	;# 
  1991     0210                     	;# 
  1992     0211                     	;# 
  1993     0212                     	;# 
  1994     0213                     	;# 
  1995     0214                     	;# 
  1996     0215                     	;# 
  1997     0215                     	;# 
  1998     0216                     	;# 
  1999     0217                     	;# 
  2000     0291                     	;# 
  2001     0291                     	;# 
  2002     0292                     	;# 
  2003     0293                     	;# 
  2004     0294                     	;# 
  2005     0295                     	;# 
  2006     0295                     	;# 
  2007     0296                     	;# 
  2008     0298                     	;# 
  2009     0298                     	;# 
  2010     0299                     	;# 
  2011     029A                     	;# 
  2012     029B                     	;# 
  2013     029C                     	;# 
  2014     029C                     	;# 
  2015     029D                     	;# 
  2016     029E                     	;# 
  2017     029F                     	;# 
  2018     0311                     	;# 
  2019     0311                     	;# 
  2020     0312                     	;# 
  2021     0313                     	;# 
  2022     0314                     	;# 
  2023     0315                     	;# 
  2024     0315                     	;# 
  2025     0316                     	;# 
  2026     0318                     	;# 
  2027     0318                     	;# 
  2028     0319                     	;# 
  2029     031A                     	;# 
  2030     031C                     	;# 
  2031     031C                     	;# 
  2032     031D                     	;# 
  2033     031E                     	;# 
  2034     0394                     	;# 
  2035     0395                     	;# 
  2036     0396                     	;# 
  2037     0415                     	;# 
  2038     0416                     	;# 
  2039     0417                     	;# 
  2040     041C                     	;# 
  2041     041D                     	;# 
  2042     041E                     	;# 
  2043     0791                     	;# 
  2044     0792                     	;# 
  2045     0793                     	;# 
  2046     0794                     	;# 
  2047     0795                     	;# 
  2048     0798                     	;# 
  2049     0799                     	;# 
  2050     07A0                     	;# 
  2051     07A1                     	;# 
  2052     07A3                     	;# 
  2053     07A4                     	;# 
  2054     07A6                     	;# 
  2055     07A7                     	;# 
  2056     07A9                     	;# 
  2057     07AA                     	;# 
  2058     0FE4                     	;# 
  2059     0FE5                     	;# 
  2060     0FE6                     	;# 
  2061     0FE7                     	;# 
  2062     0FE8                     	;# 
  2063     0FE9                     	;# 
  2064     0FEA                     	;# 
  2065     0FEB                     	;# 
  2066     0FED                     	;# 
  2067     0FEE                     	;# 
  2068     0FEF                     	;# 
  2069     0000                     	;# 
  2070     0001                     	;# 
  2071     0002                     	;# 
  2072     0003                     	;# 
  2073     0004                     	;# 
  2074     0005                     	;# 
  2075     0006                     	;# 
  2076     0007                     	;# 
  2077     0008                     	;# 
  2078     0009                     	;# 
  2079     000A                     	;# 
  2080     000B                     	;# 
  2081     000C                     	;# 
  2082     000D                     	;# 
  2083     000E                     	;# 
  2084     0010                     	;# 
  2085     0011                     	;# 
  2086     0012                     	;# 
  2087     0013                     	;# 
  2088     0015                     	;# 
  2089     0016                     	;# 
  2090     0016                     	;# 
  2091     0017                     	;# 
  2092     0018                     	;# 
  2093     0019                     	;# 
  2094     001A                     	;# 
  2095     001B                     	;# 
  2096     001C                     	;# 
  2097     001E                     	;# 
  2098     001F                     	;# 
  2099     008C                     	;# 
  2100     008D                     	;# 
  2101     008E                     	;# 
  2102     0090                     	;# 
  2103     0091                     	;# 
  2104     0092                     	;# 
  2105     0093                     	;# 
  2106     0095                     	;# 
  2107     0096                     	;# 
  2108     0097                     	;# 
  2109     0098                     	;# 
  2110     0099                     	;# 
  2111     009A                     	;# 
  2112     009B                     	;# 
  2113     009B                     	;# 
  2114     009C                     	;# 
  2115     009D                     	;# 
  2116     009E                     	;# 
  2117     010C                     	;# 
  2118     010D                     	;# 
  2119     010E                     	;# 
  2120     0110                     	;# 
  2121     0111                     	;# 
  2122     0112                     	;# 
  2123     0113                     	;# 
  2124     0114                     	;# 
  2125     0115                     	;# 
  2126     0116                     	;# 
  2127     0117                     	;# 
  2128     0118                     	;# 
  2129     0119                     	;# 
  2130     011A                     	;# 
  2131     011B                     	;# 
  2132     011D                     	;# 
  2133     018C                     	;# 
  2134     018D                     	;# 
  2135     0191                     	;# 
  2136     0191                     	;# 
  2137     0192                     	;# 
  2138     0193                     	;# 
  2139     0193                     	;# 
  2140     0193                     	;# 
  2141     0194                     	;# 
  2142     0195                     	;# 
  2143     0196                     	;# 
  2144     0199                     	;# 
  2145     019A                     	;# 
  2146     019B                     	;# 
  2147     019B                     	;# 
  2148     019B                     	;# 
  2149     019B                     	;# 
  2150     019C                     	;# 
  2151     019C                     	;# 
  2152     019D                     	;# 
  2153     019E                     	;# 
  2154     019F                     	;# 
  2155     020D                     	;# 
  2156     0210                     	;# 
  2157     0211                     	;# 
  2158     0212                     	;# 
  2159     0213                     	;# 
  2160     0214                     	;# 
  2161     0215                     	;# 
  2162     0215                     	;# 
  2163     0216                     	;# 
  2164     0217                     	;# 
  2165     0291                     	;# 
  2166     0291                     	;# 
  2167     0292                     	;# 
  2168     0293                     	;# 
  2169     0294                     	;# 
  2170     0295                     	;# 
  2171     0295                     	;# 
  2172     0296                     	;# 
  2173     0298                     	;# 
  2174     0298                     	;# 
  2175     0299                     	;# 
  2176     029A                     	;# 
  2177     029B                     	;# 
  2178     029C                     	;# 
  2179     029C                     	;# 
  2180     029D                     	;# 
  2181     029E                     	;# 
  2182     029F                     	;# 
  2183     0311                     	;# 
  2184     0311                     	;# 
  2185     0312                     	;# 
  2186     0313                     	;# 
  2187     0314                     	;# 
  2188     0315                     	;# 
  2189     0315                     	;# 
  2190     0316                     	;# 
  2191     0318                     	;# 
  2192     0318                     	;# 
  2193     0319                     	;# 
  2194     031A                     	;# 
  2195     031C                     	;# 
  2196     031C                     	;# 
  2197     031D                     	;# 
  2198     031E                     	;# 
  2199     0394                     	;# 
  2200     0395                     	;# 
  2201     0396                     	;# 
  2202     0415                     	;# 
  2203     0416                     	;# 
  2204     0417                     	;# 
  2205     041C                     	;# 
  2206     041D                     	;# 
  2207     041E                     	;# 
  2208     0791                     	;# 
  2209     0792                     	;# 
  2210     0793                     	;# 
  2211     0794                     	;# 
  2212     0795                     	;# 
  2213     0798                     	;# 
  2214     0799                     	;# 
  2215     07A0                     	;# 
  2216     07A1                     	;# 
  2217     07A3                     	;# 
  2218     07A4                     	;# 
  2219     07A6                     	;# 
  2220     07A7                     	;# 
  2221     07A9                     	;# 
  2222     07AA                     	;# 
  2223     0FE4                     	;# 
  2224     0FE5                     	;# 
  2225     0FE6                     	;# 
  2226     0FE7                     	;# 
  2227     0FE8                     	;# 
  2228     0FE9                     	;# 
  2229     0FEA                     	;# 
  2230     0FEB                     	;# 
  2231     0FED                     	;# 
  2232     0FEE                     	;# 
  2233     0FEF                     	;# 
  2234     001C                     _T2CON	set	28
  2235     0011                     _PIR1bits	set	17
  2236     001A                     _TMR2	set	26
  2237     001B                     _PR2	set	27
  2238     000C                     _PORTAbits	set	12
  2239     000E                     _PORTCbits	set	14
  2240     000D                     _PORTBbits	set	13
  2241     0013                     _PIR3bits	set	19
  2242     0089                     _TMR2IF	set	137
  2243     0095                     _OPTION_REGbits	set	149
  2244     008E                     _TRISC	set	142
  2245     008D                     _TRISB	set	141
  2246     008C                     _TRISA	set	140
  2247     0090                     _TRISE	set	144
  2248     0097                     _WDTCON	set	151
  2249     0098                     _OSCTUNE	set	152
  2250     0099                     _OSCCON	set	153
  2251     04D6                     _PLLR	set	1238
  2252     011D                     _APFCON	set	285
  2253     010E                     _LATC	set	270
  2254     010D                     _LATB	set	269
  2255     010C                     _LATA	set	268
  2256     0110                     _LATE	set	272
  2257     0116                     _BORCON	set	278
  2258     010C                     _LATAbits	set	268
  2259     010D                     _LATBbits	set	269
  2260     010E                     _LATCbits	set	270
  2261     018C                     _ANSELA	set	396
  2262     018D                     _ANSELB	set	397
  2263     020D                     _WPUB	set	525
  2264     0210                     _WPUE	set	528
  2265     029F                     _CCPTMRS1bits	set	671
  2266     031D                     _CCPR5H	set	797
  2267     031E                     _CCP5CON	set	798
  2268     031C                     _CCPR5L	set	796
  2269     041E                     _T6CON	set	1054
  2270     0417                     _T4CONbits	set	1047
  2271     0417                     _T4CON	set	1047
  2272     0415                     _TMR4	set	1045
  2273     0416                     _PR4	set	1046
  2274     041D                     _PR6	set	1053
  2275     041C                     _TMR6	set	1052
  2276                           
  2277                           	psect	cinit
  2278     07F5                     start_initialization:	
  2279                           ; #config settings
  2280                           
  2281     07F5                     __initialization:
  2282                           
  2283                           ; Clear objects allocated to BANK0
  2284     07F5  3020               	movlw	low __pbssBANK0
  2285     07F6  0084               	movwf	4
  2286     07F7  3000               	movlw	high __pbssBANK0
  2287     07F8  0085               	movwf	5
  2288     07F9  3015               	movlw	21
  2289     07FA  3182  2230  3187   	fcall	clear_ram0
  2290     07FD                     end_of_initialization:	
  2291                           ;End of C runtime variable initialization code
  2292                           
  2293     07FD                     __end_of__initialization:
  2294     07FD  0020               	movlb	0
  2295     07FE  3182  2A7F         	ljmp	_main	;jump to C main() function
  2296                           
  2297                           	psect	bssBANK0
  2298     0020                     __pbssBANK0:
  2299     0020                     _T1MS_cnt:
  2300     0020                     	ds	2
  2301     0022                     _i:
  2302     0022                     	ds	2
  2303     0024                     _T1MS_disable_cnt:
  2304     0024                     	ds	2
  2305     0026                     Timer4@TRB:
  2306     0026                     	ds	1
  2307     0027                     Timer4@T1ms_cnt:
  2308     0027                     	ds	1
  2309     0028                     _mode:
  2310     0028                     	ds	1
  2311     0029                     _T250MS_cnt:
  2312     0029                     	ds	1
  2313     002A                     _T5MS_cnt:
  2314     002A                     	ds	1
  2315     002B                     _T100us_cnt1:
  2316     002B                     	ds	1
  2317     002C                     _T100us_cnt:
  2318     002C                     	ds	1
  2319     002D                     _fDRL:
  2320     002D                     	ds	1
  2321     002E                     _fPOS:
  2322     002E                     	ds	1
  2323     002F                     _fACC:
  2324     002F                     	ds	1
  2325     0030                     _ORB:
  2326     0030                     	ds	1
  2327     0031                     _fWelcome:
  2328     0031                     	ds	1
  2329     0032                     _fHiBeam:
  2330     0032                     	ds	1
  2331     0033                     _fLoBeam:
  2332     0033                     	ds	1
  2333     0034                     _fTurn:
  2334     0034                     	ds	1
  2335                           
  2336                           	psect	clrtext
  2337     0230                     clear_ram0:	
  2338                           ;	Called with FSR0 containing the base address, and
  2339                           ;	WREG with the size to clear
  2340                           
  2341     0230  0064               	clrwdt	;clear the watchdog before getting into this loop
  2342     0231                     clrloop0:
  2343     0231  0180               	clrf	0	;clear RAM location pointed to by FSR
  2344     0232  3101               	addfsr 0,1
  2345     0233  0B89               	decfsz	9,f	;Have we reached the end of clearing yet?
  2346     0234  2A31               	goto	clrloop0	;have we reached the end yet?
  2347     0235  3400               	retlw	0	;all done for this memory range, return
  2348                           
  2349                           	psect	cstackCOMMON
  2350     0070                     __pcstackCOMMON:
  2351     0070                     ?_LED_SET_Gradually_ON:
  2352     0070                     ?_WelcomeLight:	
  2353                           ; 1 bytes @ 0x0
  2354                           
  2355     0070                     ?_TrunLight:	
  2356                           ; 1 bytes @ 0x0
  2357                           
  2358     0070                     ?_TMR4_StartTimer:	
  2359                           ; 1 bytes @ 0x0
  2360                           
  2361     0070                     ??_TMR4_StartTimer:	
  2362                           ; 1 bytes @ 0x0
  2363                           
  2364     0070                     ?_TMR4_StopTimer:	
  2365                           ; 1 bytes @ 0x0
  2366                           
  2367     0070                     ??_TMR4_StopTimer:	
  2368                           ; 1 bytes @ 0x0
  2369                           
  2370     0070                     ?_TMR4_ReadTimer:	
  2371                           ; 1 bytes @ 0x0
  2372                           
  2373     0070                     ??_TMR4_ReadTimer:	
  2374                           ; 1 bytes @ 0x0
  2375                           
  2376     0070                     ?_TMR4_WriteTimer:	
  2377                           ; 1 bytes @ 0x0
  2378                           
  2379     0070                     ??_TMR4_WriteTimer:	
  2380                           ; 1 bytes @ 0x0
  2381                           
  2382     0070                     ?_TMR4_LoadPeriodRegister:	
  2383                           ; 1 bytes @ 0x0
  2384                           
  2385     0070                     ??_TMR4_LoadPeriodRegister:	
  2386                           ; 1 bytes @ 0x0
  2387                           
  2388     0070                     ?_TMR4_HasOverflowOccured:	
  2389                           ; 1 bytes @ 0x0
  2390                           
  2391     0070                     ??_TMR4_HasOverflowOccured:	
  2392                           ; 1 bytes @ 0x0
  2393                           
  2394     0070                     ?_PIN_MANAGER_IOC:	
  2395                           ; 1 bytes @ 0x0
  2396                           
  2397     0070                     ??_PIN_MANAGER_IOC:	
  2398                           ; 1 bytes @ 0x0
  2399                           
  2400     0070                     ?_Timer_TESTMODE:	
  2401                           ; 1 bytes @ 0x0
  2402                           
  2403     0070                     ??_Timer_TESTMODE:	
  2404                           ; 1 bytes @ 0x0
  2405                           
  2406     0070                     ?_Streamer_SEG1_TEST:	
  2407                           ; 1 bytes @ 0x0
  2408                           
  2409     0070                     ?_Streamer_SEG2_TEST:	
  2410                           ; 1 bytes @ 0x0
  2411                           
  2412     0070                     ?_LED_OFF:	
  2413                           ; 1 bytes @ 0x0
  2414                           
  2415     0070                     ?_Timer:	
  2416                           ; 1 bytes @ 0x0
  2417                           
  2418     0070                     ??_Timer:	
  2419                           ; 1 bytes @ 0x0
  2420                           
  2421     0070                     ?_Timer4:	
  2422                           ; 1 bytes @ 0x0
  2423                           
  2424     0070                     ??_Timer4:	
  2425                           ; 1 bytes @ 0x0
  2426                           
  2427     0070                     ?_LoBeam_ON:	
  2428                           ; 1 bytes @ 0x0
  2429                           
  2430     0070                     ??_LoBeam_ON:	
  2431                           ; 1 bytes @ 0x0
  2432                           
  2433     0070                     ?_LoBeam_OFF:	
  2434                           ; 1 bytes @ 0x0
  2435                           
  2436     0070                     ??_LoBeam_OFF:	
  2437                           ; 1 bytes @ 0x0
  2438                           
  2439     0070                     ?_HiBeam_ON:	
  2440                           ; 1 bytes @ 0x0
  2441                           
  2442     0070                     ??_HiBeam_ON:	
  2443                           ; 1 bytes @ 0x0
  2444                           
  2445     0070                     ?_HiBeam_OFF:	
  2446                           ; 1 bytes @ 0x0
  2447                           
  2448     0070                     ??_HiBeam_OFF:	
  2449                           ; 1 bytes @ 0x0
  2450                           
  2451     0070                     ?_CheckGPIO:	
  2452                           ; 1 bytes @ 0x0
  2453                           
  2454     0070                     ??_CheckGPIO:	
  2455                           ; 1 bytes @ 0x0
  2456                           
  2457     0070                     ?_DRL_Light:	
  2458                           ; 1 bytes @ 0x0
  2459                           
  2460     0070                     ?_POS_Light:	
  2461                           ; 1 bytes @ 0x0
  2462                           
  2463     0070                     ?_SYSTEM_Initialize:	
  2464                           ; 1 bytes @ 0x0
  2465                           
  2466     0070                     ??_SYSTEM_Initialize:	
  2467                           ; 1 bytes @ 0x0
  2468                           
  2469     0070                     ?_PIN_MANAGER_Initialize:	
  2470                           ; 1 bytes @ 0x0
  2471                           
  2472     0070                     ??_PIN_MANAGER_Initialize:	
  2473                           ; 1 bytes @ 0x0
  2474                           
  2475     0070                     ?_OSCILLATOR_Initialize:	
  2476                           ; 1 bytes @ 0x0
  2477                           
  2478     0070                     ??_OSCILLATOR_Initialize:	
  2479                           ; 1 bytes @ 0x0
  2480                           
  2481     0070                     ?_WDT_Initialize:	
  2482                           ; 1 bytes @ 0x0
  2483                           
  2484     0070                     ??_WDT_Initialize:	
  2485                           ; 1 bytes @ 0x0
  2486                           
  2487     0070                     ?_TMR6_Initialize:	
  2488                           ; 1 bytes @ 0x0
  2489                           
  2490     0070                     ??_TMR6_Initialize:	
  2491                           ; 1 bytes @ 0x0
  2492                           
  2493     0070                     ?_TMR4_Initialize:	
  2494                           ; 1 bytes @ 0x0
  2495                           
  2496     0070                     ??_TMR4_Initialize:	
  2497                           ; 1 bytes @ 0x0
  2498                           
  2499     0070                     ?_PWM5_Initialize:	
  2500                           ; 1 bytes @ 0x0
  2501                           
  2502     0070                     ??_PWM5_Initialize:	
  2503                           ; 1 bytes @ 0x0
  2504                           
  2505     0070                     ?_TMR2_Initialize:	
  2506                           ; 1 bytes @ 0x0
  2507                           
  2508     0070                     ??_TMR2_Initialize:	
  2509                           ; 1 bytes @ 0x0
  2510                           
  2511     0070                     ?_PWM_SendData:	
  2512                           ; 1 bytes @ 0x0
  2513                           
  2514     0070                     ??_PWM_SendData:	
  2515                           ; 1 bytes @ 0x0
  2516                           
  2517     0070                     ?_Clear_No_Call_Warning:	
  2518                           ; 1 bytes @ 0x0
  2519                           
  2520     0070                     ?_software_Initialize:	
  2521                           ; 1 bytes @ 0x0
  2522                           
  2523     0070                     ?_func_main:	
  2524                           ; 1 bytes @ 0x0
  2525                           
  2526     0070                     ?_LED_ON:	
  2527                           ; 1 bytes @ 0x0
  2528                           
  2529     0070                     ?_Streamer_SEG1_ON:	
  2530                           ; 1 bytes @ 0x0
  2531                           
  2532     0070                     ?_Streamer_SEG1_OFF:	
  2533                           ; 1 bytes @ 0x0
  2534                           
  2535     0070                     ?_Streamer_SEG2_ON:	
  2536                           ; 1 bytes @ 0x0
  2537                           
  2538     0070                     ?_main:	
  2539                           ; 1 bytes @ 0x0
  2540                           
  2541     0070                     PWM_SendData@InputData:	
  2542                           ; 2 bytes @ 0x0
  2543                           
  2544     0070                     WelcomeLight@InputData:	
  2545                           ; 1 bytes @ 0x0
  2546                           
  2547     0070                     TMR4_WriteTimer@timerVal:	
  2548                           ; 1 bytes @ 0x0
  2549                           
  2550     0070                     TMR4_LoadPeriodRegister@periodVal:	
  2551                           ; 1 bytes @ 0x0
  2552                           
  2553     0070                     TMR4_HasOverflowOccured@status:	
  2554                           ; 1 bytes @ 0x0
  2555                           
  2556                           
  2557                           ; 1 bytes @ 0x0
  2558     0070                     	ds	1
  2559     0071                     ?_Delay_ms:
  2560     0071                     PWM_SendData@data:	
  2561                           ; 1 bytes @ 0x1
  2562                           
  2563     0071                     Timer4@temp:	
  2564                           ; 1 bytes @ 0x1
  2565                           
  2566     0071                     Delay_ms@input_ms:	
  2567                           ; 1 bytes @ 0x1
  2568                           
  2569                           
  2570                           ; 2 bytes @ 0x1
  2571     0071                     	ds	1
  2572     0072                     PWM_SendData@bitmask:
  2573                           
  2574                           ; 1 bytes @ 0x2
  2575     0072                     	ds	1
  2576     0073                     ??_Delay_ms:
  2577     0073                     ?_LED_SET:	
  2578                           ; 1 bytes @ 0x3
  2579                           
  2580     0073                     LED_SET@InputData:	
  2581                           ; 1 bytes @ 0x3
  2582                           
  2583     0073                     Delay_ms@ms:	
  2584                           ; 1 bytes @ 0x3
  2585                           
  2586                           
  2587                           ; 2 bytes @ 0x3
  2588     0073                     	ds	1
  2589     0074                     ??_LED_SET:
  2590                           
  2591                           ; 1 bytes @ 0x4
  2592     0074                     	ds	1
  2593     0075                     LED_SET@LED_num:
  2594                           
  2595                           ; 1 bytes @ 0x5
  2596     0075                     	ds	1
  2597     0076                     LED_SET@data:
  2598                           
  2599                           ; 1 bytes @ 0x6
  2600     0076                     	ds	1
  2601     0077                     LED_SET@num:
  2602                           
  2603                           ; 1 bytes @ 0x7
  2604     0077                     	ds	1
  2605     0078                     LED_SET@i:
  2606                           
  2607                           ; 1 bytes @ 0x8
  2608     0078                     	ds	1
  2609     0079                     ??_LED_SET_Gradually_ON:
  2610     0079                     ??_TrunLight:	
  2611                           ; 1 bytes @ 0x9
  2612                           
  2613     0079                     ??_Streamer_SEG1_TEST:	
  2614                           ; 1 bytes @ 0x9
  2615                           
  2616     0079                     ??_Streamer_SEG2_TEST:	
  2617                           ; 1 bytes @ 0x9
  2618                           
  2619     0079                     ??_LED_OFF:	
  2620                           ; 1 bytes @ 0x9
  2621                           
  2622     0079                     ??_LED_ON:	
  2623                           ; 1 bytes @ 0x9
  2624                           
  2625     0079                     ??_Streamer_SEG1_ON:	
  2626                           ; 1 bytes @ 0x9
  2627                           
  2628     0079                     ??_Streamer_SEG1_OFF:	
  2629                           ; 1 bytes @ 0x9
  2630                           
  2631     0079                     ??_Streamer_SEG2_ON:	
  2632                           ; 1 bytes @ 0x9
  2633                           
  2634     0079                     LED_ON@InputData:	
  2635                           ; 1 bytes @ 0x9
  2636                           
  2637                           
  2638                           ; 1 bytes @ 0x9
  2639     0079                     	ds	1
  2640     007A                     LED_ON@data:
  2641     007A                     LED_SET_Gradually_ON@InputData:	
  2642                           ; 1 bytes @ 0xA
  2643                           
  2644     007A                     Streamer_SEG1_ON@InputData:	
  2645                           ; 1 bytes @ 0xA
  2646                           
  2647     007A                     Streamer_SEG1_TEST@InputData:	
  2648                           ; 1 bytes @ 0xA
  2649                           
  2650     007A                     Streamer_SEG1_OFF@InputData:	
  2651                           ; 1 bytes @ 0xA
  2652                           
  2653     007A                     Streamer_SEG2_ON@InputData:	
  2654                           ; 1 bytes @ 0xA
  2655                           
  2656     007A                     Streamer_SEG2_TEST@InputData:	
  2657                           ; 1 bytes @ 0xA
  2658                           
  2659                           
  2660                           ; 1 bytes @ 0xA
  2661     007A                     	ds	1
  2662     007B                     ??_DRL_Light:
  2663     007B                     ??_POS_Light:	
  2664                           ; 1 bytes @ 0xB
  2665                           
  2666     007B                     Streamer_SEG1_ON@data:	
  2667                           ; 1 bytes @ 0xB
  2668                           
  2669     007B                     Streamer_SEG1_TEST@data:	
  2670                           ; 1 bytes @ 0xB
  2671                           
  2672     007B                     Streamer_SEG1_OFF@data:	
  2673                           ; 1 bytes @ 0xB
  2674                           
  2675     007B                     Streamer_SEG2_ON@data:	
  2676                           ; 1 bytes @ 0xB
  2677                           
  2678     007B                     Streamer_SEG2_TEST@data:	
  2679                           ; 1 bytes @ 0xB
  2680                           
  2681     007B                     LED_SET_Gradually_ON@j:	
  2682                           ; 1 bytes @ 0xB
  2683                           
  2684                           
  2685                           ; 2 bytes @ 0xB
  2686     007B                     	ds	1
  2687     007C                     Streamer_SEG1_ON@num:
  2688     007C                     Streamer_SEG1_TEST@num:	
  2689                           ; 1 bytes @ 0xC
  2690                           
  2691     007C                     Streamer_SEG1_OFF@num:	
  2692                           ; 1 bytes @ 0xC
  2693                           
  2694     007C                     Streamer_SEG2_ON@num:	
  2695                           ; 1 bytes @ 0xC
  2696                           
  2697     007C                     Streamer_SEG2_TEST@num:	
  2698                           ; 1 bytes @ 0xC
  2699                           
  2700                           
  2701                           ; 1 bytes @ 0xC
  2702     007C                     	ds	1
  2703     007D                     Streamer_SEG1_ON@j:
  2704     007D                     Streamer_SEG1_TEST@i:	
  2705                           ; 1 bytes @ 0xD
  2706                           
  2707     007D                     Streamer_SEG1_OFF@j:	
  2708                           ; 1 bytes @ 0xD
  2709                           
  2710     007D                     Streamer_SEG2_ON@j:	
  2711                           ; 1 bytes @ 0xD
  2712                           
  2713     007D                     Streamer_SEG2_TEST@i:	
  2714                           ; 1 bytes @ 0xD
  2715                           
  2716                           
  2717                           ; 1 bytes @ 0xD
  2718     007D                     	ds	1
  2719     007E                     ??_WelcomeLight:
  2720     007E                     ??_Clear_No_Call_Warning:	
  2721                           ; 1 bytes @ 0xE
  2722                           
  2723     007E                     ??_software_Initialize:	
  2724                           ; 1 bytes @ 0xE
  2725                           
  2726     007E                     ??_func_main:	
  2727                           ; 1 bytes @ 0xE
  2728                           
  2729     007E                     ??_main:	
  2730                           ; 1 bytes @ 0xE
  2731                           
  2732                           
  2733                           	psect	cstackBANK0
  2734     0035                     __pcstackBANK0:	
  2735                           ; 1 bytes @ 0xE
  2736                           
  2737     0035                     TrunLight@InputData:
  2738                           
  2739                           ; 1 bytes @ 0x0
  2740     0035                     	ds	1
  2741     0036                     TrunLight@j:
  2742                           
  2743                           ; 1 bytes @ 0x1
  2744     0036                     	ds	1
  2745     0037                     TrunLight@data:
  2746                           
  2747                           ; 1 bytes @ 0x2
  2748     0037                     	ds	1
  2749     0038                     TrunLight@seg1_num:
  2750                           
  2751                           ; 1 bytes @ 0x3
  2752     0038                     	ds	1
  2753     0039                     TrunLight@seg2_num:
  2754                           
  2755                           ; 1 bytes @ 0x4
  2756     0039                     	ds	1
  2757                           
  2758                           	psect	maintext
  2759     027F                     __pmaintext:	
  2760 ;;
  2761 ;;Main: autosize = 0, tempsize = 0, incstack = 0, save=0
  2762 ;;
  2763 ;; *************** function _main *****************
  2764 ;; Defined at:
  2765 ;;		line 117 in file "D:\yiming\00work\FR761_V05_test2.X\main.c"
  2766 ;; Parameters:    Size  Location     Type
  2767 ;;		None
  2768 ;; Auto vars:     Size  Location     Type
  2769 ;;		None
  2770 ;; Return value:  Size  Location     Type
  2771 ;;                  2  309[None  ] int 
  2772 ;; Registers used:
  2773 ;;		wreg, status,2, status,0, pclath, cstack
  2774 ;; Tracked objects:
  2775 ;;		On entry : B1F/0
  2776 ;;		On exit  : 0/0
  2777 ;;		Unchanged: 0/0
  2778 ;; Data sizes:     COMMON   BANK0   BANK1   BANK2   BANK3   BANK4   BANK5   BANK6
  2779 ;;      Params:         0       0       0       0       0       0       0       0
  2780 ;;      Locals:         0       0       0       0       0       0       0       0
  2781 ;;      Temps:          0       0       0       0       0       0       0       0
  2782 ;;      Totals:         0       0       0       0       0       0       0       0
  2783 ;;Total ram usage:        0 bytes
  2784 ;; Hardware stack levels required when called: 6
  2785 ;; This function calls:
  2786 ;;		_SYSTEM_Initialize
  2787 ;;		_func_main
  2788 ;;		_software_Initialize
  2789 ;; This function is called by:
  2790 ;;		Startup code after reset
  2791 ;; This function uses a non-reentrant model
  2792 ;;
  2793                           
  2794     027F                     _main:	
  2795                           ;psect for function _main
  2796                           
  2797     027F                     l2460:	
  2798                           ;incstack = 0
  2799                           ; Regs used in _main: [wreg+status,2+status,0+pclath+cstack]
  2800                           
  2801                           
  2802                           ;D:\yiming\00work\FR761_V05_test2.X\main.c: 119:   SYSTEM_Initialize();
  2803     027F  3182  2299  3182   	fcall	_SYSTEM_Initialize
  2804                           
  2805                           ;D:\yiming\00work\FR761_V05_test2.X\main.c: 120:   software_Initialize();
  2806     0282  3182  228B  3182   	fcall	_software_Initialize
  2807     0285                     l310:	
  2808                           ;D:\yiming\00work\FR761_V05_test2.X\main.c: 122:   while (1) {
  2809                           
  2810                           
  2811                           ;D:\yiming\00work\FR761_V05_test2.X\main.c: 123:    func_main();
  2812     0285  3185  25A4  3182   	fcall	_func_main
  2813     0288  2A85               	goto	l310
  2814     0289  3180  2802         	ljmp	start
  2815     028B                     __end_of_main:
  2816                           
  2817                           	psect	text1
  2818     028B                     __ptext1:	
  2819 ;; *************** function _software_Initialize *****************
  2820 ;; Defined at:
  2821 ;;		line 49 in file "D:\yiming\00work\FR761_V05_test2.X\func_main.c"
  2822 ;; Parameters:    Size  Location     Type
  2823 ;;		None
  2824 ;; Auto vars:     Size  Location     Type
  2825 ;;		None
  2826 ;; Return value:  Size  Location     Type
  2827 ;;                  1    wreg      void 
  2828 ;; Registers used:
  2829 ;;		wreg, status,2, status,0, pclath, cstack
  2830 ;; Tracked objects:
  2831 ;;		On entry : 0/0
  2832 ;;		On exit  : 0/0
  2833 ;;		Unchanged: 0/0
  2834 ;; Data sizes:     COMMON   BANK0   BANK1   BANK2   BANK3   BANK4   BANK5   BANK6
  2835 ;;      Params:         0       0       0       0       0       0       0       0
  2836 ;;      Locals:         0       0       0       0       0       0       0       0
  2837 ;;      Temps:          0       0       0       0       0       0       0       0
  2838 ;;      Totals:         0       0       0       0       0       0       0       0
  2839 ;;Total ram usage:        0 bytes
  2840 ;; Hardware stack levels used: 1
  2841 ;; Hardware stack levels required when called: 5
  2842 ;; This function calls:
  2843 ;;		_Clear_No_Call_Warning
  2844 ;;		_Delay_ms
  2845 ;;		_LED_OFF
  2846 ;; This function is called by:
  2847 ;;		_main
  2848 ;; This function uses a non-reentrant model
  2849 ;;
  2850                           
  2851     028B                     _software_Initialize:	
  2852                           ;psect for function _software_Initialize
  2853                           
  2854     028B                     l2422:	
  2855                           ;incstack = 0
  2856                           ; Regs used in _software_Initialize: [wreg+status,2+status,0+pclath+cstack]
  2857                           
  2858                           
  2859                           ;D:\yiming\00work\FR761_V05_test2.X\func_main.c: 51:   Delay_ms(2);
  2860     028B  3002               	movlw	2
  2861     028C  00F1               	movwf	Delay_ms@input_ms
  2862     028D  3000               	movlw	0
  2863     028E  00F2               	movwf	Delay_ms@input_ms+1
  2864     028F  3182  22C5  3182   	fcall	_Delay_ms
  2865                           
  2866                           ;D:\yiming\00work\FR761_V05_test2.X\func_main.c: 53:   LED_OFF();
  2867     0292  3182  222A  3182   	fcall	_LED_OFF
  2868                           
  2869                           ;D:\yiming\00work\FR761_V05_test2.X\func_main.c: 57:   Clear_No_Call_Warning();
  2870     0295  3182  2202  3182   	fcall	_Clear_No_Call_Warning
  2871     0298                     l101:
  2872     0298  0008               	return
  2873     0299                     __end_of_software_Initialize:
  2874                           
  2875                           	psect	text2
  2876     0202                     __ptext2:	
  2877 ;; *************** function _Clear_No_Call_Warning *****************
  2878 ;; Defined at:
  2879 ;;		line 23 in file "D:\yiming\00work\FR761_V05_test2.X\func_main.c"
  2880 ;; Parameters:    Size  Location     Type
  2881 ;;		None
  2882 ;; Auto vars:     Size  Location     Type
  2883 ;;  i               1    0        unsigned char 
  2884 ;; Return value:  Size  Location     Type
  2885 ;;                  1    wreg      void 
  2886 ;; Registers used:
  2887 ;;		wreg, status,2, status,0, pclath, cstack
  2888 ;; Tracked objects:
  2889 ;;		On entry : 0/0
  2890 ;;		On exit  : 0/0
  2891 ;;		Unchanged: 0/0
  2892 ;; Data sizes:     COMMON   BANK0   BANK1   BANK2   BANK3   BANK4   BANK5   BANK6
  2893 ;;      Params:         0       0       0       0       0       0       0       0
  2894 ;;      Locals:         0       0       0       0       0       0       0       0
  2895 ;;      Temps:          0       0       0       0       0       0       0       0
  2896 ;;      Totals:         0       0       0       0       0       0       0       0
  2897 ;;Total ram usage:        0 bytes
  2898 ;; Hardware stack levels used: 1
  2899 ;; Hardware stack levels required when called: 4
  2900 ;; This function calls:
  2901 ;;		_LED_SET_Gradually_ON
  2902 ;;		_PIN_MANAGER_IOC
  2903 ;;		_Streamer_SEG1_TEST
  2904 ;;		_Streamer_SEG2_TEST
  2905 ;;		_TMR4_HasOverflowOccured
  2906 ;;		_TMR4_LoadPeriodRegister
  2907 ;;		_TMR4_ReadTimer
  2908 ;;		_TMR4_StartTimer
  2909 ;;		_TMR4_StopTimer
  2910 ;;		_TMR4_WriteTimer
  2911 ;;		_Timer_TESTMODE
  2912 ;;		_TrunLight
  2913 ;;		_WelcomeLight
  2914 ;; This function is called by:
  2915 ;;		_software_Initialize
  2916 ;; This function uses a non-reentrant model
  2917 ;;
  2918                           
  2919     0202                     _Clear_No_Call_Warning:	
  2920                           ;psect for function _Clear_No_Call_Warning
  2921                           
  2922     0202                     l2388:	
  2923                           ;incstack = 0
  2924                           ; Regs used in _Clear_No_Call_Warning: [wreg+status,2+status,0+pclath+cstack]
  2925                           
  2926     0202                     l98:
  2927     0202  0008               	return
  2928     0203                     __end_of_Clear_No_Call_Warning:
  2929                           
  2930                           	psect	text3
  2931     0557                     __ptext3:	
  2932 ;; *************** function _Timer_TESTMODE *****************
  2933 ;; Defined at:
  2934 ;;		line 101 in file "D:\yiming\00work\FR761_V05_test2.X\timer.c"
  2935 ;; Parameters:    Size  Location     Type
  2936 ;;		None
  2937 ;; Auto vars:     Size  Location     Type
  2938 ;;		None
  2939 ;; Return value:  Size  Location     Type
  2940 ;;                  1    wreg      void 
  2941 ;; Registers used:
  2942 ;;		wreg, status,2, status,0
  2943 ;; Tracked objects:
  2944 ;;		On entry : 0/0
  2945 ;;		On exit  : 0/0
  2946 ;;		Unchanged: 0/0
  2947 ;; Data sizes:     COMMON   BANK0   BANK1   BANK2   BANK3   BANK4   BANK5   BANK6
  2948 ;;      Params:         0       0       0       0       0       0       0       0
  2949 ;;      Locals:         0       0       0       0       0       0       0       0
  2950 ;;      Temps:          1       0       0       0       0       0       0       0
  2951 ;;      Totals:         1       0       0       0       0       0       0       0
  2952 ;;Total ram usage:        1 bytes
  2953 ;; Hardware stack levels used: 1
  2954 ;; This function calls:
  2955 ;;		Nothing
  2956 ;; This function is called by:
  2957 ;;		_Clear_No_Call_Warning
  2958 ;; This function uses a non-reentrant model
  2959 ;;
  2960                           
  2961     0557                     _Timer_TESTMODE:	
  2962                           ;psect for function _Timer_TESTMODE
  2963                           
  2964     0557                     l2096:	
  2965                           ;incstack = 0
  2966                           ; Regs used in _Timer_TESTMODE: [wreg+status,2+status,0]
  2967                           
  2968     0557                     l522:	
  2969                           ;D:\yiming\00work\FR761_V05_test2.X\timer.c: 103:   };
  2970                           
  2971                           
  2972                           ;D:\yiming\00work\FR761_V05_test2.X\timer.c: 102:   while (!TMR2IF) {
  2973     0557  0020               	movlb	0	; select bank0
  2974     0558  1C91               	btfss	17,1	;volatile
  2975     0559  2D5B               	goto	u1051
  2976     055A  2D5C               	goto	u1050
  2977     055B                     u1051:
  2978     055B  2D57               	goto	l522
  2979     055C                     u1050:
  2980     055C                     l524:
  2981                           
  2982                           ;D:\yiming\00work\FR761_V05_test2.X\timer.c: 104:   TMR2IF = 0;
  2983     055C  1091               	bcf	17,1	;volatile
  2984     055D                     l2098:
  2985                           
  2986                           ;D:\yiming\00work\FR761_V05_test2.X\timer.c: 105:   T100us_cnt++;
  2987     055D  3001               	movlw	1
  2988     055E  00F0               	movwf	??_Timer_TESTMODE
  2989     055F  0870               	movf	??_Timer_TESTMODE,w
  2990     0560  07AC               	addwf	_T100us_cnt,f
  2991                           
  2992                           ;D:\yiming\00work\FR761_V05_test2.X\timer.c: 106:   T100us_cnt1++;
  2993     0561  3001               	movlw	1
  2994     0562  00F0               	movwf	??_Timer_TESTMODE
  2995     0563  0870               	movf	??_Timer_TESTMODE,w
  2996     0564  07AB               	addwf	_T100us_cnt1,f
  2997     0565                     l2100:
  2998                           
  2999                           ;D:\yiming\00work\FR761_V05_test2.X\timer.c: 107:   if (T100us_cnt >= 10) {
  3000     0565  300A               	movlw	10
  3001     0566  022C               	subwf	_T100us_cnt,w
  3002     0567  1C03               	skipc
  3003     0568  2D6A               	goto	u1061
  3004     0569  2D6B               	goto	u1060
  3005     056A                     u1061:
  3006     056A  2D70               	goto	l2106
  3007     056B                     u1060:
  3008     056B                     l2102:
  3009                           
  3010                           ;D:\yiming\00work\FR761_V05_test2.X\timer.c: 108:     T100us_cnt = 0;
  3011     056B  01AC               	clrf	_T100us_cnt
  3012     056C                     l2104:
  3013                           
  3014                           ;D:\yiming\00work\FR761_V05_test2.X\timer.c: 109:     T1MS_cnt++;
  3015     056C  3001               	movlw	1
  3016     056D  07A0               	addwf	_T1MS_cnt,f
  3017     056E  3000               	movlw	0
  3018     056F  3DA1               	addwfc	_T1MS_cnt+1,f
  3019     0570                     l2106:
  3020                           
  3021                           ;D:\yiming\00work\FR761_V05_test2.X\timer.c: 112:   if (T100us_cnt1 >= 50) {
  3022     0570  3032               	movlw	50
  3023     0571  022B               	subwf	_T100us_cnt1,w
  3024     0572  1C03               	skipc
  3025     0573  2D75               	goto	u1071
  3026     0574  2D76               	goto	u1070
  3027     0575                     u1071:
  3028     0575  2D7B               	goto	l2112
  3029     0576                     u1070:
  3030     0576                     l2108:
  3031                           
  3032                           ;D:\yiming\00work\FR761_V05_test2.X\timer.c: 113:     T100us_cnt1 = 0;
  3033     0576  01AB               	clrf	_T100us_cnt1
  3034     0577                     l2110:
  3035                           
  3036                           ;D:\yiming\00work\FR761_V05_test2.X\timer.c: 114:     T5MS_cnt++;
  3037     0577  3001               	movlw	1
  3038     0578  00F0               	movwf	??_Timer_TESTMODE
  3039     0579  0870               	movf	??_Timer_TESTMODE,w
  3040     057A  07AA               	addwf	_T5MS_cnt,f
  3041     057B                     l2112:
  3042                           
  3043                           ;D:\yiming\00work\FR761_V05_test2.X\timer.c: 117:   if (T5MS_cnt >= 50) {
  3044     057B  3032               	movlw	50
  3045     057C  022A               	subwf	_T5MS_cnt,w
  3046     057D  1C03               	skipc
  3047     057E  2D80               	goto	u1081
  3048     057F  2D81               	goto	u1080
  3049     0580                     u1081:
  3050     0580  2D86               	goto	l2118
  3051     0581                     u1080:
  3052     0581                     l2114:
  3053                           
  3054                           ;D:\yiming\00work\FR761_V05_test2.X\timer.c: 118:     T5MS_cnt = 0;
  3055     0581  01AA               	clrf	_T5MS_cnt
  3056     0582                     l2116:
  3057                           
  3058                           ;D:\yiming\00work\FR761_V05_test2.X\timer.c: 119:     T250MS_cnt++;
  3059     0582  3001               	movlw	1
  3060     0583  00F0               	movwf	??_Timer_TESTMODE
  3061     0584  0870               	movf	??_Timer_TESTMODE,w
  3062     0585  07A9               	addwf	_T250MS_cnt,f
  3063     0586                     l2118:
  3064                           
  3065                           ;D:\yiming\00work\FR761_V05_test2.X\timer.c: 123:   if ((PORTAbits.RA3 == 1) && (fLoBeam
      +                           == 0)) {
  3066     0586  1D8C               	btfss	12,3	;volatile
  3067     0587  2D89               	goto	u1091
  3068     0588  2D8A               	goto	u1090
  3069     0589                     u1091:
  3070     0589  2D9B               	goto	l2128
  3071     058A                     u1090:
  3072     058A                     l2120:
  3073     058A  0833               	movf	_fLoBeam,w
  3074     058B  1D03               	btfss	3,2
  3075     058C  2D8E               	goto	u1101
  3076     058D  2D8F               	goto	u1100
  3077     058E                     u1101:
  3078     058E  2D9B               	goto	l2128
  3079     058F                     u1100:
  3080     058F                     l2122:
  3081                           
  3082                           ;D:\yiming\00work\FR761_V05_test2.X\timer.c: 124:     if (mode < 3) {
  3083     058F  3003               	movlw	3
  3084     0590  0228               	subwf	_mode,w
  3085     0591  1803               	skipnc
  3086     0592  2D94               	goto	u1111
  3087     0593  2D95               	goto	u1110
  3088     0594                     u1111:
  3089     0594  2D9A               	goto	l2126
  3090     0595                     u1110:
  3091     0595                     l2124:
  3092                           
  3093                           ;D:\yiming\00work\FR761_V05_test2.X\timer.c: 125:       mode++;
  3094     0595  3001               	movlw	1
  3095     0596  00F0               	movwf	??_Timer_TESTMODE
  3096     0597  0870               	movf	??_Timer_TESTMODE,w
  3097     0598  07A8               	addwf	_mode,f
  3098                           
  3099                           ;D:\yiming\00work\FR761_V05_test2.X\timer.c: 126:     } else {
  3100     0599  2D9B               	goto	l2128
  3101     059A                     l2126:
  3102                           
  3103                           ;D:\yiming\00work\FR761_V05_test2.X\timer.c: 127:       mode = 0;
  3104     059A  01A8               	clrf	_mode
  3105     059B                     l2128:
  3106                           
  3107                           ;D:\yiming\00work\FR761_V05_test2.X\timer.c: 131:   if (PORTAbits.RA3 == 1) {
  3108     059B  1D8C               	btfss	12,3	;volatile
  3109     059C  2D9E               	goto	u1121
  3110     059D  2D9F               	goto	u1120
  3111     059E                     u1121:
  3112     059E  2DA2               	goto	l2132
  3113     059F                     u1120:
  3114     059F                     l2130:
  3115                           
  3116                           ;D:\yiming\00work\FR761_V05_test2.X\timer.c: 132:     fLoBeam = 1;
  3117     059F  01B3               	clrf	_fLoBeam
  3118     05A0  0AB3               	incf	_fLoBeam,f
  3119                           
  3120                           ;D:\yiming\00work\FR761_V05_test2.X\timer.c: 133:   } else {
  3121     05A1  2DA3               	goto	l533
  3122     05A2                     l2132:
  3123                           
  3124                           ;D:\yiming\00work\FR761_V05_test2.X\timer.c: 134:     fLoBeam = 0;
  3125     05A2  01B3               	clrf	_fLoBeam
  3126     05A3                     l533:
  3127     05A3  0008               	return
  3128     05A4                     __end_of_Timer_TESTMODE:
  3129                           
  3130                           	psect	text4
  3131     0225                     __ptext4:	
  3132 ;; *************** function _TMR4_WriteTimer *****************
  3133 ;; Defined at:
  3134 ;;		line 100 in file "D:\yiming\00work\FR761_V05_test2.X\mcc_generated_files\tmr4.c"
  3135 ;; Parameters:    Size  Location     Type
  3136 ;;  timerVal        1    wreg     unsigned char 
  3137 ;; Auto vars:     Size  Location     Type
  3138 ;;  timerVal        1    0[COMMON] unsigned char 
  3139 ;; Return value:  Size  Location     Type
  3140 ;;                  1    wreg      void 
  3141 ;; Registers used:
  3142 ;;		wreg
  3143 ;; Tracked objects:
  3144 ;;		On entry : 0/0
  3145 ;;		On exit  : 0/0
  3146 ;;		Unchanged: 0/0
  3147 ;; Data sizes:     COMMON   BANK0   BANK1   BANK2   BANK3   BANK4   BANK5   BANK6
  3148 ;;      Params:         0       0       0       0       0       0       0       0
  3149 ;;      Locals:         1       0       0       0       0       0       0       0
  3150 ;;      Temps:          0       0       0       0       0       0       0       0
  3151 ;;      Totals:         1       0       0       0       0       0       0       0
  3152 ;;Total ram usage:        1 bytes
  3153 ;; Hardware stack levels used: 1
  3154 ;; This function calls:
  3155 ;;		Nothing
  3156 ;; This function is called by:
  3157 ;;		_Clear_No_Call_Warning
  3158 ;; This function uses a non-reentrant model
  3159 ;;
  3160                           
  3161     0225                     _TMR4_WriteTimer:	
  3162                           ;psect for function _TMR4_WriteTimer
  3163                           
  3164                           
  3165                           ;incstack = 0
  3166                           ; Regs used in _TMR4_WriteTimer: [wreg]
  3167                           ;TMR4_WriteTimer@timerVal stored from wreg
  3168     0225  00F0               	movwf	TMR4_WriteTimer@timerVal
  3169     0226                     l1470:
  3170                           
  3171                           ;D:\yiming\00work\FR761_V05_test2.X\mcc_generated_files\tmr4.c: 100: void TMR4_WriteTime
      +                          r(uint8_t timerVal);D:\yiming\00work\FR761_V05_test2.X\mcc_generated_files\tmr4.c: 101: 
      +                          {;D:\yiming\00work\FR761_V05_test2.X\mcc_generated_files\tmr4.c: 103:     TMR4 = timerVa
      +                          l;
  3172     0226  0870               	movf	TMR4_WriteTimer@timerVal,w
  3173     0227  0028               	movlb	8	; select bank8
  3174     0228  0095               	movwf	21	;volatile
  3175     0229                     l430:
  3176     0229  0008               	return
  3177     022A                     __end_of_TMR4_WriteTimer:
  3178                           
  3179                           	psect	text5
  3180     0209                     __ptext5:	
  3181 ;; *************** function _TMR4_StopTimer *****************
  3182 ;; Defined at:
  3183 ;;		line 85 in file "D:\yiming\00work\FR761_V05_test2.X\mcc_generated_files\tmr4.c"
  3184 ;; Parameters:    Size  Location     Type
  3185 ;;		None
  3186 ;; Auto vars:     Size  Location     Type
  3187 ;;		None
  3188 ;; Return value:  Size  Location     Type
  3189 ;;                  1    wreg      void 
  3190 ;; Registers used:
  3191 ;;		None
  3192 ;; Tracked objects:
  3193 ;;		On entry : 0/0
  3194 ;;		On exit  : 0/0
  3195 ;;		Unchanged: 0/0
  3196 ;; Data sizes:     COMMON   BANK0   BANK1   BANK2   BANK3   BANK4   BANK5   BANK6
  3197 ;;      Params:         0       0       0       0       0       0       0       0
  3198 ;;      Locals:         0       0       0       0       0       0       0       0
  3199 ;;      Temps:          0       0       0       0       0       0       0       0
  3200 ;;      Totals:         0       0       0       0       0       0       0       0
  3201 ;;Total ram usage:        0 bytes
  3202 ;; Hardware stack levels used: 1
  3203 ;; This function calls:
  3204 ;;		Nothing
  3205 ;; This function is called by:
  3206 ;;		_Clear_No_Call_Warning
  3207 ;; This function uses a non-reentrant model
  3208 ;;
  3209                           
  3210     0209                     _TMR4_StopTimer:	
  3211                           ;psect for function _TMR4_StopTimer
  3212                           
  3213     0209                     l1464:	
  3214                           ;incstack = 0
  3215                           ; Regs used in _TMR4_StopTimer: []
  3216                           
  3217                           
  3218                           ;D:\yiming\00work\FR761_V05_test2.X\mcc_generated_files\tmr4.c: 88:     T4CONbits.TMR4ON
      +                           = 0;
  3219     0209  0028               	movlb	8	; select bank8
  3220     020A  1117               	bcf	23,2	;volatile
  3221     020B                     l424:
  3222     020B  0008               	return
  3223     020C                     __end_of_TMR4_StopTimer:
  3224                           
  3225                           	psect	text6
  3226     0206                     __ptext6:	
  3227 ;; *************** function _TMR4_StartTimer *****************
  3228 ;; Defined at:
  3229 ;;		line 79 in file "D:\yiming\00work\FR761_V05_test2.X\mcc_generated_files\tmr4.c"
  3230 ;; Parameters:    Size  Location     Type
  3231 ;;		None
  3232 ;; Auto vars:     Size  Location     Type
  3233 ;;		None
  3234 ;; Return value:  Size  Location     Type
  3235 ;;                  1    wreg      void 
  3236 ;; Registers used:
  3237 ;;		None
  3238 ;; Tracked objects:
  3239 ;;		On entry : 0/0
  3240 ;;		On exit  : 0/0
  3241 ;;		Unchanged: 0/0
  3242 ;; Data sizes:     COMMON   BANK0   BANK1   BANK2   BANK3   BANK4   BANK5   BANK6
  3243 ;;      Params:         0       0       0       0       0       0       0       0
  3244 ;;      Locals:         0       0       0       0       0       0       0       0
  3245 ;;      Temps:          0       0       0       0       0       0       0       0
  3246 ;;      Totals:         0       0       0       0       0       0       0       0
  3247 ;;Total ram usage:        0 bytes
  3248 ;; Hardware stack levels used: 1
  3249 ;; This function calls:
  3250 ;;		Nothing
  3251 ;; This function is called by:
  3252 ;;		_Clear_No_Call_Warning
  3253 ;; This function uses a non-reentrant model
  3254 ;;
  3255                           
  3256     0206                     _TMR4_StartTimer:	
  3257                           ;psect for function _TMR4_StartTimer
  3258                           
  3259     0206                     l1462:	
  3260                           ;incstack = 0
  3261                           ; Regs used in _TMR4_StartTimer: []
  3262                           
  3263                           
  3264                           ;D:\yiming\00work\FR761_V05_test2.X\mcc_generated_files\tmr4.c: 82:     T4CONbits.TMR4ON
      +                           = 1;
  3265     0206  0028               	movlb	8	; select bank8
  3266     0207  1517               	bsf	23,2	;volatile
  3267     0208                     l421:
  3268     0208  0008               	return
  3269     0209                     __end_of_TMR4_StartTimer:
  3270                           
  3271                           	psect	text7
  3272     0203                     __ptext7:	
  3273 ;; *************** function _TMR4_ReadTimer *****************
  3274 ;; Defined at:
  3275 ;;		line 91 in file "D:\yiming\00work\FR761_V05_test2.X\mcc_generated_files\tmr4.c"
  3276 ;; Parameters:    Size  Location     Type
  3277 ;;		None
  3278 ;; Auto vars:     Size  Location     Type
  3279 ;;  readVal         1    0        unsigned char 
  3280 ;; Return value:  Size  Location     Type
  3281 ;;                  1    wreg      unsigned char 
  3282 ;; Registers used:
  3283 ;;		wreg
  3284 ;; Tracked objects:
  3285 ;;		On entry : 0/0
  3286 ;;		On exit  : 0/0
  3287 ;;		Unchanged: 0/0
  3288 ;; Data sizes:     COMMON   BANK0   BANK1   BANK2   BANK3   BANK4   BANK5   BANK6
  3289 ;;      Params:         0       0       0       0       0       0       0       0
  3290 ;;      Locals:         0       0       0       0       0       0       0       0
  3291 ;;      Temps:          0       0       0       0       0       0       0       0
  3292 ;;      Totals:         0       0       0       0       0       0       0       0
  3293 ;;Total ram usage:        0 bytes
  3294 ;; Hardware stack levels used: 1
  3295 ;; This function calls:
  3296 ;;		Nothing
  3297 ;; This function is called by:
  3298 ;;		_Clear_No_Call_Warning
  3299 ;; This function uses a non-reentrant model
  3300 ;;
  3301                           
  3302     0203                     _TMR4_ReadTimer:	
  3303                           ;psect for function _TMR4_ReadTimer
  3304                           
  3305     0203                     l1466:	
  3306                           ;incstack = 0
  3307                           ; Regs used in _TMR4_ReadTimer: [wreg]
  3308                           
  3309     0203  0028               	movlb	8	; select bank8
  3310     0204  0815               	movf	21,w	;volatile
  3311     0205                     l427:
  3312     0205  0008               	return
  3313     0206                     __end_of_TMR4_ReadTimer:
  3314                           
  3315                           	psect	text8
  3316     0220                     __ptext8:	
  3317 ;; *************** function _TMR4_LoadPeriodRegister *****************
  3318 ;; Defined at:
  3319 ;;		line 106 in file "D:\yiming\00work\FR761_V05_test2.X\mcc_generated_files\tmr4.c"
  3320 ;; Parameters:    Size  Location     Type
  3321 ;;  periodVal       1    wreg     unsigned char 
  3322 ;; Auto vars:     Size  Location     Type
  3323 ;;  periodVal       1    0[COMMON] unsigned char 
  3324 ;; Return value:  Size  Location     Type
  3325 ;;                  1    wreg      void 
  3326 ;; Registers used:
  3327 ;;		wreg
  3328 ;; Tracked objects:
  3329 ;;		On entry : 0/0
  3330 ;;		On exit  : 0/0
  3331 ;;		Unchanged: 0/0
  3332 ;; Data sizes:     COMMON   BANK0   BANK1   BANK2   BANK3   BANK4   BANK5   BANK6
  3333 ;;      Params:         0       0       0       0       0       0       0       0
  3334 ;;      Locals:         1       0       0       0       0       0       0       0
  3335 ;;      Temps:          0       0       0       0       0       0       0       0
  3336 ;;      Totals:         1       0       0       0       0       0       0       0
  3337 ;;Total ram usage:        1 bytes
  3338 ;; Hardware stack levels used: 1
  3339 ;; This function calls:
  3340 ;;		Nothing
  3341 ;; This function is called by:
  3342 ;;		_Clear_No_Call_Warning
  3343 ;; This function uses a non-reentrant model
  3344 ;;
  3345                           
  3346     0220                     _TMR4_LoadPeriodRegister:	
  3347                           ;psect for function _TMR4_LoadPeriodRegister
  3348                           
  3349                           
  3350                           ;incstack = 0
  3351                           ; Regs used in _TMR4_LoadPeriodRegister: [wreg]
  3352                           ;TMR4_LoadPeriodRegister@periodVal stored from wreg
  3353     0220  00F0               	movwf	TMR4_LoadPeriodRegister@periodVal
  3354     0221                     l1472:
  3355                           
  3356                           ;D:\yiming\00work\FR761_V05_test2.X\mcc_generated_files\tmr4.c: 106: void TMR4_LoadPerio
      +                          dRegister(uint8_t periodVal);D:\yiming\00work\FR761_V05_test2.X\mcc_generated_files\tmr4
      +                          .c: 107: {;D:\yiming\00work\FR761_V05_test2.X\mcc_generated_files\tmr4.c: 108:    PR4 = 
      +                          periodVal;
  3357     0221  0870               	movf	TMR4_LoadPeriodRegister@periodVal,w
  3358     0222  0028               	movlb	8	; select bank8
  3359     0223  0096               	movwf	22	;volatile
  3360     0224                     l433:
  3361     0224  0008               	return
  3362     0225                     __end_of_TMR4_LoadPeriodRegister:
  3363                           
  3364                           	psect	text9
  3365     0273                     __ptext9:	
  3366 ;; *************** function _TMR4_HasOverflowOccured *****************
  3367 ;; Defined at:
  3368 ;;		line 111 in file "D:\yiming\00work\FR761_V05_test2.X\mcc_generated_files\tmr4.c"
  3369 ;; Parameters:    Size  Location     Type
  3370 ;;		None
  3371 ;; Auto vars:     Size  Location     Type
  3372 ;;  status          1    0[COMMON] _Bool 
  3373 ;; Return value:  Size  Location     Type
  3374 ;;                  1    wreg      _Bool 
  3375 ;; Registers used:
  3376 ;;		wreg, status,2, status,0
  3377 ;; Tracked objects:
  3378 ;;		On entry : 0/0
  3379 ;;		On exit  : 0/0
  3380 ;;		Unchanged: 0/0
  3381 ;; Data sizes:     COMMON   BANK0   BANK1   BANK2   BANK3   BANK4   BANK5   BANK6
  3382 ;;      Params:         0       0       0       0       0       0       0       0
  3383 ;;      Locals:         1       0       0       0       0       0       0       0
  3384 ;;      Temps:          0       0       0       0       0       0       0       0
  3385 ;;      Totals:         1       0       0       0       0       0       0       0
  3386 ;;Total ram usage:        1 bytes
  3387 ;; Hardware stack levels used: 1
  3388 ;; This function calls:
  3389 ;;		Nothing
  3390 ;; This function is called by:
  3391 ;;		_Clear_No_Call_Warning
  3392 ;; This function uses a non-reentrant model
  3393 ;;
  3394                           
  3395     0273                     _TMR4_HasOverflowOccured:	
  3396                           ;psect for function _TMR4_HasOverflowOccured
  3397                           
  3398     0273                     l1474:	
  3399                           ;incstack = 0
  3400                           ; Regs used in _TMR4_HasOverflowOccured: [wreg+status,2+status,0]
  3401                           
  3402                           
  3403                           ;D:\yiming\00work\FR761_V05_test2.X\mcc_generated_files\tmr4.c: 114:     _Bool status = 
      +                          PIR3bits.TMR4IF;
  3404     0273  3000               	movlw	0
  3405     0274  0020               	movlb	0	; select bank0
  3406     0275  1893               	btfsc	19,1	;volatile
  3407     0276  3001               	movlw	1
  3408     0277  00F0               	movwf	TMR4_HasOverflowOccured@status
  3409     0278                     l1476:
  3410                           
  3411                           ;D:\yiming\00work\FR761_V05_test2.X\mcc_generated_files\tmr4.c: 115:     if(status)
  3412     0278  0870               	movf	TMR4_HasOverflowOccured@status,w
  3413     0279  1903               	btfsc	3,2
  3414     027A  2A7C               	goto	u291
  3415     027B  2A7D               	goto	u290
  3416     027C                     u291:
  3417     027C  2A7E               	goto	l437
  3418     027D                     u290:
  3419     027D                     l1478:
  3420                           
  3421                           ;D:\yiming\00work\FR761_V05_test2.X\mcc_generated_files\tmr4.c: 116:     {;D:\yiming\00w
      +                          ork\FR761_V05_test2.X\mcc_generated_files\tmr4.c: 118:         PIR3bits.TMR4IF = 0;
  3422     027D  1093               	bcf	19,1	;volatile
  3423     027E                     l437:
  3424     027E  0008               	return
  3425     027F                     __end_of_TMR4_HasOverflowOccured:
  3426                           
  3427                           	psect	text10
  3428     0393                     __ptext10:	
  3429 ;; *************** function _Streamer_SEG2_TEST *****************
  3430 ;; Defined at:
  3431 ;;		line 137 in file "D:\yiming\00work\FR761_V05_test2.X\func_ws2811.c"
  3432 ;; Parameters:    Size  Location     Type
  3433 ;;  InputData       1    wreg     unsigned char 
  3434 ;; Auto vars:     Size  Location     Type
  3435 ;;  InputData       1   10[COMMON] unsigned char 
  3436 ;;  i               1   13[COMMON] unsigned char 
  3437 ;;  num             1   12[COMMON] unsigned char 
  3438 ;;  data            1   11[COMMON] unsigned char 
  3439 ;; Return value:  Size  Location     Type
  3440 ;;                  1    wreg      void 
  3441 ;; Registers used:
  3442 ;;		wreg, status,2, status,0, pclath, cstack
  3443 ;; Tracked objects:
  3444 ;;		On entry : 0/0
  3445 ;;		On exit  : 0/0
  3446 ;;		Unchanged: 0/0
  3447 ;; Data sizes:     COMMON   BANK0   BANK1   BANK2   BANK3   BANK4   BANK5   BANK6
  3448 ;;      Params:         0       0       0       0       0       0       0       0
  3449 ;;      Locals:         4       0       0       0       0       0       0       0
  3450 ;;      Temps:          1       0       0       0       0       0       0       0
  3451 ;;      Totals:         5       0       0       0       0       0       0       0
  3452 ;;Total ram usage:        5 bytes
  3453 ;; Hardware stack levels used: 1
  3454 ;; Hardware stack levels required when called: 2
  3455 ;; This function calls:
  3456 ;;		_Delay_ms
  3457 ;;		_LED_SET
  3458 ;; This function is called by:
  3459 ;;		_Clear_No_Call_Warning
  3460 ;; This function uses a non-reentrant model
  3461 ;;
  3462                           
  3463     0393                     _Streamer_SEG2_TEST:	
  3464                           ;psect for function _Streamer_SEG2_TEST
  3465                           
  3466                           
  3467                           ;incstack = 0
  3468                           ; Regs used in _Streamer_SEG2_TEST: [wreg+status,2+status,0+pclath+cstack]
  3469                           ;Streamer_SEG2_TEST@InputData stored from wreg
  3470     0393  00FA               	movwf	Streamer_SEG2_TEST@InputData
  3471     0394                     l2154:
  3472                           
  3473                           ;D:\yiming\00work\FR761_V05_test2.X\func_ws2811.c: 138:   uint8_t data = InputData;
  3474     0394  087A               	movf	Streamer_SEG2_TEST@InputData,w
  3475     0395  00FB               	movwf	Streamer_SEG2_TEST@data
  3476     0396                     l2156:
  3477                           
  3478                           ;D:\yiming\00work\FR761_V05_test2.X\func_ws2811.c: 139:   uint8_t num = 0;
  3479     0396  01FC               	clrf	Streamer_SEG2_TEST@num
  3480     0397                     l2158:
  3481                           
  3482                           ;D:\yiming\00work\FR761_V05_test2.X\func_ws2811.c: 141:   for (uint8_t i = 0; i < (2 * 3
      +                          ); i++) {
  3483     0397  01FD               	clrf	Streamer_SEG2_TEST@i
  3484     0398                     l2162:
  3485                           
  3486                           ;D:\yiming\00work\FR761_V05_test2.X\func_ws2811.c: 143:     LED_SET((4 * 3), data);
  3487     0398  087B               	movf	Streamer_SEG2_TEST@data,w
  3488     0399  00F3               	movwf	LED_SET@InputData
  3489     039A  300C               	movlw	12
  3490     039B  3182  22AF  3183   	fcall	_LED_SET
  3491     039E                     l2164:
  3492                           
  3493                           ;D:\yiming\00work\FR761_V05_test2.X\func_ws2811.c: 145:     num += 1;
  3494     039E  3001               	movlw	1
  3495     039F  00F9               	movwf	??_Streamer_SEG2_TEST
  3496     03A0  0879               	movf	??_Streamer_SEG2_TEST,w
  3497     03A1  07FC               	addwf	Streamer_SEG2_TEST@num,f
  3498     03A2                     l2166:
  3499                           
  3500                           ;D:\yiming\00work\FR761_V05_test2.X\func_ws2811.c: 146:     LED_SET(num, data);
  3501     03A2  087B               	movf	Streamer_SEG2_TEST@data,w
  3502     03A3  00F3               	movwf	LED_SET@InputData
  3503     03A4  087C               	movf	Streamer_SEG2_TEST@num,w
  3504     03A5  3182  22AF  3183   	fcall	_LED_SET
  3505     03A8                     l2168:
  3506                           
  3507                           ;D:\yiming\00work\FR761_V05_test2.X\func_ws2811.c: 147:     LED_SET((2 * 3) - num, 0x00)
      +                          ;
  3508     03A8  01F3               	clrf	LED_SET@InputData
  3509     03A9  087C               	movf	Streamer_SEG2_TEST@num,w
  3510     03AA  3C06               	sublw	6
  3511     03AB  3182  22AF  3183   	fcall	_LED_SET
  3512     03AE                     l2170:
  3513                           
  3514                           ;D:\yiming\00work\FR761_V05_test2.X\func_ws2811.c: 148:     Delay_ms(500);
  3515     03AE  30F4               	movlw	244
  3516     03AF  00F1               	movwf	Delay_ms@input_ms
  3517     03B0  3001               	movlw	1
  3518     03B1  00F2               	movwf	Delay_ms@input_ms+1
  3519     03B2  3182  22C5  3183   	fcall	_Delay_ms
  3520                           
  3521                           ;D:\yiming\00work\FR761_V05_test2.X\func_ws2811.c: 149:   }
  3522     03B5  3001               	movlw	1
  3523     03B6  00F9               	movwf	??_Streamer_SEG2_TEST
  3524     03B7  0879               	movf	??_Streamer_SEG2_TEST,w
  3525     03B8  07FD               	addwf	Streamer_SEG2_TEST@i,f
  3526     03B9                     l2172:
  3527     03B9  3006               	movlw	6
  3528     03BA  027D               	subwf	Streamer_SEG2_TEST@i,w
  3529     03BB  1C03               	skipc
  3530     03BC  2BBE               	goto	u1141
  3531     03BD  2BBF               	goto	u1140
  3532     03BE                     u1141:
  3533     03BE  2B98               	goto	l2162
  3534     03BF                     u1140:
  3535     03BF                     l188:
  3536     03BF  0008               	return
  3537     03C0                     __end_of_Streamer_SEG2_TEST:
  3538                           
  3539                           	psect	text11
  3540     0367                     __ptext11:	
  3541 ;; *************** function _Streamer_SEG1_TEST *****************
  3542 ;; Defined at:
  3543 ;;		line 82 in file "D:\yiming\00work\FR761_V05_test2.X\func_ws2811.c"
  3544 ;; Parameters:    Size  Location     Type
  3545 ;;  InputData       1    wreg     unsigned char 
  3546 ;; Auto vars:     Size  Location     Type
  3547 ;;  InputData       1   10[COMMON] unsigned char 
  3548 ;;  i               1   13[COMMON] unsigned char 
  3549 ;;  num             1   12[COMMON] unsigned char 
  3550 ;;  data            1   11[COMMON] unsigned char 
  3551 ;; Return value:  Size  Location     Type
  3552 ;;                  1    wreg      void 
  3553 ;; Registers used:
  3554 ;;		wreg, status,2, status,0, pclath, cstack
  3555 ;; Tracked objects:
  3556 ;;		On entry : 0/0
  3557 ;;		On exit  : 0/0
  3558 ;;		Unchanged: 0/0
  3559 ;; Data sizes:     COMMON   BANK0   BANK1   BANK2   BANK3   BANK4   BANK5   BANK6
  3560 ;;      Params:         0       0       0       0       0       0       0       0
  3561 ;;      Locals:         4       0       0       0       0       0       0       0
  3562 ;;      Temps:          1       0       0       0       0       0       0       0
  3563 ;;      Totals:         5       0       0       0       0       0       0       0
  3564 ;;Total ram usage:        5 bytes
  3565 ;; Hardware stack levels used: 1
  3566 ;; Hardware stack levels required when called: 2
  3567 ;; This function calls:
  3568 ;;		_Delay_ms
  3569 ;;		_LED_SET
  3570 ;; This function is called by:
  3571 ;;		_Clear_No_Call_Warning
  3572 ;; This function uses a non-reentrant model
  3573 ;;
  3574                           
  3575     0367                     _Streamer_SEG1_TEST:	
  3576                           ;psect for function _Streamer_SEG1_TEST
  3577                           
  3578                           
  3579                           ;incstack = 0
  3580                           ; Regs used in _Streamer_SEG1_TEST: [wreg+status,2+status,0+pclath+cstack]
  3581                           ;Streamer_SEG1_TEST@InputData stored from wreg
  3582     0367  00FA               	movwf	Streamer_SEG1_TEST@InputData
  3583     0368                     l2134:
  3584                           
  3585                           ;D:\yiming\00work\FR761_V05_test2.X\func_ws2811.c: 83:   uint8_t data = InputData;
  3586     0368  087A               	movf	Streamer_SEG1_TEST@InputData,w
  3587     0369  00FB               	movwf	Streamer_SEG1_TEST@data
  3588     036A                     l2136:
  3589                           
  3590                           ;D:\yiming\00work\FR761_V05_test2.X\func_ws2811.c: 84:   uint8_t num = 0;
  3591     036A  01FC               	clrf	Streamer_SEG1_TEST@num
  3592     036B                     l2138:
  3593                           
  3594                           ;D:\yiming\00work\FR761_V05_test2.X\func_ws2811.c: 86:   for (uint8_t i = 0; i < (4 * 3)
      +                          ; i++) {
  3595     036B  01FD               	clrf	Streamer_SEG1_TEST@i
  3596     036C                     l2142:
  3597                           
  3598                           ;D:\yiming\00work\FR761_V05_test2.X\func_ws2811.c: 87:     num += 1;
  3599     036C  3001               	movlw	1
  3600     036D  00F9               	movwf	??_Streamer_SEG1_TEST
  3601     036E  0879               	movf	??_Streamer_SEG1_TEST,w
  3602     036F  07FC               	addwf	Streamer_SEG1_TEST@num,f
  3603     0370                     l2144:
  3604                           
  3605                           ;D:\yiming\00work\FR761_V05_test2.X\func_ws2811.c: 89:     LED_SET(num, data);
  3606     0370  087B               	movf	Streamer_SEG1_TEST@data,w
  3607     0371  00F3               	movwf	LED_SET@InputData
  3608     0372  087C               	movf	Streamer_SEG1_TEST@num,w
  3609     0373  3182  22AF  3183   	fcall	_LED_SET
  3610     0376                     l2146:
  3611                           
  3612                           ;D:\yiming\00work\FR761_V05_test2.X\func_ws2811.c: 90:     LED_SET((4 * 3) - num, 0x00);
  3613     0376  01F3               	clrf	LED_SET@InputData
  3614     0377  087C               	movf	Streamer_SEG1_TEST@num,w
  3615     0378  3C0C               	sublw	12
  3616     0379  3182  22AF  3183   	fcall	_LED_SET
  3617     037C                     l2148:
  3618                           
  3619                           ;D:\yiming\00work\FR761_V05_test2.X\func_ws2811.c: 92:     LED_SET((2 * 3), 0x00);
  3620     037C  01F3               	clrf	LED_SET@InputData
  3621     037D  3006               	movlw	6
  3622     037E  3182  22AF  3183   	fcall	_LED_SET
  3623     0381                     l2150:
  3624                           
  3625                           ;D:\yiming\00work\FR761_V05_test2.X\func_ws2811.c: 93:     Delay_ms(500);
  3626     0381  30F4               	movlw	244
  3627     0382  00F1               	movwf	Delay_ms@input_ms
  3628     0383  3001               	movlw	1
  3629     0384  00F2               	movwf	Delay_ms@input_ms+1
  3630     0385  3182  22C5  3183   	fcall	_Delay_ms
  3631                           
  3632                           ;D:\yiming\00work\FR761_V05_test2.X\func_ws2811.c: 94:   }
  3633     0388  3001               	movlw	1
  3634     0389  00F9               	movwf	??_Streamer_SEG1_TEST
  3635     038A  0879               	movf	??_Streamer_SEG1_TEST,w
  3636     038B  07FD               	addwf	Streamer_SEG1_TEST@i,f
  3637     038C                     l2152:
  3638     038C  300C               	movlw	12
  3639     038D  027D               	subwf	Streamer_SEG1_TEST@i,w
  3640     038E  1C03               	skipc
  3641     038F  2B91               	goto	u1131
  3642     0390  2B92               	goto	u1130
  3643     0391                     u1131:
  3644     0391  2B6C               	goto	l2142
  3645     0392                     u1130:
  3646     0392                     l163:
  3647     0392  0008               	return
  3648     0393                     __end_of_Streamer_SEG1_TEST:
  3649                           
  3650                           	psect	text12
  3651     0201                     __ptext12:	
  3652 ;; *************** function _PIN_MANAGER_IOC *****************
  3653 ;; Defined at:
  3654 ;;		line 99 in file "D:\yiming\00work\FR761_V05_test2.X\mcc_generated_files\pin_manager.c"
  3655 ;; Parameters:    Size  Location     Type
  3656 ;;		None
  3657 ;; Auto vars:     Size  Location     Type
  3658 ;;		None
  3659 ;; Return value:  Size  Location     Type
  3660 ;;                  1    wreg      void 
  3661 ;; Registers used:
  3662 ;;		None
  3663 ;; Tracked objects:
  3664 ;;		On entry : 0/0
  3665 ;;		On exit  : 0/0
  3666 ;;		Unchanged: 0/0
  3667 ;; Data sizes:     COMMON   BANK0   BANK1   BANK2   BANK3   BANK4   BANK5   BANK6
  3668 ;;      Params:         0       0       0       0       0       0       0       0
  3669 ;;      Locals:         0       0       0       0       0       0       0       0
  3670 ;;      Temps:          0       0       0       0       0       0       0       0
  3671 ;;      Totals:         0       0       0       0       0       0       0       0
  3672 ;;Total ram usage:        0 bytes
  3673 ;; Hardware stack levels used: 1
  3674 ;; This function calls:
  3675 ;;		Nothing
  3676 ;; This function is called by:
  3677 ;;		_Clear_No_Call_Warning
  3678 ;; This function uses a non-reentrant model
  3679 ;;
  3680                           
  3681     0201                     _PIN_MANAGER_IOC:	
  3682                           ;psect for function _PIN_MANAGER_IOC
  3683                           
  3684     0201                     l383:	
  3685                           ;incstack = 0
  3686                           ; Regs used in _PIN_MANAGER_IOC: []
  3687                           
  3688     0201  0008               	return
  3689     0202                     __end_of_PIN_MANAGER_IOC:
  3690                           
  3691                           	psect	text13
  3692     05A4                     __ptext13:	
  3693 ;; *************** function _func_main *****************
  3694 ;; Defined at:
  3695 ;;		line 60 in file "D:\yiming\00work\FR761_V05_test2.X\func_main.c"
  3696 ;; Parameters:    Size  Location     Type
  3697 ;;		None
  3698 ;; Auto vars:     Size  Location     Type
  3699 ;;		None
  3700 ;; Return value:  Size  Location     Type
  3701 ;;                  1    wreg      void 
  3702 ;; Registers used:
  3703 ;;		wreg, status,2, status,0, pclath, cstack
  3704 ;; Tracked objects:
  3705 ;;		On entry : 0/0
  3706 ;;		On exit  : 0/0
  3707 ;;		Unchanged: 0/0
  3708 ;; Data sizes:     COMMON   BANK0   BANK1   BANK2   BANK3   BANK4   BANK5   BANK6
  3709 ;;      Params:         0       0       0       0       0       0       0       0
  3710 ;;      Locals:         0       0       0       0       0       0       0       0
  3711 ;;      Temps:          0       0       0       0       0       0       0       0
  3712 ;;      Totals:         0       0       0       0       0       0       0       0
  3713 ;;Total ram usage:        0 bytes
  3714 ;; Hardware stack levels used: 1
  3715 ;; Hardware stack levels required when called: 4
  3716 ;; This function calls:
  3717 ;;		_CheckGPIO
  3718 ;;		_DRL_Light
  3719 ;;		_HiBeam_OFF
  3720 ;;		_HiBeam_ON
  3721 ;;		_LED_OFF
  3722 ;;		_LoBeam_OFF
  3723 ;;		_LoBeam_ON
  3724 ;;		_POS_Light
  3725 ;;		_Timer
  3726 ;;		_Timer4
  3727 ;;		_TrunLight
  3728 ;;		_WelcomeLight
  3729 ;; This function is called by:
  3730 ;;		_main
  3731 ;; This function uses a non-reentrant model
  3732 ;;
  3733                           
  3734     05A4                     _func_main:	
  3735                           ;psect for function _func_main
  3736                           
  3737     05A4                     l2424:	
  3738                           ;incstack = 0
  3739                           ; Regs used in _func_main: [wreg+status,2+status,0+pclath+cstack]
  3740                           
  3741                           
  3742                           ;D:\yiming\00work\FR761_V05_test2.X\func_main.c: 61:     Timer();
  3743     05A4  3184  24C6  3185   	fcall	_Timer
  3744                           
  3745                           ;D:\yiming\00work\FR761_V05_test2.X\func_main.c: 62:     Timer4();
  3746     05A7  3185  250E  3185   	fcall	_Timer4
  3747     05AA                     l2426:
  3748                           
  3749                           ;D:\yiming\00work\FR761_V05_test2.X\func_main.c: 63:     if (fTurn == 1) {
  3750     05AA  0020               	movlb	0	; select bank0
  3751     05AB  0334               	decf	_fTurn,w
  3752     05AC  1D03               	btfss	3,2
  3753     05AD  2DAF               	goto	u1521
  3754     05AE  2DB0               	goto	u1520
  3755     05AF                     u1521:
  3756     05AF  2DB4               	goto	l2430
  3757     05B0                     u1520:
  3758     05B0                     l2428:
  3759                           
  3760                           ;D:\yiming\00work\FR761_V05_test2.X\func_main.c: 64:       TrunLight(25);
  3761     05B0  3019               	movlw	25
  3762     05B1  3186  26EC  3185   	fcall	_TrunLight
  3763     05B4                     l2430:
  3764                           
  3765                           ;D:\yiming\00work\FR761_V05_test2.X\func_main.c: 67:     if (fLoBeam == 1) {
  3766     05B4  0020               	movlb	0	; select bank0
  3767     05B5  0333               	decf	_fLoBeam,w
  3768     05B6  1D03               	btfss	3,2
  3769     05B7  2DB9               	goto	u1531
  3770     05B8  2DBA               	goto	u1530
  3771     05B9                     u1531:
  3772     05B9  2DBE               	goto	l2434
  3773     05BA                     u1530:
  3774     05BA                     l2432:
  3775                           
  3776                           ;D:\yiming\00work\FR761_V05_test2.X\func_main.c: 68:       LoBeam_ON();
  3777     05BA  3182  221C  3185   	fcall	_LoBeam_ON
  3778                           
  3779                           ;D:\yiming\00work\FR761_V05_test2.X\func_main.c: 69:     } else {
  3780     05BD  2DC1               	goto	l2436
  3781     05BE                     l2434:
  3782                           
  3783                           ;D:\yiming\00work\FR761_V05_test2.X\func_main.c: 70:       LoBeam_OFF();
  3784     05BE  3182  2218  3185   	fcall	_LoBeam_OFF
  3785     05C1                     l2436:
  3786                           
  3787                           ;D:\yiming\00work\FR761_V05_test2.X\func_main.c: 73:     if (fHiBeam == 1) {
  3788     05C1  0020               	movlb	0	; select bank0
  3789     05C2  0332               	decf	_fHiBeam,w
  3790     05C3  1D03               	btfss	3,2
  3791     05C4  2DC6               	goto	u1541
  3792     05C5  2DC7               	goto	u1540
  3793     05C6                     u1541:
  3794     05C6  2DCB               	goto	l2440
  3795     05C7                     u1540:
  3796     05C7                     l2438:
  3797                           
  3798                           ;D:\yiming\00work\FR761_V05_test2.X\func_main.c: 74:       HiBeam_ON();
  3799     05C7  3182  2214  3185   	fcall	_HiBeam_ON
  3800                           
  3801                           ;D:\yiming\00work\FR761_V05_test2.X\func_main.c: 75:     } else {
  3802     05CA  2DCE               	goto	l2442
  3803     05CB                     l2440:
  3804                           
  3805                           ;D:\yiming\00work\FR761_V05_test2.X\func_main.c: 76:       HiBeam_OFF();
  3806     05CB  3182  2210  3185   	fcall	_HiBeam_OFF
  3807     05CE                     l2442:
  3808                           
  3809                           ;D:\yiming\00work\FR761_V05_test2.X\func_main.c: 79:     if (T1MS_disable_cnt == 0) {
  3810     05CE  0020               	movlb	0	; select bank0
  3811     05CF  0824               	movf	_T1MS_disable_cnt,w
  3812     05D0  0425               	iorwf	_T1MS_disable_cnt+1,w
  3813     05D1  1D03               	btfss	3,2
  3814     05D2  2DD4               	goto	u1551
  3815     05D3  2DD5               	goto	u1550
  3816     05D4                     u1551:
  3817     05D4  2DDE               	goto	l2448
  3818     05D5                     u1550:
  3819     05D5                     l2444:
  3820                           
  3821                           ;D:\yiming\00work\FR761_V05_test2.X\func_main.c: 80:       if (fWelcome == 1) {
  3822     05D5  0331               	decf	_fWelcome,w
  3823     05D6  1D03               	btfss	3,2
  3824     05D7  2DD9               	goto	u1561
  3825     05D8  2DDA               	goto	u1560
  3826     05D9                     u1561:
  3827     05D9  2DDE               	goto	l2448
  3828     05DA                     u1560:
  3829     05DA                     l2446:
  3830                           
  3831                           ;D:\yiming\00work\FR761_V05_test2.X\func_main.c: 81:         WelcomeLight(255);
  3832     05DA  30FF               	movlw	255
  3833     05DB  3185  25FD  3185   	fcall	_WelcomeLight
  3834     05DE                     l2448:
  3835                           
  3836                           ;D:\yiming\00work\FR761_V05_test2.X\func_main.c: 85:     if (T1MS_disable_cnt == 0) {
  3837     05DE  0020               	movlb	0	; select bank0
  3838     05DF  0824               	movf	_T1MS_disable_cnt,w
  3839     05E0  0425               	iorwf	_T1MS_disable_cnt+1,w
  3840     05E1  1D03               	btfss	3,2
  3841     05E2  2DE4               	goto	u1571
  3842     05E3  2DE5               	goto	u1570
  3843     05E4                     u1571:
  3844     05E4  2DFC               	goto	l116
  3845     05E5                     u1570:
  3846     05E5                     l2450:
  3847                           
  3848                           ;D:\yiming\00work\FR761_V05_test2.X\func_main.c: 86:       CheckGPIO();
  3849     05E5  3183  230C  3185   	fcall	_CheckGPIO
  3850     05E8                     l2452:
  3851                           
  3852                           ;D:\yiming\00work\FR761_V05_test2.X\func_main.c: 87:       if (ORB.fDRL == 1 ) {
  3853     05E8  0020               	movlb	0	; select bank0
  3854     05E9  1D30               	btfss	_ORB,2
  3855     05EA  2DEC               	goto	u1581
  3856     05EB  2DED               	goto	u1580
  3857     05EC                     u1581:
  3858     05EC  2DF1               	goto	l112
  3859     05ED                     u1580:
  3860     05ED                     l2454:
  3861                           
  3862                           ;D:\yiming\00work\FR761_V05_test2.X\func_main.c: 88:         DRL_Light();
  3863     05ED  3182  22DC  3185   	fcall	_DRL_Light
  3864                           
  3865                           ;D:\yiming\00work\FR761_V05_test2.X\func_main.c: 89:       } else if (ORB.fPOS == 1) {
  3866     05F0  2DFC               	goto	l116
  3867     05F1                     l112:
  3868     05F1  1CB0               	btfss	_ORB,1
  3869     05F2  2DF4               	goto	u1591
  3870     05F3  2DF5               	goto	u1590
  3871     05F4                     u1591:
  3872     05F4  2DF9               	goto	l2458
  3873     05F5                     u1590:
  3874     05F5                     l2456:
  3875                           
  3876                           ;D:\yiming\00work\FR761_V05_test2.X\func_main.c: 90:         POS_Light();
  3877     05F5  3182  22F4  3185   	fcall	_POS_Light
  3878                           
  3879                           ;D:\yiming\00work\FR761_V05_test2.X\func_main.c: 91:       } else {
  3880     05F8  2DFC               	goto	l116
  3881     05F9                     l2458:
  3882                           
  3883                           ;D:\yiming\00work\FR761_V05_test2.X\func_main.c: 92:         LED_OFF();
  3884     05F9  3182  222A  3185   	fcall	_LED_OFF
  3885     05FC                     l116:
  3886     05FC  0008               	return
  3887     05FD                     __end_of_func_main:
  3888                           
  3889                           	psect	text14
  3890     05FD                     __ptext14:	
  3891 ;; *************** function _WelcomeLight *****************
  3892 ;; Defined at:
  3893 ;;		line 153 in file "D:\yiming\00work\FR761_V05_test2.X\func_ws2811.c"
  3894 ;; Parameters:    Size  Location     Type
  3895 ;;  InputData       1    wreg     unsigned char 
  3896 ;; Auto vars:     Size  Location     Type
  3897 ;;  InputData       1    0[COMMON] unsigned char 
  3898 ;; Return value:  Size  Location     Type
  3899 ;;                  1    wreg      void 
  3900 ;; Registers used:
  3901 ;;		wreg, status,2, status,0, pclath, cstack
  3902 ;; Tracked objects:
  3903 ;;		On entry : 0/0
  3904 ;;		On exit  : 0/0
  3905 ;;		Unchanged: 0/0
  3906 ;; Data sizes:     COMMON   BANK0   BANK1   BANK2   BANK3   BANK4   BANK5   BANK6
  3907 ;;      Params:         0       0       0       0       0       0       0       0
  3908 ;;      Locals:         0       0       0       0       0       0       0       0
  3909 ;;      Temps:          0       0       0       0       0       0       0       0
  3910 ;;      Totals:         0       0       0       0       0       0       0       0
  3911 ;;Total ram usage:        0 bytes
  3912 ;; Hardware stack levels used: 1
  3913 ;; Hardware stack levels required when called: 3
  3914 ;; This function calls:
  3915 ;;		_Delay_ms
  3916 ;;		_LED_OFF
  3917 ;;		_LED_ON
  3918 ;;		_LED_SET_Gradually_ON
  3919 ;;		_Streamer_SEG1_OFF
  3920 ;;		_Streamer_SEG1_ON
  3921 ;;		_Streamer_SEG2_ON
  3922 ;; This function is called by:
  3923 ;;		_Clear_No_Call_Warning
  3924 ;;		_func_main
  3925 ;; This function uses a non-reentrant model
  3926 ;;
  3927                           
  3928     05FD                     _WelcomeLight:	
  3929                           ;psect for function _WelcomeLight
  3930                           
  3931     05FD                     l2318:	
  3932                           ;incstack = 0
  3933                           ; Regs used in _WelcomeLight: [wreg+status,2+status,0+pclath+cstack]
  3934                           
  3935                           
  3936                           ;D:\yiming\00work\FR761_V05_test2.X\func_ws2811.c: 154:   fWelcome=0;
  3937     05FD  0020               	movlb	0	; select bank0
  3938     05FE  01B1               	clrf	_fWelcome
  3939     05FF                     l2320:
  3940                           
  3941                           ;D:\yiming\00work\FR761_V05_test2.X\func_ws2811.c: 156:   LATCbits.LATC5 = 1;
  3942     05FF  0022               	movlb	2	; select bank2
  3943     0600  168E               	bsf	14,5	;volatile
  3944     0601                     l2322:
  3945                           
  3946                           ;D:\yiming\00work\FR761_V05_test2.X\func_ws2811.c: 157:   LATCbits.LATC4 = 0;
  3947     0601  120E               	bcf	14,4	;volatile
  3948     0602                     l2324:
  3949                           
  3950                           ;D:\yiming\00work\FR761_V05_test2.X\func_ws2811.c: 160:   Delay_ms(2);
  3951     0602  3002               	movlw	2
  3952     0603  00F1               	movwf	Delay_ms@input_ms
  3953     0604  3000               	movlw	0
  3954     0605  00F2               	movwf	Delay_ms@input_ms+1
  3955     0606  3182  22C5  3185   	fcall	_Delay_ms
  3956     0609                     l2326:
  3957                           
  3958                           ;D:\yiming\00work\FR761_V05_test2.X\func_ws2811.c: 162:   if(!fTurn){
  3959     0609  0020               	movlb	0	; select bank0
  3960     060A  0834               	movf	_fTurn,w
  3961     060B  1D03               	btfss	3,2
  3962     060C  2E0E               	goto	u1391
  3963     060D  2E0F               	goto	u1390
  3964     060E                     u1391:
  3965     060E  2E14               	goto	l191
  3966     060F                     u1390:
  3967     060F                     l2328:
  3968                           
  3969                           ;D:\yiming\00work\FR761_V05_test2.X\func_ws2811.c: 163:     Streamer_SEG1_ON(255);
  3970     060F  30FF               	movlw	255
  3971     0610  3184  243E  3185   	fcall	_Streamer_SEG1_ON
  3972                           
  3973                           ;D:\yiming\00work\FR761_V05_test2.X\func_ws2811.c: 164:   }
  3974     0613  2E16               	goto	l2330
  3975     0614                     l191:	
  3976                           ;D:\yiming\00work\FR761_V05_test2.X\func_ws2811.c: 165:   else{
  3977                           
  3978                           
  3979                           ;D:\yiming\00work\FR761_V05_test2.X\func_ws2811.c: 166:     LATCbits.LATC5 = 0;
  3980     0614  0022               	movlb	2	; select bank2
  3981     0615  128E               	bcf	14,5	;volatile
  3982     0616                     l2330:
  3983                           
  3984                           ;D:\yiming\00work\FR761_V05_test2.X\func_ws2811.c: 169:   i=250;
  3985     0616  30FA               	movlw	250
  3986     0617  0020               	movlb	0	; select bank0
  3987     0618  00A2               	movwf	_i
  3988     0619  3000               	movlw	0
  3989     061A  00A3               	movwf	_i+1
  3990                           
  3991                           ;D:\yiming\00work\FR761_V05_test2.X\func_ws2811.c: 170:   while(i--&& !fTurn){
  3992     061B  2E23               	goto	l2334
  3993     061C                     l2332:
  3994                           
  3995                           ;D:\yiming\00work\FR761_V05_test2.X\func_ws2811.c: 171:     Delay_ms(1);
  3996     061C  3001               	movlw	1
  3997     061D  00F1               	movwf	Delay_ms@input_ms
  3998     061E  3000               	movlw	0
  3999     061F  00F2               	movwf	Delay_ms@input_ms+1
  4000     0620  3182  22C5  3185   	fcall	_Delay_ms
  4001     0623                     l2334:
  4002                           
  4003                           ;D:\yiming\00work\FR761_V05_test2.X\func_ws2811.c: 170:   while(i--&& !fTurn){
  4004     0623  3001               	movlw	1
  4005     0624  0020               	movlb	0	; select bank0
  4006     0625  02A2               	subwf	_i,f
  4007     0626  3000               	movlw	0
  4008     0627  3BA3               	subwfb	_i+1,f
  4009     0628  0A22               	incf	_i,w
  4010     0629  1D03               	skipz
  4011     062A  2E30               	goto	u1400
  4012     062B  0A23               	incf	_i+1,w
  4013     062C  1903               	btfsc	3,2
  4014     062D  2E2F               	goto	u1401
  4015     062E  2E30               	goto	u1400
  4016     062F                     u1401:
  4017     062F  2E35               	goto	l2338
  4018     0630                     u1400:
  4019     0630                     l2336:
  4020     0630  0834               	movf	_fTurn,w
  4021     0631  1903               	btfsc	3,2
  4022     0632  2E34               	goto	u1411
  4023     0633  2E35               	goto	u1410
  4024     0634                     u1411:
  4025     0634  2E1C               	goto	l2332
  4026     0635                     u1410:
  4027     0635                     l2338:
  4028                           
  4029                           ;D:\yiming\00work\FR761_V05_test2.X\func_ws2811.c: 173:   if(!fTurn){
  4030     0635  0834               	movf	_fTurn,w
  4031     0636  1D03               	btfss	3,2
  4032     0637  2E39               	goto	u1421
  4033     0638  2E3A               	goto	u1420
  4034     0639                     u1421:
  4035     0639  2E3F               	goto	l198
  4036     063A                     u1420:
  4037     063A                     l2340:
  4038                           
  4039                           ;D:\yiming\00work\FR761_V05_test2.X\func_ws2811.c: 174:     Streamer_SEG1_OFF(255);
  4040     063A  30FF               	movlw	255
  4041     063B  3183  23FA  3185   	fcall	_Streamer_SEG1_OFF
  4042                           
  4043                           ;D:\yiming\00work\FR761_V05_test2.X\func_ws2811.c: 175:   }else{
  4044     063E  2E41               	goto	l2342
  4045     063F                     l198:
  4046                           
  4047                           ;D:\yiming\00work\FR761_V05_test2.X\func_ws2811.c: 176:     LATCbits.LATC5 = 0;
  4048     063F  0022               	movlb	2	; select bank2
  4049     0640  128E               	bcf	14,5	;volatile
  4050     0641                     l2342:
  4051                           
  4052                           ;D:\yiming\00work\FR761_V05_test2.X\func_ws2811.c: 179:   i=250;
  4053     0641  30FA               	movlw	250
  4054     0642  0020               	movlb	0	; select bank0
  4055     0643  00A2               	movwf	_i
  4056     0644  3000               	movlw	0
  4057     0645  00A3               	movwf	_i+1
  4058                           
  4059                           ;D:\yiming\00work\FR761_V05_test2.X\func_ws2811.c: 180:   while(i--&& !fTurn){
  4060     0646  2E4E               	goto	l2346
  4061     0647                     l2344:
  4062                           
  4063                           ;D:\yiming\00work\FR761_V05_test2.X\func_ws2811.c: 181:     Delay_ms(1);
  4064     0647  3001               	movlw	1
  4065     0648  00F1               	movwf	Delay_ms@input_ms
  4066     0649  3000               	movlw	0
  4067     064A  00F2               	movwf	Delay_ms@input_ms+1
  4068     064B  3182  22C5  3185   	fcall	_Delay_ms
  4069     064E                     l2346:
  4070                           
  4071                           ;D:\yiming\00work\FR761_V05_test2.X\func_ws2811.c: 180:   while(i--&& !fTurn){
  4072     064E  3001               	movlw	1
  4073     064F  0020               	movlb	0	; select bank0
  4074     0650  02A2               	subwf	_i,f
  4075     0651  3000               	movlw	0
  4076     0652  3BA3               	subwfb	_i+1,f
  4077     0653  0A22               	incf	_i,w
  4078     0654  1D03               	skipz
  4079     0655  2E5B               	goto	u1430
  4080     0656  0A23               	incf	_i+1,w
  4081     0657  1903               	btfsc	3,2
  4082     0658  2E5A               	goto	u1431
  4083     0659  2E5B               	goto	u1430
  4084     065A                     u1431:
  4085     065A  2E60               	goto	l2350
  4086     065B                     u1430:
  4087     065B                     l2348:
  4088     065B  0834               	movf	_fTurn,w
  4089     065C  1903               	btfsc	3,2
  4090     065D  2E5F               	goto	u1441
  4091     065E  2E60               	goto	u1440
  4092     065F                     u1441:
  4093     065F  2E47               	goto	l2344
  4094     0660                     u1440:
  4095     0660                     l2350:
  4096                           
  4097                           ;D:\yiming\00work\FR761_V05_test2.X\func_ws2811.c: 183:   if(!fTurn){
  4098     0660  0834               	movf	_fTurn,w
  4099     0661  1D03               	btfss	3,2
  4100     0662  2E64               	goto	u1451
  4101     0663  2E65               	goto	u1450
  4102     0664                     u1451:
  4103     0664  2E6A               	goto	l205
  4104     0665                     u1450:
  4105     0665                     l2352:
  4106                           
  4107                           ;D:\yiming\00work\FR761_V05_test2.X\func_ws2811.c: 184:     Streamer_SEG2_ON(255);
  4108     0665  30FF               	movlw	255
  4109     0666  3184  2482  3185   	fcall	_Streamer_SEG2_ON
  4110                           
  4111                           ;D:\yiming\00work\FR761_V05_test2.X\func_ws2811.c: 185:   }else{
  4112     0669  2E6C               	goto	l2354
  4113     066A                     l205:
  4114                           
  4115                           ;D:\yiming\00work\FR761_V05_test2.X\func_ws2811.c: 186:     LATCbits.LATC5 = 0;
  4116     066A  0022               	movlb	2	; select bank2
  4117     066B  128E               	bcf	14,5	;volatile
  4118     066C                     l2354:
  4119                           
  4120                           ;D:\yiming\00work\FR761_V05_test2.X\func_ws2811.c: 189:   i=250;
  4121     066C  30FA               	movlw	250
  4122     066D  0020               	movlb	0	; select bank0
  4123     066E  00A2               	movwf	_i
  4124     066F  3000               	movlw	0
  4125     0670  00A3               	movwf	_i+1
  4126                           
  4127                           ;D:\yiming\00work\FR761_V05_test2.X\func_ws2811.c: 190:   while(i--&& !fTurn){
  4128     0671  2E79               	goto	l2358
  4129     0672                     l2356:
  4130                           
  4131                           ;D:\yiming\00work\FR761_V05_test2.X\func_ws2811.c: 191:     Delay_ms(1);
  4132     0672  3001               	movlw	1
  4133     0673  00F1               	movwf	Delay_ms@input_ms
  4134     0674  3000               	movlw	0
  4135     0675  00F2               	movwf	Delay_ms@input_ms+1
  4136     0676  3182  22C5  3185   	fcall	_Delay_ms
  4137     0679                     l2358:
  4138                           
  4139                           ;D:\yiming\00work\FR761_V05_test2.X\func_ws2811.c: 190:   while(i--&& !fTurn){
  4140     0679  3001               	movlw	1
  4141     067A  0020               	movlb	0	; select bank0
  4142     067B  02A2               	subwf	_i,f
  4143     067C  3000               	movlw	0
  4144     067D  3BA3               	subwfb	_i+1,f
  4145     067E  0A22               	incf	_i,w
  4146     067F  1D03               	skipz
  4147     0680  2E86               	goto	u1460
  4148     0681  0A23               	incf	_i+1,w
  4149     0682  1903               	btfsc	3,2
  4150     0683  2E85               	goto	u1461
  4151     0684  2E86               	goto	u1460
  4152     0685                     u1461:
  4153     0685  2E8B               	goto	l2362
  4154     0686                     u1460:
  4155     0686                     l2360:
  4156     0686  0834               	movf	_fTurn,w
  4157     0687  1903               	btfsc	3,2
  4158     0688  2E8A               	goto	u1471
  4159     0689  2E8B               	goto	u1470
  4160     068A                     u1471:
  4161     068A  2E72               	goto	l2356
  4162     068B                     u1470:
  4163     068B                     l2362:
  4164                           
  4165                           ;D:\yiming\00work\FR761_V05_test2.X\func_ws2811.c: 194:   LED_OFF();
  4166     068B  3182  222A  3185   	fcall	_LED_OFF
  4167                           
  4168                           ;D:\yiming\00work\FR761_V05_test2.X\func_ws2811.c: 195:   Delay_ms(2);
  4169     068E  3002               	movlw	2
  4170     068F  00F1               	movwf	Delay_ms@input_ms
  4171     0690  3000               	movlw	0
  4172     0691  00F2               	movwf	Delay_ms@input_ms+1
  4173     0692  3182  22C5  3185   	fcall	_Delay_ms
  4174     0695                     l2364:
  4175                           
  4176                           ;D:\yiming\00work\FR761_V05_test2.X\func_ws2811.c: 197:   if(!fTurn){
  4177     0695  0020               	movlb	0	; select bank0
  4178     0696  0834               	movf	_fTurn,w
  4179     0697  1D03               	btfss	3,2
  4180     0698  2E9A               	goto	u1481
  4181     0699  2E9B               	goto	u1480
  4182     069A                     u1481:
  4183     069A  2EA0               	goto	l212
  4184     069B                     u1480:
  4185     069B                     l2366:
  4186                           
  4187                           ;D:\yiming\00work\FR761_V05_test2.X\func_ws2811.c: 198:     LED_SET_Gradually_ON(255);
  4188     069B  30FF               	movlw	255
  4189     069C  3183  23C0  3185   	fcall	_LED_SET_Gradually_ON
  4190                           
  4191                           ;D:\yiming\00work\FR761_V05_test2.X\func_ws2811.c: 199:   }else{
  4192     069F  2EA2               	goto	l2368
  4193     06A0                     l212:
  4194                           
  4195                           ;D:\yiming\00work\FR761_V05_test2.X\func_ws2811.c: 200:     LATCbits.LATC5 = 0;
  4196     06A0  0022               	movlb	2	; select bank2
  4197     06A1  128E               	bcf	14,5	;volatile
  4198     06A2                     l2368:
  4199                           
  4200                           ;D:\yiming\00work\FR761_V05_test2.X\func_ws2811.c: 202:   LED_OFF();
  4201     06A2  3182  222A  3185   	fcall	_LED_OFF
  4202                           
  4203                           ;D:\yiming\00work\FR761_V05_test2.X\func_ws2811.c: 203:   Delay_ms(2);
  4204     06A5  3002               	movlw	2
  4205     06A6  00F1               	movwf	Delay_ms@input_ms
  4206     06A7  3000               	movlw	0
  4207     06A8  00F2               	movwf	Delay_ms@input_ms+1
  4208     06A9  3182  22C5  3185   	fcall	_Delay_ms
  4209     06AC                     l2370:
  4210                           
  4211                           ;D:\yiming\00work\FR761_V05_test2.X\func_ws2811.c: 206:   if(!fTurn){
  4212     06AC  0020               	movlb	0	; select bank0
  4213     06AD  0834               	movf	_fTurn,w
  4214     06AE  1D03               	btfss	3,2
  4215     06AF  2EB1               	goto	u1491
  4216     06B0  2EB2               	goto	u1490
  4217     06B1                     u1491:
  4218     06B1  2EBA               	goto	l214
  4219     06B2                     u1490:
  4220     06B2                     l2372:
  4221                           
  4222                           ;D:\yiming\00work\FR761_V05_test2.X\func_ws2811.c: 207:     LATCbits.LATC5 = 0;
  4223     06B2  0022               	movlb	2	; select bank2
  4224     06B3  128E               	bcf	14,5	;volatile
  4225                           
  4226                           ;D:\yiming\00work\FR761_V05_test2.X\func_ws2811.c: 208:     LATCbits.LATC4 = 1;
  4227     06B4  160E               	bsf	14,4	;volatile
  4228     06B5                     l2374:
  4229                           
  4230                           ;D:\yiming\00work\FR761_V05_test2.X\func_ws2811.c: 209:     LED_ON(255);
  4231     06B5  30FF               	movlw	255
  4232     06B6  3182  2252  3185   	fcall	_LED_ON
  4233                           
  4234                           ;D:\yiming\00work\FR761_V05_test2.X\func_ws2811.c: 210:   }else{
  4235     06B9  2EBD               	goto	l2376
  4236     06BA                     l214:
  4237                           
  4238                           ;D:\yiming\00work\FR761_V05_test2.X\func_ws2811.c: 211:     LATCbits.LATC5 = 0;
  4239     06BA  0022               	movlb	2	; select bank2
  4240     06BB  128E               	bcf	14,5	;volatile
  4241                           
  4242                           ;D:\yiming\00work\FR761_V05_test2.X\func_ws2811.c: 212:     LATCbits.LATC4 = 0;
  4243     06BC  120E               	bcf	14,4	;volatile
  4244     06BD                     l2376:
  4245                           
  4246                           ;D:\yiming\00work\FR761_V05_test2.X\func_ws2811.c: 215:   i=15000;
  4247     06BD  3098               	movlw	152
  4248     06BE  0020               	movlb	0	; select bank0
  4249     06BF  00A2               	movwf	_i
  4250     06C0  303A               	movlw	58
  4251     06C1  00A3               	movwf	_i+1
  4252                           
  4253                           ;D:\yiming\00work\FR761_V05_test2.X\func_ws2811.c: 216:   while(i--&& !fTurn){
  4254     06C2  2ECA               	goto	l2380
  4255     06C3                     l2378:
  4256                           
  4257                           ;D:\yiming\00work\FR761_V05_test2.X\func_ws2811.c: 217:     Delay_ms(1);
  4258     06C3  3001               	movlw	1
  4259     06C4  00F1               	movwf	Delay_ms@input_ms
  4260     06C5  3000               	movlw	0
  4261     06C6  00F2               	movwf	Delay_ms@input_ms+1
  4262     06C7  3182  22C5  3185   	fcall	_Delay_ms
  4263     06CA                     l2380:
  4264                           
  4265                           ;D:\yiming\00work\FR761_V05_test2.X\func_ws2811.c: 216:   while(i--&& !fTurn){
  4266     06CA  3001               	movlw	1
  4267     06CB  0020               	movlb	0	; select bank0
  4268     06CC  02A2               	subwf	_i,f
  4269     06CD  3000               	movlw	0
  4270     06CE  3BA3               	subwfb	_i+1,f
  4271     06CF  0A22               	incf	_i,w
  4272     06D0  1D03               	skipz
  4273     06D1  2ED7               	goto	u1500
  4274     06D2  0A23               	incf	_i+1,w
  4275     06D3  1903               	btfsc	3,2
  4276     06D4  2ED6               	goto	u1501
  4277     06D5  2ED7               	goto	u1500
  4278     06D6                     u1501:
  4279     06D6  2EDC               	goto	l2384
  4280     06D7                     u1500:
  4281     06D7                     l2382:
  4282     06D7  0834               	movf	_fTurn,w
  4283     06D8  1903               	btfsc	3,2
  4284     06D9  2EDB               	goto	u1511
  4285     06DA  2EDC               	goto	u1510
  4286     06DB                     u1511:
  4287     06DB  2EC3               	goto	l2378
  4288     06DC                     u1510:
  4289     06DC                     l2384:
  4290                           
  4291                           ;D:\yiming\00work\FR761_V05_test2.X\func_ws2811.c: 220:   LED_OFF();
  4292     06DC  3182  222A  3185   	fcall	_LED_OFF
  4293                           
  4294                           ;D:\yiming\00work\FR761_V05_test2.X\func_ws2811.c: 221:   Delay_ms(1);
  4295     06DF  3001               	movlw	1
  4296     06E0  00F1               	movwf	Delay_ms@input_ms
  4297     06E1  3000               	movlw	0
  4298     06E2  00F2               	movwf	Delay_ms@input_ms+1
  4299     06E3  3182  22C5  3185   	fcall	_Delay_ms
  4300     06E6                     l2386:
  4301                           
  4302                           ;D:\yiming\00work\FR761_V05_test2.X\func_ws2811.c: 222:   T1MS_disable_cnt=600;
  4303     06E6  3058               	movlw	88
  4304     06E7  0020               	movlb	0	; select bank0
  4305     06E8  00A4               	movwf	_T1MS_disable_cnt
  4306     06E9  3002               	movlw	2
  4307     06EA  00A5               	movwf	_T1MS_disable_cnt+1
  4308     06EB                     l221:
  4309     06EB  0008               	return
  4310     06EC                     __end_of_WelcomeLight:
  4311                           
  4312                           	psect	text15
  4313     0482                     __ptext15:	
  4314 ;; *************** function _Streamer_SEG2_ON *****************
  4315 ;; Defined at:
  4316 ;;		line 118 in file "D:\yiming\00work\FR761_V05_test2.X\func_ws2811.c"
  4317 ;; Parameters:    Size  Location     Type
  4318 ;;  InputData       1    wreg     unsigned char 
  4319 ;; Auto vars:     Size  Location     Type
  4320 ;;  InputData       1   10[COMMON] unsigned char 
  4321 ;;  j               1   13[COMMON] unsigned char 
  4322 ;;  num             1   12[COMMON] unsigned char 
  4323 ;;  data            1   11[COMMON] unsigned char 
  4324 ;; Return value:  Size  Location     Type
  4325 ;;                  1    wreg      void 
  4326 ;; Registers used:
  4327 ;;		wreg, status,2, status,0, pclath, cstack
  4328 ;; Tracked objects:
  4329 ;;		On entry : 0/0
  4330 ;;		On exit  : 0/0
  4331 ;;		Unchanged: 0/0
  4332 ;; Data sizes:     COMMON   BANK0   BANK1   BANK2   BANK3   BANK4   BANK5   BANK6
  4333 ;;      Params:         0       0       0       0       0       0       0       0
  4334 ;;      Locals:         4       0       0       0       0       0       0       0
  4335 ;;      Temps:          1       0       0       0       0       0       0       0
  4336 ;;      Totals:         5       0       0       0       0       0       0       0
  4337 ;;Total ram usage:        5 bytes
  4338 ;; Hardware stack levels used: 1
  4339 ;; Hardware stack levels required when called: 2
  4340 ;; This function calls:
  4341 ;;		_Delay_ms
  4342 ;;		_LED_SET
  4343 ;; This function is called by:
  4344 ;;		_WelcomeLight
  4345 ;; This function uses a non-reentrant model
  4346 ;;
  4347                           
  4348     0482                     _Streamer_SEG2_ON:	
  4349                           ;psect for function _Streamer_SEG2_ON
  4350                           
  4351                           
  4352                           ;incstack = 0
  4353                           ; Regs used in _Streamer_SEG2_ON: [wreg+status,2+status,0+pclath+cstack]
  4354                           ;Streamer_SEG2_ON@InputData stored from wreg
  4355     0482  00FA               	movwf	Streamer_SEG2_ON@InputData
  4356     0483                     l1910:
  4357                           
  4358                           ;D:\yiming\00work\FR761_V05_test2.X\func_ws2811.c: 119:   uint8_t data = InputData;
  4359     0483  087A               	movf	Streamer_SEG2_ON@InputData,w
  4360     0484  00FB               	movwf	Streamer_SEG2_ON@data
  4361     0485                     l1912:
  4362                           
  4363                           ;D:\yiming\00work\FR761_V05_test2.X\func_ws2811.c: 120:   uint8_t num = 0;
  4364     0485  01FC               	clrf	Streamer_SEG2_ON@num
  4365     0486                     l1914:
  4366                           
  4367                           ;D:\yiming\00work\FR761_V05_test2.X\func_ws2811.c: 122:   for (uint8_t j = 0; j < (2 * 3
      +                          ); j++) {
  4368     0486  01FD               	clrf	Streamer_SEG2_ON@j
  4369     0487                     l1918:
  4370                           
  4371                           ;D:\yiming\00work\FR761_V05_test2.X\func_ws2811.c: 124:     LED_SET((4 * 3), 0x00);
  4372     0487  01F3               	clrf	LED_SET@InputData
  4373     0488  300C               	movlw	12
  4374     0489  3182  22AF  3184   	fcall	_LED_SET
  4375     048C                     l1920:
  4376                           
  4377                           ;D:\yiming\00work\FR761_V05_test2.X\func_ws2811.c: 126:     num += 1;
  4378     048C  3001               	movlw	1
  4379     048D  00F9               	movwf	??_Streamer_SEG2_ON
  4380     048E  0879               	movf	??_Streamer_SEG2_ON,w
  4381     048F  07FC               	addwf	Streamer_SEG2_ON@num,f
  4382     0490                     l1922:
  4383                           
  4384                           ;D:\yiming\00work\FR761_V05_test2.X\func_ws2811.c: 127:     LED_SET(num, data);
  4385     0490  087B               	movf	Streamer_SEG2_ON@data,w
  4386     0491  00F3               	movwf	LED_SET@InputData
  4387     0492  087C               	movf	Streamer_SEG2_ON@num,w
  4388     0493  3182  22AF  3184   	fcall	_LED_SET
  4389     0496                     l1924:
  4390                           
  4391                           ;D:\yiming\00work\FR761_V05_test2.X\func_ws2811.c: 128:     LED_SET((2 * 3) - num, 0x00)
      +                          ;
  4392     0496  01F3               	clrf	LED_SET@InputData
  4393     0497  087C               	movf	Streamer_SEG2_ON@num,w
  4394     0498  3C06               	sublw	6
  4395     0499  3182  22AF  3184   	fcall	_LED_SET
  4396     049C                     l1926:
  4397                           
  4398                           ;D:\yiming\00work\FR761_V05_test2.X\func_ws2811.c: 130:     i=75;
  4399     049C  304B               	movlw	75
  4400     049D  0020               	movlb	0	; select bank0
  4401     049E  00A2               	movwf	_i
  4402     049F  3000               	movlw	0
  4403     04A0  00A3               	movwf	_i+1
  4404                           
  4405                           ;D:\yiming\00work\FR761_V05_test2.X\func_ws2811.c: 131:     while(i--&& !fTurn){
  4406     04A1  2CA9               	goto	l1930
  4407     04A2                     l1928:
  4408                           
  4409                           ;D:\yiming\00work\FR761_V05_test2.X\func_ws2811.c: 132:       Delay_ms(1);
  4410     04A2  3001               	movlw	1
  4411     04A3  00F1               	movwf	Delay_ms@input_ms
  4412     04A4  3000               	movlw	0
  4413     04A5  00F2               	movwf	Delay_ms@input_ms+1
  4414     04A6  3182  22C5  3184   	fcall	_Delay_ms
  4415     04A9                     l1930:
  4416                           
  4417                           ;D:\yiming\00work\FR761_V05_test2.X\func_ws2811.c: 131:     while(i--&& !fTurn){
  4418     04A9  3001               	movlw	1
  4419     04AA  0020               	movlb	0	; select bank0
  4420     04AB  02A2               	subwf	_i,f
  4421     04AC  3000               	movlw	0
  4422     04AD  3BA3               	subwfb	_i+1,f
  4423     04AE  0A22               	incf	_i,w
  4424     04AF  1D03               	skipz
  4425     04B0  2CB6               	goto	u770
  4426     04B1  0A23               	incf	_i+1,w
  4427     04B2  1903               	btfsc	3,2
  4428     04B3  2CB5               	goto	u771
  4429     04B4  2CB6               	goto	u770
  4430     04B5                     u771:
  4431     04B5  2CBB               	goto	l1934
  4432     04B6                     u770:
  4433     04B6                     l1932:
  4434     04B6  0834               	movf	_fTurn,w
  4435     04B7  1903               	btfsc	3,2
  4436     04B8  2CBA               	goto	u781
  4437     04B9  2CBB               	goto	u780
  4438     04BA                     u781:
  4439     04BA  2CA2               	goto	l1928
  4440     04BB                     u780:
  4441     04BB                     l1934:
  4442                           
  4443                           ;D:\yiming\00work\FR761_V05_test2.X\func_ws2811.c: 134:   }
  4444     04BB  3001               	movlw	1
  4445     04BC  00F9               	movwf	??_Streamer_SEG2_ON
  4446     04BD  0879               	movf	??_Streamer_SEG2_ON,w
  4447     04BE  07FD               	addwf	Streamer_SEG2_ON@j,f
  4448     04BF                     l1936:
  4449     04BF  3006               	movlw	6
  4450     04C0  027D               	subwf	Streamer_SEG2_ON@j,w
  4451     04C1  1C03               	skipc
  4452     04C2  2CC4               	goto	u791
  4453     04C3  2CC5               	goto	u790
  4454     04C4                     u791:
  4455     04C4  2C87               	goto	l1918
  4456     04C5                     u790:
  4457     04C5                     l183:
  4458     04C5  0008               	return
  4459     04C6                     __end_of_Streamer_SEG2_ON:
  4460                           
  4461                           	psect	text16
  4462     043E                     __ptext16:	
  4463 ;; *************** function _Streamer_SEG1_ON *****************
  4464 ;; Defined at:
  4465 ;;		line 63 in file "D:\yiming\00work\FR761_V05_test2.X\func_ws2811.c"
  4466 ;; Parameters:    Size  Location     Type
  4467 ;;  InputData       1    wreg     unsigned char 
  4468 ;; Auto vars:     Size  Location     Type
  4469 ;;  InputData       1   10[COMMON] unsigned char 
  4470 ;;  j               1   13[COMMON] unsigned char 
  4471 ;;  num             1   12[COMMON] unsigned char 
  4472 ;;  data            1   11[COMMON] unsigned char 
  4473 ;; Return value:  Size  Location     Type
  4474 ;;                  1    wreg      void 
  4475 ;; Registers used:
  4476 ;;		wreg, status,2, status,0, pclath, cstack
  4477 ;; Tracked objects:
  4478 ;;		On entry : 0/0
  4479 ;;		On exit  : 0/0
  4480 ;;		Unchanged: 0/0
  4481 ;; Data sizes:     COMMON   BANK0   BANK1   BANK2   BANK3   BANK4   BANK5   BANK6
  4482 ;;      Params:         0       0       0       0       0       0       0       0
  4483 ;;      Locals:         4       0       0       0       0       0       0       0
  4484 ;;      Temps:          1       0       0       0       0       0       0       0
  4485 ;;      Totals:         5       0       0       0       0       0       0       0
  4486 ;;Total ram usage:        5 bytes
  4487 ;; Hardware stack levels used: 1
  4488 ;; Hardware stack levels required when called: 2
  4489 ;; This function calls:
  4490 ;;		_Delay_ms
  4491 ;;		_LED_SET
  4492 ;; This function is called by:
  4493 ;;		_WelcomeLight
  4494 ;; This function uses a non-reentrant model
  4495 ;;
  4496                           
  4497     043E                     _Streamer_SEG1_ON:	
  4498                           ;psect for function _Streamer_SEG1_ON
  4499                           
  4500                           
  4501                           ;incstack = 0
  4502                           ; Regs used in _Streamer_SEG1_ON: [wreg+status,2+status,0+pclath+cstack]
  4503                           ;Streamer_SEG1_ON@InputData stored from wreg
  4504     043E  00FA               	movwf	Streamer_SEG1_ON@InputData
  4505     043F                     l1854:
  4506                           
  4507                           ;D:\yiming\00work\FR761_V05_test2.X\func_ws2811.c: 64:   uint8_t data = InputData;
  4508     043F  087A               	movf	Streamer_SEG1_ON@InputData,w
  4509     0440  00FB               	movwf	Streamer_SEG1_ON@data
  4510     0441                     l1856:
  4511                           
  4512                           ;D:\yiming\00work\FR761_V05_test2.X\func_ws2811.c: 65:   uint8_t num = 0;
  4513     0441  01FC               	clrf	Streamer_SEG1_ON@num
  4514     0442                     l1858:
  4515                           
  4516                           ;D:\yiming\00work\FR761_V05_test2.X\func_ws2811.c: 67:   for (uint8_t j = 0; j < (4 * 3)
      +                          ; j++) {
  4517     0442  01FD               	clrf	Streamer_SEG1_ON@j
  4518     0443                     l1862:
  4519                           
  4520                           ;D:\yiming\00work\FR761_V05_test2.X\func_ws2811.c: 68:     num += 1;
  4521     0443  3001               	movlw	1
  4522     0444  00F9               	movwf	??_Streamer_SEG1_ON
  4523     0445  0879               	movf	??_Streamer_SEG1_ON,w
  4524     0446  07FC               	addwf	Streamer_SEG1_ON@num,f
  4525     0447                     l1864:
  4526                           
  4527                           ;D:\yiming\00work\FR761_V05_test2.X\func_ws2811.c: 70:     LED_SET(num, data);
  4528     0447  087B               	movf	Streamer_SEG1_ON@data,w
  4529     0448  00F3               	movwf	LED_SET@InputData
  4530     0449  087C               	movf	Streamer_SEG1_ON@num,w
  4531     044A  3182  22AF  3184   	fcall	_LED_SET
  4532     044D                     l1866:
  4533                           
  4534                           ;D:\yiming\00work\FR761_V05_test2.X\func_ws2811.c: 71:     LED_SET((4 * 3) - num, 0x00);
  4535     044D  01F3               	clrf	LED_SET@InputData
  4536     044E  087C               	movf	Streamer_SEG1_ON@num,w
  4537     044F  3C0C               	sublw	12
  4538     0450  3182  22AF  3184   	fcall	_LED_SET
  4539     0453                     l1868:
  4540                           
  4541                           ;D:\yiming\00work\FR761_V05_test2.X\func_ws2811.c: 73:     LED_SET((2 * 3), 0x00);
  4542     0453  01F3               	clrf	LED_SET@InputData
  4543     0454  3006               	movlw	6
  4544     0455  3182  22AF  3184   	fcall	_LED_SET
  4545     0458                     l1870:
  4546                           
  4547                           ;D:\yiming\00work\FR761_V05_test2.X\func_ws2811.c: 75:     i=75;
  4548     0458  304B               	movlw	75
  4549     0459  0020               	movlb	0	; select bank0
  4550     045A  00A2               	movwf	_i
  4551     045B  3000               	movlw	0
  4552     045C  00A3               	movwf	_i+1
  4553                           
  4554                           ;D:\yiming\00work\FR761_V05_test2.X\func_ws2811.c: 76:     while(i--&& !fTurn){
  4555     045D  2C65               	goto	l1874
  4556     045E                     l1872:
  4557                           
  4558                           ;D:\yiming\00work\FR761_V05_test2.X\func_ws2811.c: 77:       Delay_ms(1);
  4559     045E  3001               	movlw	1
  4560     045F  00F1               	movwf	Delay_ms@input_ms
  4561     0460  3000               	movlw	0
  4562     0461  00F2               	movwf	Delay_ms@input_ms+1
  4563     0462  3182  22C5  3184   	fcall	_Delay_ms
  4564     0465                     l1874:
  4565                           
  4566                           ;D:\yiming\00work\FR761_V05_test2.X\func_ws2811.c: 76:     while(i--&& !fTurn){
  4567     0465  3001               	movlw	1
  4568     0466  0020               	movlb	0	; select bank0
  4569     0467  02A2               	subwf	_i,f
  4570     0468  3000               	movlw	0
  4571     0469  3BA3               	subwfb	_i+1,f
  4572     046A  0A22               	incf	_i,w
  4573     046B  1D03               	skipz
  4574     046C  2C72               	goto	u710
  4575     046D  0A23               	incf	_i+1,w
  4576     046E  1903               	btfsc	3,2
  4577     046F  2C71               	goto	u711
  4578     0470  2C72               	goto	u710
  4579     0471                     u711:
  4580     0471  2C77               	goto	l1878
  4581     0472                     u710:
  4582     0472                     l1876:
  4583     0472  0834               	movf	_fTurn,w
  4584     0473  1903               	btfsc	3,2
  4585     0474  2C76               	goto	u721
  4586     0475  2C77               	goto	u720
  4587     0476                     u721:
  4588     0476  2C5E               	goto	l1872
  4589     0477                     u720:
  4590     0477                     l1878:
  4591                           
  4592                           ;D:\yiming\00work\FR761_V05_test2.X\func_ws2811.c: 79:   }
  4593     0477  3001               	movlw	1
  4594     0478  00F9               	movwf	??_Streamer_SEG1_ON
  4595     0479  0879               	movf	??_Streamer_SEG1_ON,w
  4596     047A  07FD               	addwf	Streamer_SEG1_ON@j,f
  4597     047B                     l1880:
  4598     047B  300C               	movlw	12
  4599     047C  027D               	subwf	Streamer_SEG1_ON@j,w
  4600     047D  1C03               	skipc
  4601     047E  2C80               	goto	u731
  4602     047F  2C81               	goto	u730
  4603     0480                     u731:
  4604     0480  2C43               	goto	l1862
  4605     0481                     u730:
  4606     0481                     l158:
  4607     0481  0008               	return
  4608     0482                     __end_of_Streamer_SEG1_ON:
  4609                           
  4610                           	psect	text17
  4611     03FA                     __ptext17:	
  4612 ;; *************** function _Streamer_SEG1_OFF *****************
  4613 ;; Defined at:
  4614 ;;		line 98 in file "D:\yiming\00work\FR761_V05_test2.X\func_ws2811.c"
  4615 ;; Parameters:    Size  Location     Type
  4616 ;;  InputData       1    wreg     unsigned char 
  4617 ;; Auto vars:     Size  Location     Type
  4618 ;;  InputData       1   10[COMMON] unsigned char 
  4619 ;;  j               1   13[COMMON] unsigned char 
  4620 ;;  num             1   12[COMMON] unsigned char 
  4621 ;;  data            1   11[COMMON] unsigned char 
  4622 ;; Return value:  Size  Location     Type
  4623 ;;                  1    wreg      void 
  4624 ;; Registers used:
  4625 ;;		wreg, status,2, status,0, pclath, cstack
  4626 ;; Tracked objects:
  4627 ;;		On entry : 0/0
  4628 ;;		On exit  : 0/0
  4629 ;;		Unchanged: 0/0
  4630 ;; Data sizes:     COMMON   BANK0   BANK1   BANK2   BANK3   BANK4   BANK5   BANK6
  4631 ;;      Params:         0       0       0       0       0       0       0       0
  4632 ;;      Locals:         4       0       0       0       0       0       0       0
  4633 ;;      Temps:          1       0       0       0       0       0       0       0
  4634 ;;      Totals:         5       0       0       0       0       0       0       0
  4635 ;;Total ram usage:        5 bytes
  4636 ;; Hardware stack levels used: 1
  4637 ;; Hardware stack levels required when called: 2
  4638 ;; This function calls:
  4639 ;;		_Delay_ms
  4640 ;;		_LED_SET
  4641 ;; This function is called by:
  4642 ;;		_WelcomeLight
  4643 ;; This function uses a non-reentrant model
  4644 ;;
  4645                           
  4646     03FA                     _Streamer_SEG1_OFF:	
  4647                           ;psect for function _Streamer_SEG1_OFF
  4648                           
  4649                           
  4650                           ;incstack = 0
  4651                           ; Regs used in _Streamer_SEG1_OFF: [wreg+status,2+status,0+pclath+cstack]
  4652                           ;Streamer_SEG1_OFF@InputData stored from wreg
  4653     03FA  00FA               	movwf	Streamer_SEG1_OFF@InputData
  4654     03FB                     l1882:
  4655                           
  4656                           ;D:\yiming\00work\FR761_V05_test2.X\func_ws2811.c: 99:   uint8_t data = InputData;
  4657     03FB  087A               	movf	Streamer_SEG1_OFF@InputData,w
  4658     03FC  00FB               	movwf	Streamer_SEG1_OFF@data
  4659     03FD                     l1884:
  4660                           
  4661                           ;D:\yiming\00work\FR761_V05_test2.X\func_ws2811.c: 100:   uint8_t num = 0;
  4662     03FD  01FC               	clrf	Streamer_SEG1_OFF@num
  4663     03FE                     l1886:
  4664                           
  4665                           ;D:\yiming\00work\FR761_V05_test2.X\func_ws2811.c: 102:   for (uint8_t j = 0; j < (4 * 3
      +                          ); j++) {
  4666     03FE  01FD               	clrf	Streamer_SEG1_OFF@j
  4667     03FF                     l1890:
  4668                           
  4669                           ;D:\yiming\00work\FR761_V05_test2.X\func_ws2811.c: 103:     num += 1;
  4670     03FF  3001               	movlw	1
  4671     0400  00F9               	movwf	??_Streamer_SEG1_OFF
  4672     0401  0879               	movf	??_Streamer_SEG1_OFF,w
  4673     0402  07FC               	addwf	Streamer_SEG1_OFF@num,f
  4674     0403                     l1892:
  4675                           
  4676                           ;D:\yiming\00work\FR761_V05_test2.X\func_ws2811.c: 105:     LED_SET((4 * 3) - num, data)
      +                          ;
  4677     0403  087B               	movf	Streamer_SEG1_OFF@data,w
  4678     0404  00F3               	movwf	LED_SET@InputData
  4679     0405  087C               	movf	Streamer_SEG1_OFF@num,w
  4680     0406  3C0C               	sublw	12
  4681     0407  3182  22AF  3183   	fcall	_LED_SET
  4682     040A                     l1894:
  4683                           
  4684                           ;D:\yiming\00work\FR761_V05_test2.X\func_ws2811.c: 106:     LED_SET(num, 0x00);
  4685     040A  01F3               	clrf	LED_SET@InputData
  4686     040B  087C               	movf	Streamer_SEG1_OFF@num,w
  4687     040C  3182  22AF  3183   	fcall	_LED_SET
  4688     040F                     l1896:
  4689                           
  4690                           ;D:\yiming\00work\FR761_V05_test2.X\func_ws2811.c: 108:     LED_SET((2 * 3), 0x00);
  4691     040F  01F3               	clrf	LED_SET@InputData
  4692     0410  3006               	movlw	6
  4693     0411  3182  22AF  3183   	fcall	_LED_SET
  4694     0414                     l1898:
  4695                           
  4696                           ;D:\yiming\00work\FR761_V05_test2.X\func_ws2811.c: 110:     i=75;
  4697     0414  304B               	movlw	75
  4698     0415  0020               	movlb	0	; select bank0
  4699     0416  00A2               	movwf	_i
  4700     0417  3000               	movlw	0
  4701     0418  00A3               	movwf	_i+1
  4702                           
  4703                           ;D:\yiming\00work\FR761_V05_test2.X\func_ws2811.c: 111:     while(i--&& !fTurn){
  4704     0419  2C21               	goto	l1902
  4705     041A                     l1900:
  4706                           
  4707                           ;D:\yiming\00work\FR761_V05_test2.X\func_ws2811.c: 112:       Delay_ms(1);
  4708     041A  3001               	movlw	1
  4709     041B  00F1               	movwf	Delay_ms@input_ms
  4710     041C  3000               	movlw	0
  4711     041D  00F2               	movwf	Delay_ms@input_ms+1
  4712     041E  3182  22C5  3183   	fcall	_Delay_ms
  4713     0421                     l1902:
  4714                           
  4715                           ;D:\yiming\00work\FR761_V05_test2.X\func_ws2811.c: 111:     while(i--&& !fTurn){
  4716     0421  3001               	movlw	1
  4717     0422  0020               	movlb	0	; select bank0
  4718     0423  02A2               	subwf	_i,f
  4719     0424  3000               	movlw	0
  4720     0425  3BA3               	subwfb	_i+1,f
  4721     0426  0A22               	incf	_i,w
  4722     0427  1D03               	skipz
  4723     0428  2C2E               	goto	u740
  4724     0429  0A23               	incf	_i+1,w
  4725     042A  1903               	btfsc	3,2
  4726     042B  2C2D               	goto	u741
  4727     042C  2C2E               	goto	u740
  4728     042D                     u741:
  4729     042D  2C33               	goto	l1906
  4730     042E                     u740:
  4731     042E                     l1904:
  4732     042E  0834               	movf	_fTurn,w
  4733     042F  1903               	btfsc	3,2
  4734     0430  2C32               	goto	u751
  4735     0431  2C33               	goto	u750
  4736     0432                     u751:
  4737     0432  2C1A               	goto	l1900
  4738     0433                     u750:
  4739     0433                     l1906:
  4740                           
  4741                           ;D:\yiming\00work\FR761_V05_test2.X\func_ws2811.c: 114:   }
  4742     0433  3001               	movlw	1
  4743     0434  00F9               	movwf	??_Streamer_SEG1_OFF
  4744     0435  0879               	movf	??_Streamer_SEG1_OFF,w
  4745     0436  07FD               	addwf	Streamer_SEG1_OFF@j,f
  4746     0437                     l1908:
  4747     0437  300C               	movlw	12
  4748     0438  027D               	subwf	Streamer_SEG1_OFF@j,w
  4749     0439  1C03               	skipc
  4750     043A  2C3C               	goto	u761
  4751     043B  2C3D               	goto	u760
  4752     043C                     u761:
  4753     043C  2BFF               	goto	l1890
  4754     043D                     u760:
  4755     043D                     l173:
  4756     043D  0008               	return
  4757     043E                     __end_of_Streamer_SEG1_OFF:
  4758                           
  4759                           	psect	text18
  4760     03C0                     __ptext18:	
  4761 ;; *************** function _LED_SET_Gradually_ON *****************
  4762 ;; Defined at:
  4763 ;;		line 47 in file "D:\yiming\00work\FR761_V05_test2.X\func_ws2811.c"
  4764 ;; Parameters:    Size  Location     Type
  4765 ;;  InputData       1    wreg     unsigned char 
  4766 ;; Auto vars:     Size  Location     Type
  4767 ;;  InputData       1   10[COMMON] unsigned char 
  4768 ;;  j               2   11[COMMON] int 
  4769 ;;  temp            2    0        int 
  4770 ;;  data            1    0        unsigned char 
  4771 ;; Return value:  Size  Location     Type
  4772 ;;                  1    wreg      void 
  4773 ;; Registers used:
  4774 ;;		wreg, status,2, status,0, pclath, cstack
  4775 ;; Tracked objects:
  4776 ;;		On entry : 0/0
  4777 ;;		On exit  : 0/0
  4778 ;;		Unchanged: 0/0
  4779 ;; Data sizes:     COMMON   BANK0   BANK1   BANK2   BANK3   BANK4   BANK5   BANK6
  4780 ;;      Params:         0       0       0       0       0       0       0       0
  4781 ;;      Locals:         3       0       0       0       0       0       0       0
  4782 ;;      Temps:          1       0       0       0       0       0       0       0
  4783 ;;      Totals:         4       0       0       0       0       0       0       0
  4784 ;;Total ram usage:        4 bytes
  4785 ;; Hardware stack levels used: 1
  4786 ;; Hardware stack levels required when called: 2
  4787 ;; This function calls:
  4788 ;;		_Delay_ms
  4789 ;;		_LED_SET
  4790 ;; This function is called by:
  4791 ;;		_Clear_No_Call_Warning
  4792 ;;		_WelcomeLight
  4793 ;; This function uses a non-reentrant model
  4794 ;;
  4795                           
  4796     03C0                     _LED_SET_Gradually_ON:	
  4797                           ;psect for function _LED_SET_Gradually_ON
  4798                           
  4799                           
  4800                           ;incstack = 0
  4801                           ; Regs used in _LED_SET_Gradually_ON: [wreg+status,2+status,0+pclath+cstack]
  4802                           ;LED_SET_Gradually_ON@InputData stored from wreg
  4803     03C0  00FA               	movwf	LED_SET_Gradually_ON@InputData
  4804     03C1                     l1828:
  4805     03C1                     l1830:
  4806                           
  4807                           ;D:\yiming\00work\FR761_V05_test2.X\func_ws2811.c: 49:   int temp;;D:\yiming\00work\FR76
      +                          1_V05_test2.X\func_ws2811.c: 51:   for (int j = 0; j < 250; j += 1) {
  4808     03C1  01FB               	clrf	LED_SET_Gradually_ON@j
  4809     03C2  01FC               	clrf	LED_SET_Gradually_ON@j+1
  4810     03C3                     l1836:
  4811                           
  4812                           ;D:\yiming\00work\FR761_V05_test2.X\func_ws2811.c: 52:     LED_SET(((4 * 3) + (2 * 3)), 
      +                          (uint8_t)(j & 0xFF));
  4813     03C3  087B               	movf	LED_SET_Gradually_ON@j,w
  4814     03C4  00F3               	movwf	LED_SET@InputData
  4815     03C5  3012               	movlw	18
  4816     03C6  3182  22AF  3183   	fcall	_LED_SET
  4817     03C9                     l1838:
  4818                           
  4819                           ;D:\yiming\00work\FR761_V05_test2.X\func_ws2811.c: 54:     i=12;
  4820     03C9  300C               	movlw	12
  4821     03CA  0020               	movlb	0	; select bank0
  4822     03CB  00A2               	movwf	_i
  4823     03CC  3000               	movlw	0
  4824     03CD  00A3               	movwf	_i+1
  4825                           
  4826                           ;D:\yiming\00work\FR761_V05_test2.X\func_ws2811.c: 55:     while(i--&& !fTurn){
  4827     03CE  2BD6               	goto	l1842
  4828     03CF                     l1840:
  4829                           
  4830                           ;D:\yiming\00work\FR761_V05_test2.X\func_ws2811.c: 56:       Delay_ms(1);
  4831     03CF  3001               	movlw	1
  4832     03D0  00F1               	movwf	Delay_ms@input_ms
  4833     03D1  3000               	movlw	0
  4834     03D2  00F2               	movwf	Delay_ms@input_ms+1
  4835     03D3  3182  22C5  3183   	fcall	_Delay_ms
  4836     03D6                     l1842:
  4837                           
  4838                           ;D:\yiming\00work\FR761_V05_test2.X\func_ws2811.c: 55:     while(i--&& !fTurn){
  4839     03D6  3001               	movlw	1
  4840     03D7  0020               	movlb	0	; select bank0
  4841     03D8  02A2               	subwf	_i,f
  4842     03D9  3000               	movlw	0
  4843     03DA  3BA3               	subwfb	_i+1,f
  4844     03DB  0A22               	incf	_i,w
  4845     03DC  1D03               	skipz
  4846     03DD  2BE3               	goto	u680
  4847     03DE  0A23               	incf	_i+1,w
  4848     03DF  1903               	btfsc	3,2
  4849     03E0  2BE2               	goto	u681
  4850     03E1  2BE3               	goto	u680
  4851     03E2                     u681:
  4852     03E2  2BE8               	goto	l1846
  4853     03E3                     u680:
  4854     03E3                     l1844:
  4855     03E3  0834               	movf	_fTurn,w
  4856     03E4  1903               	btfsc	3,2
  4857     03E5  2BE7               	goto	u691
  4858     03E6  2BE8               	goto	u690
  4859     03E7                     u691:
  4860     03E7  2BCF               	goto	l1840
  4861     03E8                     u690:
  4862     03E8                     l1846:
  4863                           
  4864                           ;D:\yiming\00work\FR761_V05_test2.X\func_ws2811.c: 58:   }
  4865     03E8  3001               	movlw	1
  4866     03E9  07FB               	addwf	LED_SET_Gradually_ON@j,f
  4867     03EA  3000               	movlw	0
  4868     03EB  3DFC               	addwfc	LED_SET_Gradually_ON@j+1,f
  4869     03EC  087C               	movf	LED_SET_Gradually_ON@j+1,w
  4870     03ED  3A80               	xorlw	128
  4871     03EE  00F9               	movwf	??_LED_SET_Gradually_ON
  4872     03EF  3080               	movlw	128
  4873     03F0  0279               	subwf	??_LED_SET_Gradually_ON,w
  4874     03F1  1D03               	skipz
  4875     03F2  2BF5               	goto	u705
  4876     03F3  30FA               	movlw	250
  4877     03F4  027B               	subwf	LED_SET_Gradually_ON@j,w
  4878     03F5                     u705:
  4879     03F5  1C03               	skipc
  4880     03F6  2BF8               	goto	u701
  4881     03F7  2BF9               	goto	u700
  4882     03F8                     u701:
  4883     03F8  2BC3               	goto	l1836
  4884     03F9                     u700:
  4885     03F9                     l148:
  4886     03F9  0008               	return
  4887     03FA                     __end_of_LED_SET_Gradually_ON:
  4888                           
  4889                           	psect	text19
  4890     06EC                     __ptext19:	
  4891 ;; *************** function _TrunLight *****************
  4892 ;; Defined at:
  4893 ;;		line 226 in file "D:\yiming\00work\FR761_V05_test2.X\func_ws2811.c"
  4894 ;; Parameters:    Size  Location     Type
  4895 ;;  InputData       1    wreg     unsigned char 
  4896 ;; Auto vars:     Size  Location     Type
  4897 ;;  InputData       1    0[BANK0 ] unsigned char 
  4898 ;;  seg2_num        1    4[BANK0 ] unsigned char 
  4899 ;;  seg1_num        1    3[BANK0 ] unsigned char 
  4900 ;;  data            1    2[BANK0 ] unsigned char 
  4901 ;;  j               1    1[BANK0 ] unsigned char 
  4902 ;; Return value:  Size  Location     Type
  4903 ;;                  1    wreg      void 
  4904 ;; Registers used:
  4905 ;;		wreg, status,2, status,0, pclath, cstack
  4906 ;; Tracked objects:
  4907 ;;		On entry : 0/0
  4908 ;;		On exit  : 0/0
  4909 ;;		Unchanged: 0/0
  4910 ;; Data sizes:     COMMON   BANK0   BANK1   BANK2   BANK3   BANK4   BANK5   BANK6
  4911 ;;      Params:         0       0       0       0       0       0       0       0
  4912 ;;      Locals:         0       5       0       0       0       0       0       0
  4913 ;;      Temps:          2       0       0       0       0       0       0       0
  4914 ;;      Totals:         2       5       0       0       0       0       0       0
  4915 ;;Total ram usage:        7 bytes
  4916 ;; Hardware stack levels used: 1
  4917 ;; Hardware stack levels required when called: 3
  4918 ;; This function calls:
  4919 ;;		_Delay_ms
  4920 ;;		_LED_OFF
  4921 ;;		_LED_SET
  4922 ;; This function is called by:
  4923 ;;		_Clear_No_Call_Warning
  4924 ;;		_func_main
  4925 ;; This function uses a non-reentrant model
  4926 ;;
  4927                           
  4928     06EC                     _TrunLight:	
  4929                           ;psect for function _TrunLight
  4930                           
  4931                           
  4932                           ;incstack = 0
  4933                           ; Regs used in _TrunLight: [wreg+status,2+status,0+pclath+cstack]
  4934                           ;TrunLight@InputData stored from wreg
  4935     06EC  0020               	movlb	0	; select bank0
  4936     06ED  00B5               	movwf	TrunLight@InputData
  4937     06EE                     l2008:
  4938     06EE                     l2010:
  4939                           
  4940                           ;D:\yiming\00work\FR761_V05_test2.X\func_ws2811.c: 229:   uint8_t data = InputData;
  4941     06EE  0835               	movf	TrunLight@InputData,w
  4942     06EF  00B7               	movwf	TrunLight@data
  4943     06F0                     l2012:
  4944                           
  4945                           ;D:\yiming\00work\FR761_V05_test2.X\func_ws2811.c: 230:   uint8_t seg1_num = 0;
  4946     06F0  01B8               	clrf	TrunLight@seg1_num
  4947     06F1                     l2014:
  4948                           
  4949                           ;D:\yiming\00work\FR761_V05_test2.X\func_ws2811.c: 231:   uint8_t seg2_num = 1;
  4950     06F1  01B9               	clrf	TrunLight@seg2_num
  4951     06F2  0AB9               	incf	TrunLight@seg2_num,f
  4952     06F3                     l2016:
  4953                           
  4954                           ;D:\yiming\00work\FR761_V05_test2.X\func_ws2811.c: 234:   LATCbits.LATC5 = 1;
  4955     06F3  0022               	movlb	2	; select bank2
  4956     06F4  168E               	bsf	14,5	;volatile
  4957     06F5                     l2018:
  4958                           
  4959                           ;D:\yiming\00work\FR761_V05_test2.X\func_ws2811.c: 235:   LATCbits.LATC4 = 0;
  4960     06F5  120E               	bcf	14,4	;volatile
  4961     06F6                     l2020:
  4962                           
  4963                           ;D:\yiming\00work\FR761_V05_test2.X\func_ws2811.c: 237:   LED_OFF();
  4964     06F6  3182  222A  3186   	fcall	_LED_OFF
  4965     06F9                     l2022:
  4966                           
  4967                           ;D:\yiming\00work\FR761_V05_test2.X\func_ws2811.c: 238:   Delay_ms(1);
  4968     06F9  3001               	movlw	1
  4969     06FA  00F1               	movwf	Delay_ms@input_ms
  4970     06FB  3000               	movlw	0
  4971     06FC  00F2               	movwf	Delay_ms@input_ms+1
  4972     06FD  3182  22C5  3186   	fcall	_Delay_ms
  4973     0700                     l2024:
  4974                           
  4975                           ;D:\yiming\00work\FR761_V05_test2.X\func_ws2811.c: 241:   if(fTurn==1){
  4976     0700  0020               	movlb	0	; select bank0
  4977     0701  0334               	decf	_fTurn,w
  4978     0702  1D03               	btfss	3,2
  4979     0703  2F05               	goto	u931
  4980     0704  2F06               	goto	u930
  4981     0705                     u931:
  4982     0705  2F3C               	goto	l2036
  4983     0706                     u930:
  4984     0706                     l2026:
  4985                           
  4986                           ;D:\yiming\00work\FR761_V05_test2.X\func_ws2811.c: 242:     LED_SET(seg1_num, data);
  4987     0706  0837               	movf	TrunLight@data,w
  4988     0707  00F3               	movwf	LED_SET@InputData
  4989     0708  3000               	movlw	0
  4990     0709  3182  22AF  3186   	fcall	_LED_SET
  4991                           
  4992                           ;D:\yiming\00work\FR761_V05_test2.X\func_ws2811.c: 243:     LED_SET((4 * 3) - seg1_num, 
      +                          0x00);
  4993     070C  01F3               	clrf	LED_SET@InputData
  4994     070D  300C               	movlw	12
  4995     070E  3182  22AF  3186   	fcall	_LED_SET
  4996                           
  4997                           ;D:\yiming\00work\FR761_V05_test2.X\func_ws2811.c: 244:     LED_SET(seg2_num, data);
  4998     0711  0020               	movlb	0	; select bank0
  4999     0712  0837               	movf	TrunLight@data,w
  5000     0713  00F3               	movwf	LED_SET@InputData
  5001     0714  3001               	movlw	1
  5002     0715  3182  22AF  3186   	fcall	_LED_SET
  5003                           
  5004                           ;D:\yiming\00work\FR761_V05_test2.X\func_ws2811.c: 245:     LED_SET((2 * 3) - seg2_num, 
      +                          0x00);
  5005     0718  01F3               	clrf	LED_SET@InputData
  5006     0719  3005               	movlw	5
  5007     071A  3182  22AF  3186   	fcall	_LED_SET
  5008     071D                     l2028:
  5009                           
  5010                           ;D:\yiming\00work\FR761_V05_test2.X\func_ws2811.c: 246:     i=40;
  5011     071D  3028               	movlw	40
  5012     071E  0020               	movlb	0	; select bank0
  5013     071F  00A2               	movwf	_i
  5014     0720  3000               	movlw	0
  5015     0721  00A3               	movwf	_i+1
  5016                           
  5017                           ;D:\yiming\00work\FR761_V05_test2.X\func_ws2811.c: 247:     while(i-->0 && fTurn==1){
  5018     0722  2F2A               	goto	l2032
  5019     0723                     l2030:
  5020                           
  5021                           ;D:\yiming\00work\FR761_V05_test2.X\func_ws2811.c: 248:       Delay_ms(1);
  5022     0723  3001               	movlw	1
  5023     0724  00F1               	movwf	Delay_ms@input_ms
  5024     0725  3000               	movlw	0
  5025     0726  00F2               	movwf	Delay_ms@input_ms+1
  5026     0727  3182  22C5  3186   	fcall	_Delay_ms
  5027     072A                     l2032:
  5028                           
  5029                           ;D:\yiming\00work\FR761_V05_test2.X\func_ws2811.c: 247:     while(i-->0 && fTurn==1){
  5030     072A  3001               	movlw	1
  5031     072B  0020               	movlb	0	; select bank0
  5032     072C  02A2               	subwf	_i,f
  5033     072D  3000               	movlw	0
  5034     072E  3BA3               	subwfb	_i+1,f
  5035     072F  0A22               	incf	_i,w
  5036     0730  1D03               	skipz
  5037     0731  2F37               	goto	u940
  5038     0732  0A23               	incf	_i+1,w
  5039     0733  1903               	btfsc	3,2
  5040     0734  2F36               	goto	u941
  5041     0735  2F37               	goto	u940
  5042     0736                     u941:
  5043     0736  2F3C               	goto	l2036
  5044     0737                     u940:
  5045     0737                     l2034:
  5046     0737  0334               	decf	_fTurn,w
  5047     0738  1903               	btfsc	3,2
  5048     0739  2F3B               	goto	u951
  5049     073A  2F3C               	goto	u950
  5050     073B                     u951:
  5051     073B  2F23               	goto	l2030
  5052     073C                     u950:
  5053     073C                     l2036:
  5054                           
  5055                           ;D:\yiming\00work\FR761_V05_test2.X\func_ws2811.c: 253:   if(fTurn==1){
  5056     073C  0334               	decf	_fTurn,w
  5057     073D  1D03               	btfss	3,2
  5058     073E  2F40               	goto	u961
  5059     073F  2F41               	goto	u960
  5060     0740                     u961:
  5061     0740  2F8E               	goto	l2066
  5062     0741                     u960:
  5063     0741                     l2038:
  5064                           
  5065                           ;D:\yiming\00work\FR761_V05_test2.X\func_ws2811.c: 254:     for (j = 0; j < (2 * 3) - 2;
      +                           j++) {
  5066     0741  01B6               	clrf	TrunLight@j
  5067     0742                     l2044:
  5068                           
  5069                           ;D:\yiming\00work\FR761_V05_test2.X\func_ws2811.c: 255:       seg1_num += 1;
  5070     0742  3001               	movlw	1
  5071     0743  00F9               	movwf	??_TrunLight
  5072     0744  0879               	movf	??_TrunLight,w
  5073     0745  07B8               	addwf	TrunLight@seg1_num,f
  5074                           
  5075                           ;D:\yiming\00work\FR761_V05_test2.X\func_ws2811.c: 256:       seg2_num += 1;
  5076     0746  3001               	movlw	1
  5077     0747  00F9               	movwf	??_TrunLight
  5078     0748  0879               	movf	??_TrunLight,w
  5079     0749  07B9               	addwf	TrunLight@seg2_num,f
  5080     074A                     l2046:
  5081                           
  5082                           ;D:\yiming\00work\FR761_V05_test2.X\func_ws2811.c: 257:       LED_SET(seg1_num, data);
  5083     074A  0837               	movf	TrunLight@data,w
  5084     074B  00F3               	movwf	LED_SET@InputData
  5085     074C  0838               	movf	TrunLight@seg1_num,w
  5086     074D  3182  22AF  3186   	fcall	_LED_SET
  5087     0750                     l2048:
  5088                           
  5089                           ;D:\yiming\00work\FR761_V05_test2.X\func_ws2811.c: 258:       LED_SET((4 * 3) - seg1_num
      +                          , 0x00);
  5090     0750  01F3               	clrf	LED_SET@InputData
  5091     0751  0020               	movlb	0	; select bank0
  5092     0752  0838               	movf	TrunLight@seg1_num,w
  5093     0753  3C0C               	sublw	12
  5094     0754  3182  22AF  3186   	fcall	_LED_SET
  5095     0757                     l2050:
  5096                           
  5097                           ;D:\yiming\00work\FR761_V05_test2.X\func_ws2811.c: 259:       LED_SET(seg2_num, data);
  5098     0757  0020               	movlb	0	; select bank0
  5099     0758  0837               	movf	TrunLight@data,w
  5100     0759  00F3               	movwf	LED_SET@InputData
  5101     075A  0839               	movf	TrunLight@seg2_num,w
  5102     075B  3182  22AF  3186   	fcall	_LED_SET
  5103     075E                     l2052:
  5104                           
  5105                           ;D:\yiming\00work\FR761_V05_test2.X\func_ws2811.c: 260:       LED_SET((2 * 3) - seg2_num
      +                          , 0x00);
  5106     075E  01F3               	clrf	LED_SET@InputData
  5107     075F  0020               	movlb	0	; select bank0
  5108     0760  0839               	movf	TrunLight@seg2_num,w
  5109     0761  3C06               	sublw	6
  5110     0762  3182  22AF  3186   	fcall	_LED_SET
  5111     0765                     l2054:
  5112                           
  5113                           ;D:\yiming\00work\FR761_V05_test2.X\func_ws2811.c: 261:       i=40;
  5114     0765  3028               	movlw	40
  5115     0766  0020               	movlb	0	; select bank0
  5116     0767  00A2               	movwf	_i
  5117     0768  3000               	movlw	0
  5118     0769  00A3               	movwf	_i+1
  5119                           
  5120                           ;D:\yiming\00work\FR761_V05_test2.X\func_ws2811.c: 262:       while(i-->0 && fTurn==1){
  5121     076A  2F72               	goto	l2058
  5122     076B                     l2056:
  5123                           
  5124                           ;D:\yiming\00work\FR761_V05_test2.X\func_ws2811.c: 263:         Delay_ms(1);
  5125     076B  3001               	movlw	1
  5126     076C  00F1               	movwf	Delay_ms@input_ms
  5127     076D  3000               	movlw	0
  5128     076E  00F2               	movwf	Delay_ms@input_ms+1
  5129     076F  3182  22C5  3186   	fcall	_Delay_ms
  5130     0772                     l2058:
  5131                           
  5132                           ;D:\yiming\00work\FR761_V05_test2.X\func_ws2811.c: 262:       while(i-->0 && fTurn==1){
  5133     0772  3001               	movlw	1
  5134     0773  0020               	movlb	0	; select bank0
  5135     0774  02A2               	subwf	_i,f
  5136     0775  3000               	movlw	0
  5137     0776  3BA3               	subwfb	_i+1,f
  5138     0777  0A22               	incf	_i,w
  5139     0778  1D03               	skipz
  5140     0779  2F7F               	goto	u970
  5141     077A  0A23               	incf	_i+1,w
  5142     077B  1903               	btfsc	3,2
  5143     077C  2F7E               	goto	u971
  5144     077D  2F7F               	goto	u970
  5145     077E                     u971:
  5146     077E  2F84               	goto	l2062
  5147     077F                     u970:
  5148     077F                     l2060:
  5149     077F  0334               	decf	_fTurn,w
  5150     0780  1903               	btfsc	3,2
  5151     0781  2F83               	goto	u981
  5152     0782  2F84               	goto	u980
  5153     0783                     u981:
  5154     0783  2F6B               	goto	l2056
  5155     0784                     u980:
  5156     0784                     l2062:
  5157                           
  5158                           ;D:\yiming\00work\FR761_V05_test2.X\func_ws2811.c: 265:     }
  5159     0784  3001               	movlw	1
  5160     0785  00F9               	movwf	??_TrunLight
  5161     0786  0879               	movf	??_TrunLight,w
  5162     0787  07B6               	addwf	TrunLight@j,f
  5163     0788                     l2064:
  5164     0788  3004               	movlw	4
  5165     0789  0236               	subwf	TrunLight@j,w
  5166     078A  1C03               	skipc
  5167     078B  2F8D               	goto	u991
  5168     078C  2F8E               	goto	u990
  5169     078D                     u991:
  5170     078D  2F42               	goto	l2044
  5171     078E                     u990:
  5172     078E                     l2066:
  5173                           
  5174                           ;D:\yiming\00work\FR761_V05_test2.X\func_ws2811.c: 269:   if(fTurn==1){
  5175     078E  0334               	decf	_fTurn,w
  5176     078F  1D03               	btfss	3,2
  5177     0790  2F92               	goto	u1001
  5178     0791  2F93               	goto	u1000
  5179     0792                     u1001:
  5180     0792  2FCF               	goto	l2084
  5181     0793                     u1000:
  5182     0793                     l2068:
  5183                           
  5184                           ;D:\yiming\00work\FR761_V05_test2.X\func_ws2811.c: 271:     seg2_num = 6;
  5185     0793  3006               	movlw	6
  5186     0794  00B9               	movwf	TrunLight@seg2_num
  5187     0795                     l2070:
  5188                           
  5189                           ;D:\yiming\00work\FR761_V05_test2.X\func_ws2811.c: 272:     LED_SET(seg1_num, data);
  5190     0795  0837               	movf	TrunLight@data,w
  5191     0796  00F3               	movwf	LED_SET@InputData
  5192     0797  300C               	movlw	12
  5193     0798  3182  22AF  3186   	fcall	_LED_SET
  5194     079B                     l2072:
  5195                           
  5196                           ;D:\yiming\00work\FR761_V05_test2.X\func_ws2811.c: 273:     LED_SET((4 * 3) - seg1_num, 
      +                          0x00);
  5197     079B  01F3               	clrf	LED_SET@InputData
  5198     079C  3000               	movlw	0
  5199     079D  3182  22AF  3186   	fcall	_LED_SET
  5200     07A0                     l2074:
  5201                           
  5202                           ;D:\yiming\00work\FR761_V05_test2.X\func_ws2811.c: 274:     LED_SET(seg2_num, data);
  5203     07A0  0020               	movlb	0	; select bank0
  5204     07A1  0837               	movf	TrunLight@data,w
  5205     07A2  00F3               	movwf	LED_SET@InputData
  5206     07A3  3006               	movlw	6
  5207     07A4  3182  22AF  3186   	fcall	_LED_SET
  5208     07A7                     l2076:
  5209                           
  5210                           ;D:\yiming\00work\FR761_V05_test2.X\func_ws2811.c: 275:     LED_SET((2 * 3) - seg2_num, 
      +                          0x00);
  5211     07A7  01F3               	clrf	LED_SET@InputData
  5212     07A8  3000               	movlw	0
  5213     07A9  3182  22AF  3186   	fcall	_LED_SET
  5214                           
  5215                           ;D:\yiming\00work\FR761_V05_test2.X\func_ws2811.c: 276:     i=400;
  5216     07AC  3090               	movlw	144
  5217     07AD  0020               	movlb	0	; select bank0
  5218     07AE  00A2               	movwf	_i
  5219     07AF  3001               	movlw	1
  5220     07B0  00A3               	movwf	_i+1
  5221                           
  5222                           ;D:\yiming\00work\FR761_V05_test2.X\func_ws2811.c: 277:     while(i-->1 && fTurn==1){
  5223     07B1  2FB9               	goto	l2080
  5224     07B2                     l2078:
  5225                           
  5226                           ;D:\yiming\00work\FR761_V05_test2.X\func_ws2811.c: 278:       Delay_ms(1);
  5227     07B2  3001               	movlw	1
  5228     07B3  00F1               	movwf	Delay_ms@input_ms
  5229     07B4  3000               	movlw	0
  5230     07B5  00F2               	movwf	Delay_ms@input_ms+1
  5231     07B6  3182  22C5  3186   	fcall	_Delay_ms
  5232     07B9                     l2080:
  5233                           
  5234                           ;D:\yiming\00work\FR761_V05_test2.X\func_ws2811.c: 277:     while(i-->1 && fTurn==1){
  5235     07B9  0020               	movlb	0	; select bank0
  5236     07BA  0823               	movf	_i+1,w
  5237     07BB  00FA               	movwf	??_TrunLight+1
  5238     07BC  03A2               	decf	_i,f
  5239     07BD  0A22               	incf	_i,w
  5240     07BE  00F9               	movwf	??_TrunLight
  5241     07BF  1903               	skipnz
  5242     07C0  03A3               	decf	_i+1,f
  5243     07C1  3000               	movlw	0
  5244     07C2  027A               	subwf	??_TrunLight+1,w
  5245     07C3  3002               	movlw	2
  5246     07C4  1903               	skipnz
  5247     07C5  0279               	subwf	??_TrunLight,w
  5248     07C6  1C03               	skipc
  5249     07C7  2FC9               	goto	u1011
  5250     07C8  2FCA               	goto	u1010
  5251     07C9                     u1011:
  5252     07C9  2FCF               	goto	l2084
  5253     07CA                     u1010:
  5254     07CA                     l2082:
  5255     07CA  0334               	decf	_fTurn,w
  5256     07CB  1903               	btfsc	3,2
  5257     07CC  2FCE               	goto	u1021
  5258     07CD  2FCF               	goto	u1020
  5259     07CE                     u1021:
  5260     07CE  2FB2               	goto	l2078
  5261     07CF                     u1020:
  5262     07CF                     l2084:
  5263                           
  5264                           ;D:\yiming\00work\FR761_V05_test2.X\func_ws2811.c: 281:   if(i==0) fWelcome=1;
  5265     07CF  0822               	movf	_i,w
  5266     07D0  0423               	iorwf	_i+1,w
  5267     07D1  1D03               	btfss	3,2
  5268     07D2  2FD4               	goto	u1031
  5269     07D3  2FD5               	goto	u1030
  5270     07D4                     u1031:
  5271     07D4  2FDF               	goto	l2090
  5272     07D5                     u1030:
  5273     07D5                     l2086:
  5274     07D5  01B1               	clrf	_fWelcome
  5275     07D6  0AB1               	incf	_fWelcome,f
  5276     07D7  2FDF               	goto	l2090
  5277     07D8                     l2088:
  5278                           
  5279                           ;D:\yiming\00work\FR761_V05_test2.X\func_ws2811.c: 284:     Delay_ms(1);
  5280     07D8  3001               	movlw	1
  5281     07D9  00F1               	movwf	Delay_ms@input_ms
  5282     07DA  3000               	movlw	0
  5283     07DB  00F2               	movwf	Delay_ms@input_ms+1
  5284     07DC  3182  22C5  3186   	fcall	_Delay_ms
  5285     07DF                     l2090:
  5286                           
  5287                           ;D:\yiming\00work\FR761_V05_test2.X\func_ws2811.c: 283:   while(fTurn==1){
  5288     07DF  0020               	movlb	0	; select bank0
  5289     07E0  0334               	decf	_fTurn,w
  5290     07E1  1903               	btfsc	3,2
  5291     07E2  2FE4               	goto	u1041
  5292     07E3  2FE5               	goto	u1040
  5293     07E4                     u1041:
  5294     07E4  2FD8               	goto	l2088
  5295     07E5                     u1040:
  5296     07E5                     l2092:
  5297                           
  5298                           ;D:\yiming\00work\FR761_V05_test2.X\func_ws2811.c: 286:   LED_OFF();
  5299     07E5  3182  222A  3186   	fcall	_LED_OFF
  5300                           
  5301                           ;D:\yiming\00work\FR761_V05_test2.X\func_ws2811.c: 287:   Delay_ms(1);
  5302     07E8  3001               	movlw	1
  5303     07E9  00F1               	movwf	Delay_ms@input_ms
  5304     07EA  3000               	movlw	0
  5305     07EB  00F2               	movwf	Delay_ms@input_ms+1
  5306     07EC  3182  22C5  3186   	fcall	_Delay_ms
  5307     07EF                     l2094:
  5308                           
  5309                           ;D:\yiming\00work\FR761_V05_test2.X\func_ws2811.c: 288:   T1MS_disable_cnt = 600;
  5310     07EF  3058               	movlw	88
  5311     07F0  0020               	movlb	0	; select bank0
  5312     07F1  00A4               	movwf	_T1MS_disable_cnt
  5313     07F2  3002               	movlw	2
  5314     07F3  00A5               	movwf	_T1MS_disable_cnt+1
  5315     07F4                     l248:
  5316     07F4  0008               	return
  5317     07F5                     __end_of_TrunLight:
  5318                           
  5319                           	psect	text20
  5320     022A                     __ptext20:	
  5321 ;; *************** function _LED_OFF *****************
  5322 ;; Defined at:
  5323 ;;		line 34 in file "D:\yiming\00work\FR761_V05_test2.X\func_ws2811.c"
  5324 ;; Parameters:    Size  Location     Type
  5325 ;;		None
  5326 ;; Auto vars:     Size  Location     Type
  5327 ;;		None
  5328 ;; Return value:  Size  Location     Type
  5329 ;;                  1    wreg      void 
  5330 ;; Registers used:
  5331 ;;		wreg, status,2, status,0, pclath, cstack
  5332 ;; Tracked objects:
  5333 ;;		On entry : 0/0
  5334 ;;		On exit  : 0/0
  5335 ;;		Unchanged: 0/0
  5336 ;; Data sizes:     COMMON   BANK0   BANK1   BANK2   BANK3   BANK4   BANK5   BANK6
  5337 ;;      Params:         0       0       0       0       0       0       0       0
  5338 ;;      Locals:         0       0       0       0       0       0       0       0
  5339 ;;      Temps:          0       0       0       0       0       0       0       0
  5340 ;;      Totals:         0       0       0       0       0       0       0       0
  5341 ;;Total ram usage:        0 bytes
  5342 ;; Hardware stack levels used: 1
  5343 ;; Hardware stack levels required when called: 2
  5344 ;; This function calls:
  5345 ;;		_LED_SET
  5346 ;; This function is called by:
  5347 ;;		_software_Initialize
  5348 ;;		_func_main
  5349 ;;		_WelcomeLight
  5350 ;;		_TrunLight
  5351 ;; This function uses a non-reentrant model
  5352 ;;
  5353                           
  5354     022A                     _LED_OFF:	
  5355                           ;psect for function _LED_OFF
  5356                           
  5357     022A                     l1848:	
  5358                           ;incstack = 0
  5359                           ; Regs used in _LED_OFF: [wreg+status,2+status,0+pclath+cstack]
  5360                           
  5361                           
  5362                           ;D:\yiming\00work\FR761_V05_test2.X\func_ws2811.c: 36:   LED_SET(((4 * 3) + (2 * 3)), 0x
      +                          00);
  5363     022A  01F3               	clrf	LED_SET@InputData
  5364     022B  3012               	movlw	18
  5365     022C  3182  22AF  3182   	fcall	_LED_SET
  5366     022F                     l135:
  5367     022F  0008               	return
  5368     0230                     __end_of_LED_OFF:
  5369                           
  5370                           	psect	text21
  5371     050E                     __ptext21:	
  5372 ;; *************** function _Timer4 *****************
  5373 ;; Defined at:
  5374 ;;		line 24 in file "D:\yiming\00work\FR761_V05_test2.X\timer.c"
  5375 ;; Parameters:    Size  Location     Type
  5376 ;;		None
  5377 ;; Auto vars:     Size  Location     Type
  5378 ;;  temp            1    1[COMMON] unsigned char 
  5379 ;; Return value:  Size  Location     Type
  5380 ;;                  1    wreg      void 
  5381 ;; Registers used:
  5382 ;;		wreg, status,2, status,0
  5383 ;; Tracked objects:
  5384 ;;		On entry : 0/0
  5385 ;;		On exit  : 0/0
  5386 ;;		Unchanged: 0/0
  5387 ;; Data sizes:     COMMON   BANK0   BANK1   BANK2   BANK3   BANK4   BANK5   BANK6
  5388 ;;      Params:         0       0       0       0       0       0       0       0
  5389 ;;      Locals:         1       0       0       0       0       0       0       0
  5390 ;;      Temps:          1       0       0       0       0       0       0       0
  5391 ;;      Totals:         2       0       0       0       0       0       0       0
  5392 ;;Total ram usage:        2 bytes
  5393 ;; Hardware stack levels used: 1
  5394 ;; This function calls:
  5395 ;;		Nothing
  5396 ;; This function is called by:
  5397 ;;		_func_main
  5398 ;; This function uses a non-reentrant model
  5399 ;;
  5400                           
  5401     050E                     _Timer4:	
  5402                           ;psect for function _Timer4
  5403                           
  5404     050E                     l2208:	
  5405                           ;incstack = 0
  5406                           ; Regs used in _Timer4: [wreg+status,2+status,0]
  5407                           
  5408     050E                     l489:	
  5409                           ;D:\yiming\00work\FR761_V05_test2.X\timer.c: 25:   static uint8_t T1ms_cnt = 0;;D:\yimin
      +                          g\00work\FR761_V05_test2.X\timer.c: 26:   static flag_t TRB={0};;D:\yiming\00work\FR761_
      +                          V05_test2.X\timer.c: 29:   while (!PIR3bits.TMR4IF);
  5410                           
  5411     050E  0020               	movlb	0	; select bank0
  5412     050F  1C93               	btfss	19,1	;volatile
  5413     0510  2D12               	goto	u1151
  5414     0511  2D13               	goto	u1150
  5415     0512                     u1151:
  5416     0512  2D0E               	goto	l489
  5417     0513                     u1150:
  5418     0513                     l491:
  5419                           
  5420                           ;D:\yiming\00work\FR761_V05_test2.X\timer.c: 30:   PIR3bits.TMR4IF = 0;
  5421     0513  1093               	bcf	19,1	;volatile
  5422     0514                     l2210:
  5423                           
  5424                           ;D:\yiming\00work\FR761_V05_test2.X\timer.c: 31:   T1ms_cnt++;
  5425     0514  3001               	movlw	1
  5426     0515  00F0               	movwf	??_Timer4
  5427     0516  0870               	movf	??_Timer4,w
  5428     0517  07A7               	addwf	Timer4@T1ms_cnt,f
  5429     0518                     l2212:
  5430                           
  5431                           ;D:\yiming\00work\FR761_V05_test2.X\timer.c: 33:   if(T1ms_cnt>=5){
  5432     0518  3005               	movlw	5
  5433     0519  0227               	subwf	Timer4@T1ms_cnt,w
  5434     051A  1C03               	skipc
  5435     051B  2D1D               	goto	u1161
  5436     051C  2D1E               	goto	u1160
  5437     051D                     u1161:
  5438     051D  2D56               	goto	l503
  5439     051E                     u1160:
  5440     051E                     l2214:
  5441                           
  5442                           ;D:\yiming\00work\FR761_V05_test2.X\timer.c: 34:     T1ms_cnt=0;
  5443     051E  01A7               	clrf	Timer4@T1ms_cnt
  5444     051F                     l2216:
  5445     051F  1003               	clrc
  5446     0520  0022               	movlb	2	; select bank2
  5447     0521  1E0D               	btfss	13,4	;volatile
  5448     0522  1403               	setc
  5449     0523  1803               	btfsc	3,0
  5450     0524  2D26               	goto	u1171
  5451     0525  2D29               	goto	u1170
  5452     0526                     u1171:
  5453     0526  0022               	movlb	2	; select bank2
  5454     0527  160D               	bsf	13,4	;volatile
  5455     0528  2D2B               	goto	u1184
  5456     0529                     u1170:
  5457     0529  0022               	movlb	2	; select bank2
  5458     052A  120D               	bcf	13,4	;volatile
  5459     052B                     u1184:
  5460     052B                     l2218:
  5461                           
  5462                           ;D:\yiming\00work\FR761_V05_test2.X\timer.c: 37:     uint8_t temp=0;
  5463     052B  01F1               	clrf	Timer4@temp
  5464     052C                     l2220:
  5465                           
  5466                           ;D:\yiming\00work\FR761_V05_test2.X\timer.c: 38:     if(PORTCbits.RC1==1) temp|=1<<ePOS;
  5467     052C  0020               	movlb	0	; select bank0
  5468     052D  1C8E               	btfss	14,1	;volatile
  5469     052E  2D30               	goto	u1191
  5470     052F  2D31               	goto	u1190
  5471     0530                     u1191:
  5472     0530  2D32               	goto	l495
  5473     0531                     u1190:
  5474     0531                     l2222:
  5475     0531  14F1               	bsf	Timer4@temp,1
  5476     0532                     l495:
  5477                           
  5478                           ;D:\yiming\00work\FR761_V05_test2.X\timer.c: 39:     if(PORTAbits.RA6==1) temp|=1<<eDRL;
  5479     0532  1F0C               	btfss	12,6	;volatile
  5480     0533  2D35               	goto	u1201
  5481     0534  2D36               	goto	u1200
  5482     0535                     u1201:
  5483     0535  2D37               	goto	l496
  5484     0536                     u1200:
  5485     0536                     l2224:
  5486     0536  1571               	bsf	Timer4@temp,2
  5487     0537                     l496:
  5488                           
  5489                           ;D:\yiming\00work\FR761_V05_test2.X\timer.c: 40:     if(PORTCbits.RC2==1) temp|=1<<eTurn
      +                          ;
  5490     0537  1D0E               	btfss	14,2	;volatile
  5491     0538  2D3A               	goto	u1211
  5492     0539  2D3B               	goto	u1210
  5493     053A                     u1211:
  5494     053A  2D3C               	goto	l497
  5495     053B                     u1210:
  5496     053B                     l2226:
  5497     053B  1471               	bsf	Timer4@temp,0
  5498     053C                     l497:
  5499                           
  5500                           ;D:\yiming\00work\FR761_V05_test2.X\timer.c: 41:     if(PORTCbits.RC3==1) temp|=1<<eHiBe
      +                          am;
  5501     053C  1D8E               	btfss	14,3	;volatile
  5502     053D  2D3F               	goto	u1221
  5503     053E  2D40               	goto	u1220
  5504     053F                     u1221:
  5505     053F  2D41               	goto	l498
  5506     0540                     u1220:
  5507     0540                     l2228:
  5508     0540  16F1               	bsf	Timer4@temp,5
  5509     0541                     l498:
  5510                           
  5511                           ;D:\yiming\00work\FR761_V05_test2.X\timer.c: 42:     if(PORTAbits.RA3==1) temp|=1<<eLoBe
      +                          am;
  5512     0541  1D8C               	btfss	12,3	;volatile
  5513     0542  2D44               	goto	u1231
  5514     0543  2D45               	goto	u1230
  5515     0544                     u1231:
  5516     0544  2D46               	goto	l499
  5517     0545                     u1230:
  5518     0545                     l2230:
  5519     0545  1671               	bsf	Timer4@temp,4
  5520     0546                     l499:
  5521                           
  5522                           ;D:\yiming\00work\FR761_V05_test2.X\timer.c: 43:     if(PORTCbits.RC0==1) temp|=1<<eACC;
  5523     0546  1C0E               	btfss	14,0	;volatile
  5524     0547  2D49               	goto	u1241
  5525     0548  2D4A               	goto	u1240
  5526     0549                     u1241:
  5527     0549  2D4B               	goto	l2234
  5528     054A                     u1240:
  5529     054A                     l2232:
  5530     054A  15F1               	bsf	Timer4@temp,3
  5531     054B                     l2234:
  5532                           
  5533                           ;D:\yiming\00work\FR761_V05_test2.X\timer.c: 44:     if(temp ^ TRB.all_flags){
  5534     054B  0826               	movf	Timer4@TRB,w
  5535     054C  0671               	xorwf	Timer4@temp,w
  5536     054D  1903               	btfsc	3,2
  5537     054E  2D50               	goto	u1251
  5538     054F  2D51               	goto	u1250
  5539     0550                     u1251:
  5540     0550  2D54               	goto	l2238
  5541     0551                     u1250:
  5542     0551                     l2236:
  5543                           
  5544                           ;D:\yiming\00work\FR761_V05_test2.X\timer.c: 45:       TRB.all_flags = temp;
  5545     0551  0871               	movf	Timer4@temp,w
  5546     0552  00A6               	movwf	Timer4@TRB
  5547                           
  5548                           ;D:\yiming\00work\FR761_V05_test2.X\timer.c: 46:     }else{
  5549     0553  2D56               	goto	l503
  5550     0554                     l2238:
  5551                           
  5552                           ;D:\yiming\00work\FR761_V05_test2.X\timer.c: 47:       ORB.all_flags = temp;
  5553     0554  0871               	movf	Timer4@temp,w
  5554     0555  00B0               	movwf	_ORB
  5555     0556                     l503:
  5556     0556  0008               	return
  5557     0557                     __end_of_Timer4:
  5558                           
  5559                           	psect	text22
  5560     02F4                     __ptext22:	
  5561 ;; *************** function _POS_Light *****************
  5562 ;; Defined at:
  5563 ;;		line 307 in file "D:\yiming\00work\FR761_V05_test2.X\func_ws2811.c"
  5564 ;; Parameters:    Size  Location     Type
  5565 ;;		None
  5566 ;; Auto vars:     Size  Location     Type
  5567 ;;		None
  5568 ;; Return value:  Size  Location     Type
  5569 ;;                  1    wreg      void 
  5570 ;; Registers used:
  5571 ;;		wreg, status,2, status,0, pclath, cstack
  5572 ;; Tracked objects:
  5573 ;;		On entry : 0/0
  5574 ;;		On exit  : 0/0
  5575 ;;		Unchanged: 0/0
  5576 ;; Data sizes:     COMMON   BANK0   BANK1   BANK2   BANK3   BANK4   BANK5   BANK6
  5577 ;;      Params:         0       0       0       0       0       0       0       0
  5578 ;;      Locals:         0       0       0       0       0       0       0       0
  5579 ;;      Temps:          0       0       0       0       0       0       0       0
  5580 ;;      Totals:         0       0       0       0       0       0       0       0
  5581 ;;Total ram usage:        0 bytes
  5582 ;; Hardware stack levels used: 1
  5583 ;; Hardware stack levels required when called: 3
  5584 ;; This function calls:
  5585 ;;		_Delay_ms
  5586 ;;		_LED_ON
  5587 ;; This function is called by:
  5588 ;;		_func_main
  5589 ;; This function uses a non-reentrant model
  5590 ;;
  5591                           
  5592     02F4                     _POS_Light:	
  5593                           ;psect for function _POS_Light
  5594                           
  5595     02F4                     l2272:	
  5596                           ;incstack = 0
  5597                           ; Regs used in _POS_Light: [wreg+status,2+status,0+pclath+cstack]
  5598                           
  5599                           
  5600                           ;D:\yiming\00work\FR761_V05_test2.X\func_ws2811.c: 309:   if (PORTBbits.RB2 == COLOR_YEL
      +                          LOW) {
  5601     02F4  0020               	movlb	0	; select bank0
  5602     02F5  190D               	btfsc	13,2	;volatile
  5603     02F6  2AF8               	goto	u1301
  5604     02F7  2AF9               	goto	u1300
  5605     02F8                     u1301:
  5606     02F8  2AFD               	goto	l256
  5607     02F9                     u1300:
  5608     02F9                     l2274:
  5609                           
  5610                           ;D:\yiming\00work\FR761_V05_test2.X\func_ws2811.c: 311:     LATCbits.LATC5 = 1;
  5611     02F9  0022               	movlb	2	; select bank2
  5612     02FA  168E               	bsf	14,5	;volatile
  5613                           
  5614                           ;D:\yiming\00work\FR761_V05_test2.X\func_ws2811.c: 312:     LATCbits.LATC4 = 0;
  5615     02FB  120E               	bcf	14,4	;volatile
  5616                           
  5617                           ;D:\yiming\00work\FR761_V05_test2.X\func_ws2811.c: 313:   } else {
  5618     02FC  2B00               	goto	l2276
  5619     02FD                     l256:
  5620                           
  5621                           ;D:\yiming\00work\FR761_V05_test2.X\func_ws2811.c: 315:     LATCbits.LATC5 = 0;
  5622     02FD  0022               	movlb	2	; select bank2
  5623     02FE  128E               	bcf	14,5	;volatile
  5624                           
  5625                           ;D:\yiming\00work\FR761_V05_test2.X\func_ws2811.c: 316:     LATCbits.LATC4 = 1;
  5626     02FF  160E               	bsf	14,4	;volatile
  5627     0300                     l2276:
  5628                           
  5629                           ;D:\yiming\00work\FR761_V05_test2.X\func_ws2811.c: 319:   Delay_ms(2);
  5630     0300  3002               	movlw	2
  5631     0301  00F1               	movwf	Delay_ms@input_ms
  5632     0302  3000               	movlw	0
  5633     0303  00F2               	movwf	Delay_ms@input_ms+1
  5634     0304  3182  22C5  3182   	fcall	_Delay_ms
  5635                           
  5636                           ;D:\yiming\00work\FR761_V05_test2.X\func_ws2811.c: 320:   LED_ON(25);
  5637     0307  3019               	movlw	25
  5638     0308  3182  2252  3182   	fcall	_LED_ON
  5639     030B                     l258:
  5640     030B  0008               	return
  5641     030C                     __end_of_POS_Light:
  5642                           
  5643                           	psect	text23
  5644     021C                     __ptext23:	
  5645 ;; *************** function _LoBeam_ON *****************
  5646 ;; Defined at:
  5647 ;;		line 25 in file "D:\yiming\00work\FR761_V05_test2.X\gpio.c"
  5648 ;; Parameters:    Size  Location     Type
  5649 ;;		None
  5650 ;; Auto vars:     Size  Location     Type
  5651 ;;		None
  5652 ;; Return value:  Size  Location     Type
  5653 ;;                  1    wreg      void 
  5654 ;; Registers used:
  5655 ;;		None
  5656 ;; Tracked objects:
  5657 ;;		On entry : 0/0
  5658 ;;		On exit  : 0/0
  5659 ;;		Unchanged: 0/0
  5660 ;; Data sizes:     COMMON   BANK0   BANK1   BANK2   BANK3   BANK4   BANK5   BANK6
  5661 ;;      Params:         0       0       0       0       0       0       0       0
  5662 ;;      Locals:         0       0       0       0       0       0       0       0
  5663 ;;      Temps:          0       0       0       0       0       0       0       0
  5664 ;;      Totals:         0       0       0       0       0       0       0       0
  5665 ;;Total ram usage:        0 bytes
  5666 ;; Hardware stack levels used: 1
  5667 ;; This function calls:
  5668 ;;		Nothing
  5669 ;; This function is called by:
  5670 ;;		_func_main
  5671 ;; This function uses a non-reentrant model
  5672 ;;
  5673                           
  5674     021C                     _LoBeam_ON:	
  5675                           ;psect for function _LoBeam_ON
  5676                           
  5677     021C                     l2240:	
  5678                           ;incstack = 0
  5679                           ; Regs used in _LoBeam_ON: []
  5680                           
  5681                           
  5682                           ;D:\yiming\00work\FR761_V05_test2.X\gpio.c: 26:   LATBbits.LATB1 = 1;
  5683     021C  0022               	movlb	2	; select bank2
  5684     021D  148D               	bsf	13,1	;volatile
  5685                           
  5686                           ;D:\yiming\00work\FR761_V05_test2.X\gpio.c: 27:   LATAbits.LATA0 = 1;
  5687     021E  140C               	bsf	12,0	;volatile
  5688     021F                     l281:
  5689     021F  0008               	return
  5690     0220                     __end_of_LoBeam_ON:
  5691                           
  5692                           	psect	text24
  5693     0218                     __ptext24:	
  5694 ;; *************** function _LoBeam_OFF *****************
  5695 ;; Defined at:
  5696 ;;		line 30 in file "D:\yiming\00work\FR761_V05_test2.X\gpio.c"
  5697 ;; Parameters:    Size  Location     Type
  5698 ;;		None
  5699 ;; Auto vars:     Size  Location     Type
  5700 ;;		None
  5701 ;; Return value:  Size  Location     Type
  5702 ;;                  1    wreg      void 
  5703 ;; Registers used:
  5704 ;;		None
  5705 ;; Tracked objects:
  5706 ;;		On entry : 0/0
  5707 ;;		On exit  : 0/0
  5708 ;;		Unchanged: 0/0
  5709 ;; Data sizes:     COMMON   BANK0   BANK1   BANK2   BANK3   BANK4   BANK5   BANK6
  5710 ;;      Params:         0       0       0       0       0       0       0       0
  5711 ;;      Locals:         0       0       0       0       0       0       0       0
  5712 ;;      Temps:          0       0       0       0       0       0       0       0
  5713 ;;      Totals:         0       0       0       0       0       0       0       0
  5714 ;;Total ram usage:        0 bytes
  5715 ;; Hardware stack levels used: 1
  5716 ;; This function calls:
  5717 ;;		Nothing
  5718 ;; This function is called by:
  5719 ;;		_func_main
  5720 ;; This function uses a non-reentrant model
  5721 ;;
  5722                           
  5723     0218                     _LoBeam_OFF:	
  5724                           ;psect for function _LoBeam_OFF
  5725                           
  5726     0218                     l2242:	
  5727                           ;incstack = 0
  5728                           ; Regs used in _LoBeam_OFF: []
  5729                           
  5730                           
  5731                           ;D:\yiming\00work\FR761_V05_test2.X\gpio.c: 31:   LATBbits.LATB1 = 0;
  5732     0218  0022               	movlb	2	; select bank2
  5733     0219  108D               	bcf	13,1	;volatile
  5734                           
  5735                           ;D:\yiming\00work\FR761_V05_test2.X\gpio.c: 32:   LATAbits.LATA0 = 0;
  5736     021A  100C               	bcf	12,0	;volatile
  5737     021B                     l284:
  5738     021B  0008               	return
  5739     021C                     __end_of_LoBeam_OFF:
  5740                           
  5741                           	psect	text25
  5742     0214                     __ptext25:	
  5743 ;; *************** function _HiBeam_ON *****************
  5744 ;; Defined at:
  5745 ;;		line 35 in file "D:\yiming\00work\FR761_V05_test2.X\gpio.c"
  5746 ;; Parameters:    Size  Location     Type
  5747 ;;		None
  5748 ;; Auto vars:     Size  Location     Type
  5749 ;;		None
  5750 ;; Return value:  Size  Location     Type
  5751 ;;                  1    wreg      void 
  5752 ;; Registers used:
  5753 ;;		None
  5754 ;; Tracked objects:
  5755 ;;		On entry : 0/0
  5756 ;;		On exit  : 0/0
  5757 ;;		Unchanged: 0/0
  5758 ;; Data sizes:     COMMON   BANK0   BANK1   BANK2   BANK3   BANK4   BANK5   BANK6
  5759 ;;      Params:         0       0       0       0       0       0       0       0
  5760 ;;      Locals:         0       0       0       0       0       0       0       0
  5761 ;;      Temps:          0       0       0       0       0       0       0       0
  5762 ;;      Totals:         0       0       0       0       0       0       0       0
  5763 ;;Total ram usage:        0 bytes
  5764 ;; Hardware stack levels used: 1
  5765 ;; This function calls:
  5766 ;;		Nothing
  5767 ;; This function is called by:
  5768 ;;		_func_main
  5769 ;; This function uses a non-reentrant model
  5770 ;;
  5771                           
  5772     0214                     _HiBeam_ON:	
  5773                           ;psect for function _HiBeam_ON
  5774                           
  5775     0214                     l2244:	
  5776                           ;incstack = 0
  5777                           ; Regs used in _HiBeam_ON: []
  5778                           
  5779                           
  5780                           ;D:\yiming\00work\FR761_V05_test2.X\gpio.c: 36:   LATBbits.LATB4 = 1;
  5781     0214  0022               	movlb	2	; select bank2
  5782     0215  160D               	bsf	13,4	;volatile
  5783                           
  5784                           ;D:\yiming\00work\FR761_V05_test2.X\gpio.c: 37:   LATBbits.LATB5 = 1;
  5785     0216  168D               	bsf	13,5	;volatile
  5786     0217                     l287:
  5787     0217  0008               	return
  5788     0218                     __end_of_HiBeam_ON:
  5789                           
  5790                           	psect	text26
  5791     0210                     __ptext26:	
  5792 ;; *************** function _HiBeam_OFF *****************
  5793 ;; Defined at:
  5794 ;;		line 40 in file "D:\yiming\00work\FR761_V05_test2.X\gpio.c"
  5795 ;; Parameters:    Size  Location     Type
  5796 ;;		None
  5797 ;; Auto vars:     Size  Location     Type
  5798 ;;		None
  5799 ;; Return value:  Size  Location     Type
  5800 ;;                  1    wreg      void 
  5801 ;; Registers used:
  5802 ;;		None
  5803 ;; Tracked objects:
  5804 ;;		On entry : 0/0
  5805 ;;		On exit  : 0/0
  5806 ;;		Unchanged: 0/0
  5807 ;; Data sizes:     COMMON   BANK0   BANK1   BANK2   BANK3   BANK4   BANK5   BANK6
  5808 ;;      Params:         0       0       0       0       0       0       0       0
  5809 ;;      Locals:         0       0       0       0       0       0       0       0
  5810 ;;      Temps:          0       0       0       0       0       0       0       0
  5811 ;;      Totals:         0       0       0       0       0       0       0       0
  5812 ;;Total ram usage:        0 bytes
  5813 ;; Hardware stack levels used: 1
  5814 ;; This function calls:
  5815 ;;		Nothing
  5816 ;; This function is called by:
  5817 ;;		_func_main
  5818 ;; This function uses a non-reentrant model
  5819 ;;
  5820                           
  5821     0210                     _HiBeam_OFF:	
  5822                           ;psect for function _HiBeam_OFF
  5823                           
  5824     0210                     l2246:	
  5825                           ;incstack = 0
  5826                           ; Regs used in _HiBeam_OFF: []
  5827                           
  5828                           
  5829                           ;D:\yiming\00work\FR761_V05_test2.X\gpio.c: 41:   LATBbits.LATB4 = 0;
  5830     0210  0022               	movlb	2	; select bank2
  5831     0211  120D               	bcf	13,4	;volatile
  5832                           
  5833                           ;D:\yiming\00work\FR761_V05_test2.X\gpio.c: 42:   LATBbits.LATB5 = 0;
  5834     0212  128D               	bcf	13,5	;volatile
  5835     0213                     l290:
  5836     0213  0008               	return
  5837     0214                     __end_of_HiBeam_OFF:
  5838                           
  5839                           	psect	text27
  5840     02DC                     __ptext27:	
  5841 ;; *************** function _DRL_Light *****************
  5842 ;; Defined at:
  5843 ;;		line 291 in file "D:\yiming\00work\FR761_V05_test2.X\func_ws2811.c"
  5844 ;; Parameters:    Size  Location     Type
  5845 ;;		None
  5846 ;; Auto vars:     Size  Location     Type
  5847 ;;		None
  5848 ;; Return value:  Size  Location     Type
  5849 ;;                  1    wreg      void 
  5850 ;; Registers used:
  5851 ;;		wreg, status,2, status,0, pclath, cstack
  5852 ;; Tracked objects:
  5853 ;;		On entry : 0/0
  5854 ;;		On exit  : 0/0
  5855 ;;		Unchanged: 0/0
  5856 ;; Data sizes:     COMMON   BANK0   BANK1   BANK2   BANK3   BANK4   BANK5   BANK6
  5857 ;;      Params:         0       0       0       0       0       0       0       0
  5858 ;;      Locals:         0       0       0       0       0       0       0       0
  5859 ;;      Temps:          0       0       0       0       0       0       0       0
  5860 ;;      Totals:         0       0       0       0       0       0       0       0
  5861 ;;Total ram usage:        0 bytes
  5862 ;; Hardware stack levels used: 1
  5863 ;; Hardware stack levels required when called: 3
  5864 ;; This function calls:
  5865 ;;		_Delay_ms
  5866 ;;		_LED_ON
  5867 ;; This function is called by:
  5868 ;;		_func_main
  5869 ;; This function uses a non-reentrant model
  5870 ;;
  5871                           
  5872     02DC                     _DRL_Light:	
  5873                           ;psect for function _DRL_Light
  5874                           
  5875     02DC                     l2266:	
  5876                           ;incstack = 0
  5877                           ; Regs used in _DRL_Light: [wreg+status,2+status,0+pclath+cstack]
  5878                           
  5879                           
  5880                           ;D:\yiming\00work\FR761_V05_test2.X\func_ws2811.c: 293:   if (PORTBbits.RB2 == COLOR_YEL
      +                          LOW) {
  5881     02DC  0020               	movlb	0	; select bank0
  5882     02DD  190D               	btfsc	13,2	;volatile
  5883     02DE  2AE0               	goto	u1291
  5884     02DF  2AE1               	goto	u1290
  5885     02E0                     u1291:
  5886     02E0  2AE5               	goto	l251
  5887     02E1                     u1290:
  5888     02E1                     l2268:
  5889                           
  5890                           ;D:\yiming\00work\FR761_V05_test2.X\func_ws2811.c: 295:     LATCbits.LATC5 = 1;
  5891     02E1  0022               	movlb	2	; select bank2
  5892     02E2  168E               	bsf	14,5	;volatile
  5893                           
  5894                           ;D:\yiming\00work\FR761_V05_test2.X\func_ws2811.c: 296:     LATCbits.LATC4 = 0;
  5895     02E3  120E               	bcf	14,4	;volatile
  5896                           
  5897                           ;D:\yiming\00work\FR761_V05_test2.X\func_ws2811.c: 297:   } else {
  5898     02E4  2AE8               	goto	l2270
  5899     02E5                     l251:
  5900                           
  5901                           ;D:\yiming\00work\FR761_V05_test2.X\func_ws2811.c: 299:     LATCbits.LATC5 = 0;
  5902     02E5  0022               	movlb	2	; select bank2
  5903     02E6  128E               	bcf	14,5	;volatile
  5904                           
  5905                           ;D:\yiming\00work\FR761_V05_test2.X\func_ws2811.c: 300:     LATCbits.LATC4 = 1;
  5906     02E7  160E               	bsf	14,4	;volatile
  5907     02E8                     l2270:
  5908                           
  5909                           ;D:\yiming\00work\FR761_V05_test2.X\func_ws2811.c: 303:   Delay_ms(2);
  5910     02E8  3002               	movlw	2
  5911     02E9  00F1               	movwf	Delay_ms@input_ms
  5912     02EA  3000               	movlw	0
  5913     02EB  00F2               	movwf	Delay_ms@input_ms+1
  5914     02EC  3182  22C5  3182   	fcall	_Delay_ms
  5915                           
  5916                           ;D:\yiming\00work\FR761_V05_test2.X\func_ws2811.c: 304:   LED_ON(255);
  5917     02EF  30FF               	movlw	255
  5918     02F0  3182  2252  3182   	fcall	_LED_ON
  5919     02F3                     l253:
  5920     02F3  0008               	return
  5921     02F4                     __end_of_DRL_Light:
  5922                           
  5923                           	psect	text28
  5924     0252                     __ptext28:	
  5925 ;; *************** function _LED_ON *****************
  5926 ;; Defined at:
  5927 ;;		line 40 in file "D:\yiming\00work\FR761_V05_test2.X\func_ws2811.c"
  5928 ;; Parameters:    Size  Location     Type
  5929 ;;  InputData       1    wreg     unsigned char 
  5930 ;; Auto vars:     Size  Location     Type
  5931 ;;  InputData       1    9[COMMON] unsigned char 
  5932 ;;  data            1   10[COMMON] unsigned char 
  5933 ;; Return value:  Size  Location     Type
  5934 ;;                  1    wreg      void 
  5935 ;; Registers used:
  5936 ;;		wreg, status,2, status,0, pclath, cstack
  5937 ;; Tracked objects:
  5938 ;;		On entry : 0/0
  5939 ;;		On exit  : 0/0
  5940 ;;		Unchanged: 0/0
  5941 ;; Data sizes:     COMMON   BANK0   BANK1   BANK2   BANK3   BANK4   BANK5   BANK6
  5942 ;;      Params:         0       0       0       0       0       0       0       0
  5943 ;;      Locals:         2       0       0       0       0       0       0       0
  5944 ;;      Temps:          0       0       0       0       0       0       0       0
  5945 ;;      Totals:         2       0       0       0       0       0       0       0
  5946 ;;Total ram usage:        2 bytes
  5947 ;; Hardware stack levels used: 1
  5948 ;; Hardware stack levels required when called: 2
  5949 ;; This function calls:
  5950 ;;		_LED_SET
  5951 ;; This function is called by:
  5952 ;;		_WelcomeLight
  5953 ;;		_DRL_Light
  5954 ;;		_POS_Light
  5955 ;; This function uses a non-reentrant model
  5956 ;;
  5957                           
  5958     0252                     _LED_ON:	
  5959                           ;psect for function _LED_ON
  5960                           
  5961                           
  5962                           ;incstack = 0
  5963                           ; Regs used in _LED_ON: [wreg+status,2+status,0+pclath+cstack]
  5964                           ;LED_ON@InputData stored from wreg
  5965     0252  00F9               	movwf	LED_ON@InputData
  5966     0253                     l1850:
  5967                           
  5968                           ;D:\yiming\00work\FR761_V05_test2.X\func_ws2811.c: 41:     uint8_t data = InputData;
  5969     0253  0879               	movf	LED_ON@InputData,w
  5970     0254  00FA               	movwf	LED_ON@data
  5971     0255                     l1852:
  5972                           
  5973                           ;D:\yiming\00work\FR761_V05_test2.X\func_ws2811.c: 42:     LED_SET(((4 * 3) + (2 * 3)), 
      +                          data);
  5974     0255  087A               	movf	LED_ON@data,w
  5975     0256  00F3               	movwf	LED_SET@InputData
  5976     0257  3012               	movlw	18
  5977     0258  3182  22AF  3182   	fcall	_LED_SET
  5978     025B                     l138:
  5979     025B  0008               	return
  5980     025C                     __end_of_LED_ON:
  5981                           
  5982                           	psect	text29
  5983     02AF                     __ptext29:	
  5984 ;; *************** function _LED_SET *****************
  5985 ;; Defined at:
  5986 ;;		line 55 in file "D:\yiming\00work\FR761_V05_test2.X\PWM.c"
  5987 ;; Parameters:    Size  Location     Type
  5988 ;;  LED_num         1    wreg     unsigned char 
  5989 ;;  InputData       1    3[COMMON] unsigned char 
  5990 ;; Auto vars:     Size  Location     Type
  5991 ;;  LED_num         1    5[COMMON] unsigned char 
  5992 ;;  i               1    8[COMMON] unsigned char 
  5993 ;;  num             1    7[COMMON] unsigned char 
  5994 ;;  data            1    6[COMMON] unsigned char 
  5995 ;; Return value:  Size  Location     Type
  5996 ;;                  1    wreg      void 
  5997 ;; Registers used:
  5998 ;;		wreg, status,2, status,0, pclath, cstack
  5999 ;; Tracked objects:
  6000 ;;		On entry : 0/0
  6001 ;;		On exit  : 0/0
  6002 ;;		Unchanged: 0/0
  6003 ;; Data sizes:     COMMON   BANK0   BANK1   BANK2   BANK3   BANK4   BANK5   BANK6
  6004 ;;      Params:         1       0       0       0       0       0       0       0
  6005 ;;      Locals:         4       0       0       0       0       0       0       0
  6006 ;;      Temps:          1       0       0       0       0       0       0       0
  6007 ;;      Totals:         6       0       0       0       0       0       0       0
  6008 ;;Total ram usage:        6 bytes
  6009 ;; Hardware stack levels used: 1
  6010 ;; Hardware stack levels required when called: 1
  6011 ;; This function calls:
  6012 ;;		_PWM_SendData
  6013 ;; This function is called by:
  6014 ;;		_LED_OFF
  6015 ;;		_LED_ON
  6016 ;;		_LED_SET_Gradually_ON
  6017 ;;		_Streamer_SEG1_ON
  6018 ;;		_Streamer_SEG1_TEST
  6019 ;;		_Streamer_SEG1_OFF
  6020 ;;		_Streamer_SEG2_ON
  6021 ;;		_Streamer_SEG2_TEST
  6022 ;;		_TrunLight
  6023 ;; This function uses a non-reentrant model
  6024 ;;
  6025                           
  6026     02AF                     _LED_SET:	
  6027                           ;psect for function _LED_SET
  6028                           
  6029                           
  6030                           ;incstack = 0
  6031                           ; Regs used in _LED_SET: [wreg+status,2+status,0+pclath+cstack]
  6032                           ;LED_SET@LED_num stored from wreg
  6033     02AF  00F5               	movwf	LED_SET@LED_num
  6034     02B0                     l1808:
  6035                           
  6036                           ;D:\yiming\00work\FR761_V05_test2.X\PWM.c: 56:   uint8_t data = InputData;
  6037     02B0  0873               	movf	LED_SET@InputData,w
  6038     02B1  00F6               	movwf	LED_SET@data
  6039                           
  6040                           ;D:\yiming\00work\FR761_V05_test2.X\PWM.c: 57:   uint8_t num = LED_num;
  6041     02B2  0875               	movf	LED_SET@LED_num,w
  6042     02B3  00F7               	movwf	LED_SET@num
  6043     02B4                     l1810:
  6044                           
  6045                           ;D:\yiming\00work\FR761_V05_test2.X\PWM.c: 59:   for (uint8_t i = 0; i < num; i++) {
  6046     02B4  01F8               	clrf	LED_SET@i
  6047     02B5  2ABE               	goto	l1816
  6048     02B6                     l1812:
  6049                           
  6050                           ;D:\yiming\00work\FR761_V05_test2.X\PWM.c: 60:     PWM_SendData(data);
  6051     02B6  0876               	movf	LED_SET@data,w
  6052     02B7  3183  2341  3182   	fcall	_PWM_SendData
  6053     02BA                     l1814:
  6054                           
  6055                           ;D:\yiming\00work\FR761_V05_test2.X\PWM.c: 61:   }
  6056     02BA  3001               	movlw	1
  6057     02BB  00F4               	movwf	??_LED_SET
  6058     02BC  0874               	movf	??_LED_SET,w
  6059     02BD  07F8               	addwf	LED_SET@i,f
  6060     02BE                     l1816:
  6061     02BE  0877               	movf	LED_SET@num,w
  6062     02BF  0278               	subwf	LED_SET@i,w
  6063     02C0  1C03               	skipc
  6064     02C1  2AC3               	goto	u661
  6065     02C2  2AC4               	goto	u660
  6066     02C3                     u661:
  6067     02C3  2AB6               	goto	l1812
  6068     02C4                     u660:
  6069     02C4                     l24:
  6070     02C4  0008               	return
  6071     02C5                     __end_of_LED_SET:
  6072                           
  6073                           	psect	text30
  6074     0341                     __ptext30:	
  6075 ;; *************** function _PWM_SendData *****************
  6076 ;; Defined at:
  6077 ;;		line 32 in file "D:\yiming\00work\FR761_V05_test2.X\PWM.c"
  6078 ;; Parameters:    Size  Location     Type
  6079 ;;  InputData       1    wreg     unsigned char 
  6080 ;; Auto vars:     Size  Location     Type
  6081 ;;  InputData       1    0[COMMON] unsigned char 
  6082 ;;  bitmask         1    2[COMMON] unsigned char 
  6083 ;;  data            1    1[COMMON] unsigned char 
  6084 ;; Return value:  Size  Location     Type
  6085 ;;                  1    wreg      void 
  6086 ;; Registers used:
  6087 ;;		wreg, status,2, status,0
  6088 ;; Tracked objects:
  6089 ;;		On entry : 0/0
  6090 ;;		On exit  : 0/0
  6091 ;;		Unchanged: 0/0
  6092 ;; Data sizes:     COMMON   BANK0   BANK1   BANK2   BANK3   BANK4   BANK5   BANK6
  6093 ;;      Params:         0       0       0       0       0       0       0       0
  6094 ;;      Locals:         3       0       0       0       0       0       0       0
  6095 ;;      Temps:          0       0       0       0       0       0       0       0
  6096 ;;      Totals:         3       0       0       0       0       0       0       0
  6097 ;;Total ram usage:        3 bytes
  6098 ;; Hardware stack levels used: 1
  6099 ;; This function calls:
  6100 ;;		Nothing
  6101 ;; This function is called by:
  6102 ;;		_LED_SET
  6103 ;; This function uses a non-reentrant model
  6104 ;;
  6105                           
  6106     0341                     _PWM_SendData:	
  6107                           ;psect for function _PWM_SendData
  6108                           
  6109                           
  6110                           ;incstack = 0
  6111                           ; Regs used in _PWM_SendData: [wreg+status,2+status,0]
  6112                           ;PWM_SendData@InputData stored from wreg
  6113     0341  00F0               	movwf	PWM_SendData@InputData
  6114     0342                     l1756:
  6115                           
  6116                           ;D:\yiming\00work\FR761_V05_test2.X\PWM.c: 33:   uint8_t bitmask = 0x80;
  6117     0342  3080               	movlw	128
  6118     0343  00F2               	movwf	PWM_SendData@bitmask
  6119                           
  6120                           ;D:\yiming\00work\FR761_V05_test2.X\PWM.c: 34:   uint8_t data = InputData;
  6121     0344  0870               	movf	PWM_SendData@InputData,w
  6122     0345  00F1               	movwf	PWM_SendData@data
  6123     0346                     l1758:
  6124                           
  6125                           ;D:\yiming\00work\FR761_V05_test2.X\PWM.c: 37:   TMR6 = PR6 - 10;
  6126     0346  0028               	movlb	8	; select bank8
  6127     0347  081D               	movf	29,w	;volatile
  6128     0348  3EF6               	addlw	246
  6129     0349  009C               	movwf	28	;volatile
  6130     034A                     l1760:
  6131                           
  6132                           ;D:\yiming\00work\FR761_V05_test2.X\PWM.c: 40:     if (data & bitmask) {
  6133     034A  0871               	movf	PWM_SendData@data,w
  6134     034B  0572               	andwf	PWM_SendData@bitmask,w
  6135     034C  1903               	btfsc	3,2
  6136     034D  2B4F               	goto	u561
  6137     034E  2B50               	goto	u560
  6138     034F                     u561:
  6139     034F  2B54               	goto	l1764
  6140     0350                     u560:
  6141     0350                     l1762:
  6142                           
  6143                           ;D:\yiming\00work\FR761_V05_test2.X\PWM.c: 41:       CCPR5L = 6;
  6144     0350  3006               	movlw	6
  6145     0351  0026               	movlb	6	; select bank6
  6146     0352  009C               	movwf	28	;volatile
  6147                           
  6148                           ;D:\yiming\00work\FR761_V05_test2.X\PWM.c: 42:     } else {
  6149     0353  2B57               	goto	l14
  6150     0354                     l1764:
  6151                           
  6152                           ;D:\yiming\00work\FR761_V05_test2.X\PWM.c: 43:       CCPR5L = 3;
  6153     0354  3003               	movlw	3
  6154     0355  0026               	movlb	6	; select bank6
  6155     0356  009C               	movwf	28	;volatile
  6156     0357                     l14:	
  6157                           ;D:\yiming\00work\FR761_V05_test2.X\PWM.c: 46:     };
  6158                           
  6159                           
  6160                           ;D:\yiming\00work\FR761_V05_test2.X\PWM.c: 45:     while (!PIR3bits.TMR6IF) {
  6161     0357  0020               	movlb	0	; select bank0
  6162     0358  1D93               	btfss	19,3	;volatile
  6163     0359  2B5B               	goto	u571
  6164     035A  2B5C               	goto	u570
  6165     035B                     u571:
  6166     035B  2B57               	goto	l14
  6167     035C                     u570:
  6168     035C                     l16:
  6169                           
  6170                           ;D:\yiming\00work\FR761_V05_test2.X\PWM.c: 47:     PIR3bits.TMR6IF = 0;
  6171     035C  1193               	bcf	19,3	;volatile
  6172     035D                     l1766:
  6173                           
  6174                           ;D:\yiming\00work\FR761_V05_test2.X\PWM.c: 48:     bitmask = bitmask >> 1;
  6175     035D  3672               	lsrf	PWM_SendData@bitmask,w
  6176     035E  00F2               	movwf	PWM_SendData@bitmask
  6177                           
  6178                           ;D:\yiming\00work\FR761_V05_test2.X\PWM.c: 49:   } while (bitmask);
  6179     035F  0872               	movf	PWM_SendData@bitmask,w
  6180     0360  1D03               	btfss	3,2
  6181     0361  2B63               	goto	u581
  6182     0362  2B64               	goto	u580
  6183     0363                     u581:
  6184     0363  2B4A               	goto	l1760
  6185     0364                     u580:
  6186     0364                     l1768:
  6187                           
  6188                           ;D:\yiming\00work\FR761_V05_test2.X\PWM.c: 51:   CCPR5L = 0;
  6189     0364  0026               	movlb	6	; select bank6
  6190     0365  019C               	clrf	28	;volatile
  6191     0366                     l18:
  6192     0366  0008               	return
  6193     0367                     __end_of_PWM_SendData:
  6194                           
  6195                           	psect	text31
  6196     02C5                     __ptext31:	
  6197 ;; *************** function _Delay_ms *****************
  6198 ;; Defined at:
  6199 ;;		line 138 in file "D:\yiming\00work\FR761_V05_test2.X\timer.c"
  6200 ;; Parameters:    Size  Location     Type
  6201 ;;  input_ms        2    1[COMMON] unsigned short 
  6202 ;; Auto vars:     Size  Location     Type
  6203 ;;  ms              2    3[COMMON] unsigned short 
  6204 ;; Return value:  Size  Location     Type
  6205 ;;                  1    wreg      void 
  6206 ;; Registers used:
  6207 ;;		wreg, status,2, status,0, pclath, cstack
  6208 ;; Tracked objects:
  6209 ;;		On entry : 0/0
  6210 ;;		On exit  : 0/0
  6211 ;;		Unchanged: 0/0
  6212 ;; Data sizes:     COMMON   BANK0   BANK1   BANK2   BANK3   BANK4   BANK5   BANK6
  6213 ;;      Params:         2       0       0       0       0       0       0       0
  6214 ;;      Locals:         2       0       0       0       0       0       0       0
  6215 ;;      Temps:          0       0       0       0       0       0       0       0
  6216 ;;      Totals:         4       0       0       0       0       0       0       0
  6217 ;;Total ram usage:        4 bytes
  6218 ;; Hardware stack levels used: 1
  6219 ;; Hardware stack levels required when called: 1
  6220 ;; This function calls:
  6221 ;;		_Timer
  6222 ;; This function is called by:
  6223 ;;		_software_Initialize
  6224 ;;		_LED_SET_Gradually_ON
  6225 ;;		_Streamer_SEG1_ON
  6226 ;;		_Streamer_SEG1_TEST
  6227 ;;		_Streamer_SEG1_OFF
  6228 ;;		_Streamer_SEG2_ON
  6229 ;;		_Streamer_SEG2_TEST
  6230 ;;		_WelcomeLight
  6231 ;;		_TrunLight
  6232 ;;		_DRL_Light
  6233 ;;		_POS_Light
  6234 ;; This function uses a non-reentrant model
  6235 ;;
  6236                           
  6237     02C5                     _Delay_ms:	
  6238                           ;psect for function _Delay_ms
  6239                           
  6240     02C5                     l1818:	
  6241                           ;incstack = 0
  6242                           ; Regs used in _Delay_ms: [wreg+status,2+status,0+pclath+cstack]
  6243                           
  6244                           
  6245                           ;D:\yiming\00work\FR761_V05_test2.X\timer.c: 139:   uint16_t ms = input_ms;
  6246     02C5  0872               	movf	Delay_ms@input_ms+1,w
  6247     02C6  00F4               	movwf	Delay_ms@ms+1
  6248     02C7  0871               	movf	Delay_ms@input_ms,w
  6249     02C8  00F3               	movwf	Delay_ms@ms
  6250     02C9                     l1820:
  6251                           
  6252                           ;D:\yiming\00work\FR761_V05_test2.X\timer.c: 140:   T100us_cnt = 0;
  6253     02C9  0020               	movlb	0	; select bank0
  6254     02CA  01AC               	clrf	_T100us_cnt
  6255     02CB                     l1822:
  6256                           
  6257                           ;D:\yiming\00work\FR761_V05_test2.X\timer.c: 141:   T1MS_cnt = 0;
  6258     02CB  01A0               	clrf	_T1MS_cnt
  6259     02CC  01A1               	clrf	_T1MS_cnt+1
  6260     02CD                     l1824:
  6261                           
  6262                           ;D:\yiming\00work\FR761_V05_test2.X\timer.c: 143:     Timer();
  6263     02CD  3184  24C6  3182   	fcall	_Timer
  6264     02D0                     l1826:
  6265                           
  6266                           ;D:\yiming\00work\FR761_V05_test2.X\timer.c: 144:   } while (T1MS_cnt < ms);
  6267     02D0  0874               	movf	Delay_ms@ms+1,w
  6268     02D1  0020               	movlb	0	; select bank0
  6269     02D2  0221               	subwf	_T1MS_cnt+1,w
  6270     02D3  1D03               	skipz
  6271     02D4  2AD7               	goto	u675
  6272     02D5  0873               	movf	Delay_ms@ms,w
  6273     02D6  0220               	subwf	_T1MS_cnt,w
  6274     02D7                     u675:
  6275     02D7  1C03               	skipc
  6276     02D8  2ADA               	goto	u671
  6277     02D9  2ADB               	goto	u670
  6278     02DA                     u671:
  6279     02DA  2ACD               	goto	l1824
  6280     02DB                     u670:
  6281     02DB                     l538:
  6282     02DB  0008               	return
  6283     02DC                     __end_of_Delay_ms:
  6284                           
  6285                           	psect	text32
  6286     04C6                     __ptext32:	
  6287 ;; *************** function _Timer *****************
  6288 ;; Defined at:
  6289 ;;		line 53 in file "D:\yiming\00work\FR761_V05_test2.X\timer.c"
  6290 ;; Parameters:    Size  Location     Type
  6291 ;;		None
  6292 ;; Auto vars:     Size  Location     Type
  6293 ;;		None
  6294 ;; Return value:  Size  Location     Type
  6295 ;;                  1    wreg      void 
  6296 ;; Registers used:
  6297 ;;		wreg, status,2, status,0
  6298 ;; Tracked objects:
  6299 ;;		On entry : 0/0
  6300 ;;		On exit  : 0/0
  6301 ;;		Unchanged: 0/0
  6302 ;; Data sizes:     COMMON   BANK0   BANK1   BANK2   BANK3   BANK4   BANK5   BANK6
  6303 ;;      Params:         0       0       0       0       0       0       0       0
  6304 ;;      Locals:         0       0       0       0       0       0       0       0
  6305 ;;      Temps:          1       0       0       0       0       0       0       0
  6306 ;;      Totals:         1       0       0       0       0       0       0       0
  6307 ;;Total ram usage:        1 bytes
  6308 ;; Hardware stack levels used: 1
  6309 ;; This function calls:
  6310 ;;		Nothing
  6311 ;; This function is called by:
  6312 ;;		_func_main
  6313 ;;		_Delay_ms
  6314 ;; This function uses a non-reentrant model
  6315 ;;
  6316                           
  6317     04C6                     _Timer:	
  6318                           ;psect for function _Timer
  6319                           
  6320     04C6                     l1770:	
  6321                           ;incstack = 0
  6322                           ; Regs used in _Timer: [wreg+status,2+status,0]
  6323                           
  6324     04C6                     l506:	
  6325                           ;D:\yiming\00work\FR761_V05_test2.X\timer.c: 55:   };
  6326                           
  6327                           
  6328                           ;D:\yiming\00work\FR761_V05_test2.X\timer.c: 54:   while (!TMR2IF) {
  6329     04C6  0020               	movlb	0	; select bank0
  6330     04C7  1C91               	btfss	17,1	;volatile
  6331     04C8  2CCA               	goto	u591
  6332     04C9  2CCB               	goto	u590
  6333     04CA                     u591:
  6334     04CA  2CC6               	goto	l506
  6335     04CB                     u590:
  6336     04CB                     l508:
  6337                           
  6338                           ;D:\yiming\00work\FR761_V05_test2.X\timer.c: 56:   TMR2IF = 0;
  6339     04CB  1091               	bcf	17,1	;volatile
  6340     04CC                     l1772:
  6341                           
  6342                           ;D:\yiming\00work\FR761_V05_test2.X\timer.c: 57:   T100us_cnt++;
  6343     04CC  3001               	movlw	1
  6344     04CD  00F0               	movwf	??_Timer
  6345     04CE  0870               	movf	??_Timer,w
  6346     04CF  07AC               	addwf	_T100us_cnt,f
  6347     04D0                     l1774:
  6348                           
  6349                           ;D:\yiming\00work\FR761_V05_test2.X\timer.c: 58:   if (T100us_cnt >= 10) {
  6350     04D0  300A               	movlw	10
  6351     04D1  022C               	subwf	_T100us_cnt,w
  6352     04D2  1C03               	skipc
  6353     04D3  2CD5               	goto	u601
  6354     04D4  2CD6               	goto	u600
  6355     04D5                     u601:
  6356     04D5  2CE5               	goto	l1784
  6357     04D6                     u600:
  6358     04D6                     l1776:
  6359                           
  6360                           ;D:\yiming\00work\FR761_V05_test2.X\timer.c: 59:     T100us_cnt = 0;
  6361     04D6  01AC               	clrf	_T100us_cnt
  6362     04D7                     l1778:
  6363                           
  6364                           ;D:\yiming\00work\FR761_V05_test2.X\timer.c: 60:     T1MS_cnt++;
  6365     04D7  3001               	movlw	1
  6366     04D8  07A0               	addwf	_T1MS_cnt,f
  6367     04D9  3000               	movlw	0
  6368     04DA  3DA1               	addwfc	_T1MS_cnt+1,f
  6369     04DB                     l1780:
  6370                           
  6371                           ;D:\yiming\00work\FR761_V05_test2.X\timer.c: 61:     if(T1MS_disable_cnt>=1){
  6372     04DB  0824               	movf	_T1MS_disable_cnt,w
  6373     04DC  0425               	iorwf	_T1MS_disable_cnt+1,w
  6374     04DD  1903               	btfsc	3,2
  6375     04DE  2CE0               	goto	u611
  6376     04DF  2CE1               	goto	u610
  6377     04E0                     u611:
  6378     04E0  2CE5               	goto	l1784
  6379     04E1                     u610:
  6380     04E1                     l1782:
  6381                           
  6382                           ;D:\yiming\00work\FR761_V05_test2.X\timer.c: 62:       T1MS_disable_cnt--;
  6383     04E1  3001               	movlw	1
  6384     04E2  02A4               	subwf	_T1MS_disable_cnt,f
  6385     04E3  3000               	movlw	0
  6386     04E4  3BA5               	subwfb	_T1MS_disable_cnt+1,f
  6387     04E5                     l1784:
  6388                           
  6389                           ;D:\yiming\00work\FR761_V05_test2.X\timer.c: 67:   if (PORTAbits.RA3 == 1) {
  6390     04E5  1D8C               	btfss	12,3	;volatile
  6391     04E6  2CE8               	goto	u621
  6392     04E7  2CE9               	goto	u620
  6393     04E8                     u621:
  6394     04E8  2CEE               	goto	l1788
  6395     04E9                     u620:
  6396     04E9                     l1786:
  6397                           
  6398                           ;D:\yiming\00work\FR761_V05_test2.X\timer.c: 68:     fLoBeam = 1;
  6399     04E9  01B3               	clrf	_fLoBeam
  6400     04EA  0AB3               	incf	_fLoBeam,f
  6401                           
  6402                           ;D:\yiming\00work\FR761_V05_test2.X\timer.c: 69:     LATBbits.LATB1 = 1;
  6403     04EB  0022               	movlb	2	; select bank2
  6404     04EC  148D               	bsf	13,1	;volatile
  6405                           
  6406                           ;D:\yiming\00work\FR761_V05_test2.X\timer.c: 70:   } else {
  6407     04ED  2CF1               	goto	l1792
  6408     04EE                     l1788:
  6409                           
  6410                           ;D:\yiming\00work\FR761_V05_test2.X\timer.c: 71:     fLoBeam = 0;
  6411     04EE  01B3               	clrf	_fLoBeam
  6412     04EF                     l1790:
  6413                           
  6414                           ;D:\yiming\00work\FR761_V05_test2.X\timer.c: 72:     LATBbits.LATB1 = 0;
  6415     04EF  0022               	movlb	2	; select bank2
  6416     04F0  108D               	bcf	13,1	;volatile
  6417     04F1                     l1792:
  6418                           
  6419                           ;D:\yiming\00work\FR761_V05_test2.X\timer.c: 76:   if (PORTCbits.RC0 == 1) {
  6420     04F1  0020               	movlb	0	; select bank0
  6421     04F2  1C0E               	btfss	14,0	;volatile
  6422     04F3  2CF5               	goto	u631
  6423     04F4  2CF6               	goto	u630
  6424     04F5                     u631:
  6425     04F5  2CF9               	goto	l1796
  6426     04F6                     u630:
  6427     04F6                     l1794:
  6428                           
  6429                           ;D:\yiming\00work\FR761_V05_test2.X\timer.c: 77:     fACC = 1;
  6430     04F6  01AF               	clrf	_fACC
  6431     04F7  0AAF               	incf	_fACC,f
  6432                           
  6433                           ;D:\yiming\00work\FR761_V05_test2.X\timer.c: 78:   } else {
  6434     04F8  2CFA               	goto	l1798
  6435     04F9                     l1796:
  6436                           
  6437                           ;D:\yiming\00work\FR761_V05_test2.X\timer.c: 79:     fACC = 0;
  6438     04F9  01AF               	clrf	_fACC
  6439     04FA                     l1798:
  6440                           
  6441                           ;D:\yiming\00work\FR761_V05_test2.X\timer.c: 83:   if (PORTCbits.RC2 == 1) {
  6442     04FA  1D0E               	btfss	14,2	;volatile
  6443     04FB  2CFD               	goto	u641
  6444     04FC  2CFE               	goto	u640
  6445     04FD                     u641:
  6446     04FD  2D01               	goto	l1802
  6447     04FE                     u640:
  6448     04FE                     l1800:
  6449                           
  6450                           ;D:\yiming\00work\FR761_V05_test2.X\timer.c: 84:     fTurn = 1;
  6451     04FE  01B4               	clrf	_fTurn
  6452     04FF  0AB4               	incf	_fTurn,f
  6453                           
  6454                           ;D:\yiming\00work\FR761_V05_test2.X\timer.c: 85:   } else {
  6455     0500  2D02               	goto	l1804
  6456     0501                     l1802:
  6457                           
  6458                           ;D:\yiming\00work\FR761_V05_test2.X\timer.c: 86:     fTurn = 0;
  6459     0501  01B4               	clrf	_fTurn
  6460     0502                     l1804:
  6461                           
  6462                           ;D:\yiming\00work\FR761_V05_test2.X\timer.c: 90:   if(PORTCbits.RC3==1)
  6463     0502  1D8E               	btfss	14,3	;volatile
  6464     0503  2D05               	goto	u651
  6465     0504  2D06               	goto	u650
  6466     0505                     u651:
  6467     0505  2D0A               	goto	l517
  6468     0506                     u650:
  6469     0506                     l1806:
  6470                           
  6471                           ;D:\yiming\00work\FR761_V05_test2.X\timer.c: 91:   {;D:\yiming\00work\FR761_V05_test2.X\
      +                          timer.c: 92:     LATBbits.LATB4=1;
  6472     0506  0022               	movlb	2	; select bank2
  6473     0507  160D               	bsf	13,4	;volatile
  6474                           
  6475                           ;D:\yiming\00work\FR761_V05_test2.X\timer.c: 93:     LATBbits.LATB5=1;
  6476     0508  168D               	bsf	13,5	;volatile
  6477                           
  6478                           ;D:\yiming\00work\FR761_V05_test2.X\timer.c: 94:   }
  6479     0509  2D0D               	goto	l519
  6480     050A                     l517:	
  6481                           ;D:\yiming\00work\FR761_V05_test2.X\timer.c: 95:   else {
  6482                           
  6483                           
  6484                           ;D:\yiming\00work\FR761_V05_test2.X\timer.c: 96:     LATBbits.LATB4=0;
  6485     050A  0022               	movlb	2	; select bank2
  6486     050B  120D               	bcf	13,4	;volatile
  6487                           
  6488                           ;D:\yiming\00work\FR761_V05_test2.X\timer.c: 97:     LATBbits.LATB5=0;
  6489     050C  128D               	bcf	13,5	;volatile
  6490     050D                     l519:
  6491     050D  0008               	return
  6492     050E                     __end_of_Timer:
  6493                           
  6494                           	psect	text33
  6495     030C                     __ptext33:	
  6496 ;; *************** function _CheckGPIO *****************
  6497 ;; Defined at:
  6498 ;;		line 45 in file "D:\yiming\00work\FR761_V05_test2.X\gpio.c"
  6499 ;; Parameters:    Size  Location     Type
  6500 ;;		None
  6501 ;; Auto vars:     Size  Location     Type
  6502 ;;		None
  6503 ;; Return value:  Size  Location     Type
  6504 ;;                  1    wreg      void 
  6505 ;; Registers used:
  6506 ;;		status,2
  6507 ;; Tracked objects:
  6508 ;;		On entry : 0/0
  6509 ;;		On exit  : 0/0
  6510 ;;		Unchanged: 0/0
  6511 ;; Data sizes:     COMMON   BANK0   BANK1   BANK2   BANK3   BANK4   BANK5   BANK6
  6512 ;;      Params:         0       0       0       0       0       0       0       0
  6513 ;;      Locals:         0       0       0       0       0       0       0       0
  6514 ;;      Temps:          0       0       0       0       0       0       0       0
  6515 ;;      Totals:         0       0       0       0       0       0       0       0
  6516 ;;Total ram usage:        0 bytes
  6517 ;; Hardware stack levels used: 1
  6518 ;; This function calls:
  6519 ;;		Nothing
  6520 ;; This function is called by:
  6521 ;;		_func_main
  6522 ;; This function uses a non-reentrant model
  6523 ;;
  6524                           
  6525     030C                     _CheckGPIO:	
  6526                           ;psect for function _CheckGPIO
  6527                           
  6528     030C                     l2248:	
  6529                           ;incstack = 0
  6530                           ; Regs used in _CheckGPIO: [status,2]
  6531                           
  6532                           
  6533                           ;D:\yiming\00work\FR761_V05_test2.X\gpio.c: 47:   if(PORTCbits.RC1==1)
  6534     030C  0020               	movlb	0	; select bank0
  6535     030D  1C8E               	btfss	14,1	;volatile
  6536     030E  2B10               	goto	u1261
  6537     030F  2B11               	goto	u1260
  6538     0310                     u1261:
  6539     0310  2B14               	goto	l2252
  6540     0311                     u1260:
  6541     0311                     l2250:
  6542                           
  6543                           ;D:\yiming\00work\FR761_V05_test2.X\gpio.c: 48:     fPOS=1;
  6544     0311  01AE               	clrf	_fPOS
  6545     0312  0AAE               	incf	_fPOS,f
  6546     0313  2B15               	goto	l2254
  6547     0314                     l2252:
  6548                           
  6549                           ;D:\yiming\00work\FR761_V05_test2.X\gpio.c: 50:     fPOS=0;
  6550     0314  01AE               	clrf	_fPOS
  6551     0315                     l2254:
  6552                           
  6553                           ;D:\yiming\00work\FR761_V05_test2.X\gpio.c: 53:   if(PORTAbits.RA6==1)
  6554     0315  1F0C               	btfss	12,6	;volatile
  6555     0316  2B18               	goto	u1271
  6556     0317  2B19               	goto	u1270
  6557     0318                     u1271:
  6558     0318  2B1C               	goto	l2258
  6559     0319                     u1270:
  6560     0319                     l2256:
  6561                           
  6562                           ;D:\yiming\00work\FR761_V05_test2.X\gpio.c: 54:     fDRL=1;
  6563     0319  01AD               	clrf	_fDRL
  6564     031A  0AAD               	incf	_fDRL,f
  6565     031B  2B1D               	goto	l2260
  6566     031C                     l2258:
  6567                           
  6568                           ;D:\yiming\00work\FR761_V05_test2.X\gpio.c: 56:     fDRL=0;
  6569     031C  01AD               	clrf	_fDRL
  6570     031D                     l2260:
  6571                           
  6572                           ;D:\yiming\00work\FR761_V05_test2.X\gpio.c: 59:   if(PORTCbits.RC3==1)
  6573     031D  1D8E               	btfss	14,3	;volatile
  6574     031E  2B20               	goto	u1281
  6575     031F  2B21               	goto	u1280
  6576     0320                     u1281:
  6577     0320  2B24               	goto	l2264
  6578     0321                     u1280:
  6579     0321                     l2262:
  6580                           
  6581                           ;D:\yiming\00work\FR761_V05_test2.X\gpio.c: 60:     fHiBeam=1;
  6582     0321  01B2               	clrf	_fHiBeam
  6583     0322  0AB2               	incf	_fHiBeam,f
  6584     0323  2B25               	goto	l299
  6585     0324                     l2264:
  6586                           
  6587                           ;D:\yiming\00work\FR761_V05_test2.X\gpio.c: 62:     fHiBeam=0;
  6588     0324  01B2               	clrf	_fHiBeam
  6589     0325                     l299:
  6590     0325  0008               	return
  6591     0326                     __end_of_CheckGPIO:
  6592                           
  6593                           	psect	text34
  6594     0299                     __ptext34:	
  6595 ;; *************** function _SYSTEM_Initialize *****************
  6596 ;; Defined at:
  6597 ;;		line 50 in file "D:\yiming\00work\FR761_V05_test2.X\mcc_generated_files\mcc.c"
  6598 ;; Parameters:    Size  Location     Type
  6599 ;;		None
  6600 ;; Auto vars:     Size  Location     Type
  6601 ;;		None
  6602 ;; Return value:  Size  Location     Type
  6603 ;;                  1    wreg      void 
  6604 ;; Registers used:
  6605 ;;		wreg, status,2, status,0, pclath, cstack
  6606 ;; Tracked objects:
  6607 ;;		On entry : 0/0
  6608 ;;		On exit  : 0/0
  6609 ;;		Unchanged: 0/0
  6610 ;; Data sizes:     COMMON   BANK0   BANK1   BANK2   BANK3   BANK4   BANK5   BANK6
  6611 ;;      Params:         0       0       0       0       0       0       0       0
  6612 ;;      Locals:         0       0       0       0       0       0       0       0
  6613 ;;      Temps:          0       0       0       0       0       0       0       0
  6614 ;;      Totals:         0       0       0       0       0       0       0       0
  6615 ;;Total ram usage:        0 bytes
  6616 ;; Hardware stack levels used: 1
  6617 ;; Hardware stack levels required when called: 1
  6618 ;; This function calls:
  6619 ;;		_OSCILLATOR_Initialize
  6620 ;;		_PIN_MANAGER_Initialize
  6621 ;;		_PWM5_Initialize
  6622 ;;		_TMR2_Initialize
  6623 ;;		_TMR4_Initialize
  6624 ;;		_TMR6_Initialize
  6625 ;;		_WDT_Initialize
  6626 ;; This function is called by:
  6627 ;;		_main
  6628 ;; This function uses a non-reentrant model
  6629 ;;
  6630                           
  6631     0299                     _SYSTEM_Initialize:	
  6632                           ;psect for function _SYSTEM_Initialize
  6633                           
  6634     0299                     l1752:	
  6635                           ;incstack = 0
  6636                           ; Regs used in _SYSTEM_Initialize: [wreg+status,2+status,0+pclath+cstack]
  6637                           
  6638                           
  6639                           ;D:\yiming\00work\FR761_V05_test2.X\mcc_generated_files\mcc.c: 53:     PIN_MANAGER_Initi
      +                          alize();
  6640     0299  3183  2326  3182   	fcall	_PIN_MANAGER_Initialize
  6641                           
  6642                           ;D:\yiming\00work\FR761_V05_test2.X\mcc_generated_files\mcc.c: 54:     OSCILLATOR_Initia
      +                          lize();
  6643     029C  3182  2267  3182   	fcall	_OSCILLATOR_Initialize
  6644                           
  6645                           ;D:\yiming\00work\FR761_V05_test2.X\mcc_generated_files\mcc.c: 55:     WDT_Initialize();
  6646     029F  3182  220C  3182   	fcall	_WDT_Initialize
  6647                           
  6648                           ;D:\yiming\00work\FR761_V05_test2.X\mcc_generated_files\mcc.c: 56:     TMR6_Initialize()
      +                          ;
  6649     02A2  3182  2248  3182   	fcall	_TMR6_Initialize
  6650                           
  6651                           ;D:\yiming\00work\FR761_V05_test2.X\mcc_generated_files\mcc.c: 57:     TMR4_Initialize()
      +                          ;
  6652     02A5  3182  223E  3182   	fcall	_TMR4_Initialize
  6653                           
  6654                           ;D:\yiming\00work\FR761_V05_test2.X\mcc_generated_files\mcc.c: 58:     PWM5_Initialize()
      +                          ;
  6655     02A8  3182  225C  3182   	fcall	_PWM5_Initialize
  6656                           
  6657                           ;D:\yiming\00work\FR761_V05_test2.X\mcc_generated_files\mcc.c: 59:     TMR2_Initialize()
      +                          ;
  6658     02AB  3182  2236  3182   	fcall	_TMR2_Initialize
  6659     02AE                     l340:
  6660     02AE  0008               	return
  6661     02AF                     __end_of_SYSTEM_Initialize:
  6662                           
  6663                           	psect	text35
  6664     020C                     __ptext35:	
  6665 ;; *************** function _WDT_Initialize *****************
  6666 ;; Defined at:
  6667 ;;		line 76 in file "D:\yiming\00work\FR761_V05_test2.X\mcc_generated_files\mcc.c"
  6668 ;; Parameters:    Size  Location     Type
  6669 ;;		None
  6670 ;; Auto vars:     Size  Location     Type
  6671 ;;		None
  6672 ;; Return value:  Size  Location     Type
  6673 ;;                  1    wreg      void 
  6674 ;; Registers used:
  6675 ;;		wreg
  6676 ;; Tracked objects:
  6677 ;;		On entry : 0/0
  6678 ;;		On exit  : 0/0
  6679 ;;		Unchanged: 0/0
  6680 ;; Data sizes:     COMMON   BANK0   BANK1   BANK2   BANK3   BANK4   BANK5   BANK6
  6681 ;;      Params:         0       0       0       0       0       0       0       0
  6682 ;;      Locals:         0       0       0       0       0       0       0       0
  6683 ;;      Temps:          0       0       0       0       0       0       0       0
  6684 ;;      Totals:         0       0       0       0       0       0       0       0
  6685 ;;Total ram usage:        0 bytes
  6686 ;; Hardware stack levels used: 1
  6687 ;; This function calls:
  6688 ;;		Nothing
  6689 ;; This function is called by:
  6690 ;;		_SYSTEM_Initialize
  6691 ;; This function uses a non-reentrant model
  6692 ;;
  6693                           
  6694     020C                     _WDT_Initialize:	
  6695                           ;psect for function _WDT_Initialize
  6696                           
  6697     020C                     l1680:	
  6698                           ;incstack = 0
  6699                           ; Regs used in _WDT_Initialize: [wreg]
  6700                           
  6701                           
  6702                           ;D:\yiming\00work\FR761_V05_test2.X\mcc_generated_files\mcc.c: 79:     WDTCON = 0x16;
  6703     020C  3016               	movlw	22
  6704     020D  0021               	movlb	1	; select bank1
  6705     020E  0097               	movwf	23	;volatile
  6706     020F                     l349:
  6707     020F  0008               	return
  6708     0210                     __end_of_WDT_Initialize:
  6709                           
  6710                           	psect	text36
  6711     0248                     __ptext36:	
  6712 ;; *************** function _TMR6_Initialize *****************
  6713 ;; Defined at:
  6714 ;;		line 62 in file "D:\yiming\00work\FR761_V05_test2.X\mcc_generated_files\tmr6.c"
  6715 ;; Parameters:    Size  Location     Type
  6716 ;;		None
  6717 ;; Auto vars:     Size  Location     Type
  6718 ;;		None
  6719 ;; Return value:  Size  Location     Type
  6720 ;;                  1    wreg      void 
  6721 ;; Registers used:
  6722 ;;		wreg, status,2
  6723 ;; Tracked objects:
  6724 ;;		On entry : 0/0
  6725 ;;		On exit  : 0/0
  6726 ;;		Unchanged: 0/0
  6727 ;; Data sizes:     COMMON   BANK0   BANK1   BANK2   BANK3   BANK4   BANK5   BANK6
  6728 ;;      Params:         0       0       0       0       0       0       0       0
  6729 ;;      Locals:         0       0       0       0       0       0       0       0
  6730 ;;      Temps:          0       0       0       0       0       0       0       0
  6731 ;;      Totals:         0       0       0       0       0       0       0       0
  6732 ;;Total ram usage:        0 bytes
  6733 ;; Hardware stack levels used: 1
  6734 ;; This function calls:
  6735 ;;		Nothing
  6736 ;; This function is called by:
  6737 ;;		_SYSTEM_Initialize
  6738 ;; This function uses a non-reentrant model
  6739 ;;
  6740                           
  6741     0248                     _TMR6_Initialize:	
  6742                           ;psect for function _TMR6_Initialize
  6743                           
  6744     0248                     l1682:	
  6745                           ;incstack = 0
  6746                           ; Regs used in _TMR6_Initialize: [wreg+status,2]
  6747                           
  6748                           
  6749                           ;D:\yiming\00work\FR761_V05_test2.X\mcc_generated_files\tmr6.c: 67:     PR6 = 0x27;
  6750     0248  3027               	movlw	39
  6751     0249  0028               	movlb	8	; select bank8
  6752     024A  009D               	movwf	29	;volatile
  6753     024B                     l1684:
  6754                           
  6755                           ;D:\yiming\00work\FR761_V05_test2.X\mcc_generated_files\tmr6.c: 70:     TMR6 = 0x00;
  6756     024B  019C               	clrf	28	;volatile
  6757     024C                     l1686:
  6758                           
  6759                           ;D:\yiming\00work\FR761_V05_test2.X\mcc_generated_files\tmr6.c: 73:     PIR3bits.TMR6IF 
      +                          = 0;
  6760     024C  0020               	movlb	0	; select bank0
  6761     024D  1193               	bcf	19,3	;volatile
  6762     024E                     l1688:
  6763                           
  6764                           ;D:\yiming\00work\FR761_V05_test2.X\mcc_generated_files\tmr6.c: 76:     T6CON = 0x04;
  6765     024E  3004               	movlw	4
  6766     024F  0028               	movlb	8	; select bank8
  6767     0250  009E               	movwf	30	;volatile
  6768     0251                     l448:
  6769     0251  0008               	return
  6770     0252                     __end_of_TMR6_Initialize:
  6771                           
  6772                           	psect	text37
  6773     023E                     __ptext37:	
  6774 ;; *************** function _TMR4_Initialize *****************
  6775 ;; Defined at:
  6776 ;;		line 62 in file "D:\yiming\00work\FR761_V05_test2.X\mcc_generated_files\tmr4.c"
  6777 ;; Parameters:    Size  Location     Type
  6778 ;;		None
  6779 ;; Auto vars:     Size  Location     Type
  6780 ;;		None
  6781 ;; Return value:  Size  Location     Type
  6782 ;;                  1    wreg      void 
  6783 ;; Registers used:
  6784 ;;		wreg, status,2
  6785 ;; Tracked objects:
  6786 ;;		On entry : 0/0
  6787 ;;		On exit  : 0/0
  6788 ;;		Unchanged: 0/0
  6789 ;; Data sizes:     COMMON   BANK0   BANK1   BANK2   BANK3   BANK4   BANK5   BANK6
  6790 ;;      Params:         0       0       0       0       0       0       0       0
  6791 ;;      Locals:         0       0       0       0       0       0       0       0
  6792 ;;      Temps:          0       0       0       0       0       0       0       0
  6793 ;;      Totals:         0       0       0       0       0       0       0       0
  6794 ;;Total ram usage:        0 bytes
  6795 ;; Hardware stack levels used: 1
  6796 ;; This function calls:
  6797 ;;		Nothing
  6798 ;; This function is called by:
  6799 ;;		_SYSTEM_Initialize
  6800 ;; This function uses a non-reentrant model
  6801 ;;
  6802                           
  6803     023E                     _TMR4_Initialize:	
  6804                           ;psect for function _TMR4_Initialize
  6805                           
  6806     023E                     l1690:	
  6807                           ;incstack = 0
  6808                           ; Regs used in _TMR4_Initialize: [wreg+status,2]
  6809                           
  6810                           
  6811                           ;D:\yiming\00work\FR761_V05_test2.X\mcc_generated_files\tmr4.c: 67:     PR4 = 0xF9;
  6812     023E  30F9               	movlw	249
  6813     023F  0028               	movlb	8	; select bank8
  6814     0240  0096               	movwf	22	;volatile
  6815     0241                     l1692:
  6816                           
  6817                           ;D:\yiming\00work\FR761_V05_test2.X\mcc_generated_files\tmr4.c: 70:     TMR4 = 0x00;
  6818     0241  0195               	clrf	21	;volatile
  6819     0242                     l1694:
  6820                           
  6821                           ;D:\yiming\00work\FR761_V05_test2.X\mcc_generated_files\tmr4.c: 73:     PIR3bits.TMR4IF 
      +                          = 0;
  6822     0242  0020               	movlb	0	; select bank0
  6823     0243  1093               	bcf	19,1	;volatile
  6824     0244                     l1696:
  6825                           
  6826                           ;D:\yiming\00work\FR761_V05_test2.X\mcc_generated_files\tmr4.c: 76:     T4CON = 0x3D;
  6827     0244  303D               	movlw	61
  6828     0245  0028               	movlb	8	; select bank8
  6829     0246  0097               	movwf	23	;volatile
  6830     0247                     l418:
  6831     0247  0008               	return
  6832     0248                     __end_of_TMR4_Initialize:
  6833                           
  6834                           	psect	text38
  6835     0236                     __ptext38:	
  6836 ;; *************** function _TMR2_Initialize *****************
  6837 ;; Defined at:
  6838 ;;		line 62 in file "D:\yiming\00work\FR761_V05_test2.X\mcc_generated_files\tmr2.c"
  6839 ;; Parameters:    Size  Location     Type
  6840 ;;		None
  6841 ;; Auto vars:     Size  Location     Type
  6842 ;;		None
  6843 ;; Return value:  Size  Location     Type
  6844 ;;                  1    wreg      void 
  6845 ;; Registers used:
  6846 ;;		wreg, status,2
  6847 ;; Tracked objects:
  6848 ;;		On entry : 0/0
  6849 ;;		On exit  : 0/0
  6850 ;;		Unchanged: 0/0
  6851 ;; Data sizes:     COMMON   BANK0   BANK1   BANK2   BANK3   BANK4   BANK5   BANK6
  6852 ;;      Params:         0       0       0       0       0       0       0       0
  6853 ;;      Locals:         0       0       0       0       0       0       0       0
  6854 ;;      Temps:          0       0       0       0       0       0       0       0
  6855 ;;      Totals:         0       0       0       0       0       0       0       0
  6856 ;;Total ram usage:        0 bytes
  6857 ;; Hardware stack levels used: 1
  6858 ;; This function calls:
  6859 ;;		Nothing
  6860 ;; This function is called by:
  6861 ;;		_SYSTEM_Initialize
  6862 ;; This function uses a non-reentrant model
  6863 ;;
  6864                           
  6865     0236                     _TMR2_Initialize:	
  6866                           ;psect for function _TMR2_Initialize
  6867                           
  6868     0236                     l1706:	
  6869                           ;incstack = 0
  6870                           ; Regs used in _TMR2_Initialize: [wreg+status,2]
  6871                           
  6872                           
  6873                           ;D:\yiming\00work\FR761_V05_test2.X\mcc_generated_files\tmr2.c: 67:     PR2 = 0xC7;
  6874     0236  30C7               	movlw	199
  6875     0237  0020               	movlb	0	; select bank0
  6876     0238  009B               	movwf	27	;volatile
  6877     0239                     l1708:
  6878                           
  6879                           ;D:\yiming\00work\FR761_V05_test2.X\mcc_generated_files\tmr2.c: 70:     TMR2 = 0x00;
  6880     0239  019A               	clrf	26	;volatile
  6881     023A                     l1710:
  6882                           
  6883                           ;D:\yiming\00work\FR761_V05_test2.X\mcc_generated_files\tmr2.c: 73:     PIR1bits.TMR2IF 
      +                          = 0;
  6884     023A  1091               	bcf	17,1	;volatile
  6885     023B                     l1712:
  6886                           
  6887                           ;D:\yiming\00work\FR761_V05_test2.X\mcc_generated_files\tmr2.c: 76:     T2CON = 0x1C;
  6888     023B  301C               	movlw	28
  6889     023C  009C               	movwf	28	;volatile
  6890     023D                     l405:
  6891     023D  0008               	return
  6892     023E                     __end_of_TMR2_Initialize:
  6893                           
  6894                           	psect	text39
  6895     025C                     __ptext39:	
  6896 ;; *************** function _PWM5_Initialize *****************
  6897 ;; Defined at:
  6898 ;;		line 64 in file "D:\yiming\00work\FR761_V05_test2.X\mcc_generated_files\pwm5.c"
  6899 ;; Parameters:    Size  Location     Type
  6900 ;;		None
  6901 ;; Auto vars:     Size  Location     Type
  6902 ;;		None
  6903 ;; Return value:  Size  Location     Type
  6904 ;;                  1    wreg      void 
  6905 ;; Registers used:
  6906 ;;		wreg, status,2, status,0
  6907 ;; Tracked objects:
  6908 ;;		On entry : 0/0
  6909 ;;		On exit  : 0/0
  6910 ;;		Unchanged: 0/0
  6911 ;; Data sizes:     COMMON   BANK0   BANK1   BANK2   BANK3   BANK4   BANK5   BANK6
  6912 ;;      Params:         0       0       0       0       0       0       0       0
  6913 ;;      Locals:         0       0       0       0       0       0       0       0
  6914 ;;      Temps:          0       0       0       0       0       0       0       0
  6915 ;;      Totals:         0       0       0       0       0       0       0       0
  6916 ;;Total ram usage:        0 bytes
  6917 ;; Hardware stack levels used: 1
  6918 ;; This function calls:
  6919 ;;		Nothing
  6920 ;; This function is called by:
  6921 ;;		_SYSTEM_Initialize
  6922 ;; This function uses a non-reentrant model
  6923 ;;
  6924                           
  6925     025C                     _PWM5_Initialize:	
  6926                           ;psect for function _PWM5_Initialize
  6927                           
  6928     025C                     l1698:	
  6929                           ;incstack = 0
  6930                           ; Regs used in _PWM5_Initialize: [wreg+status,2+status,0]
  6931                           
  6932                           
  6933                           ;D:\yiming\00work\FR761_V05_test2.X\mcc_generated_files\pwm5.c: 69:  CCP5CON = 0x0C;
  6934     025C  300C               	movlw	12
  6935     025D  0026               	movlb	6	; select bank6
  6936     025E  009E               	movwf	30	;volatile
  6937     025F                     l1700:
  6938                           
  6939                           ;D:\yiming\00work\FR761_V05_test2.X\mcc_generated_files\pwm5.c: 72:  CCPR5L = 0x00;
  6940     025F  019C               	clrf	28	;volatile
  6941     0260                     l1702:
  6942                           
  6943                           ;D:\yiming\00work\FR761_V05_test2.X\mcc_generated_files\pwm5.c: 75:  CCPR5H = 0x00;
  6944     0260  019D               	clrf	29	;volatile
  6945     0261                     l1704:
  6946                           
  6947                           ;D:\yiming\00work\FR761_V05_test2.X\mcc_generated_files\pwm5.c: 78:  CCPTMRS1bits.C5TSEL
      +                           = 0x2;
  6948     0261  0025               	movlb	5	; select bank5
  6949     0262  081F               	movf	31,w	;volatile
  6950     0263  39FC               	andlw	-4
  6951     0264  3802               	iorlw	2
  6952     0265  009F               	movwf	31	;volatile
  6953     0266                     l394:
  6954     0266  0008               	return
  6955     0267                     __end_of_PWM5_Initialize:
  6956                           
  6957                           	psect	text40
  6958     0326                     __ptext40:	
  6959 ;; *************** function _PIN_MANAGER_Initialize *****************
  6960 ;; Defined at:
  6961 ;;		line 55 in file "D:\yiming\00work\FR761_V05_test2.X\mcc_generated_files\pin_manager.c"
  6962 ;; Parameters:    Size  Location     Type
  6963 ;;		None
  6964 ;; Auto vars:     Size  Location     Type
  6965 ;;		None
  6966 ;; Return value:  Size  Location     Type
  6967 ;;                  1    wreg      void 
  6968 ;; Registers used:
  6969 ;;		wreg, status,2
  6970 ;; Tracked objects:
  6971 ;;		On entry : 0/0
  6972 ;;		On exit  : 0/0
  6973 ;;		Unchanged: 0/0
  6974 ;; Data sizes:     COMMON   BANK0   BANK1   BANK2   BANK3   BANK4   BANK5   BANK6
  6975 ;;      Params:         0       0       0       0       0       0       0       0
  6976 ;;      Locals:         0       0       0       0       0       0       0       0
  6977 ;;      Temps:          0       0       0       0       0       0       0       0
  6978 ;;      Totals:         0       0       0       0       0       0       0       0
  6979 ;;Total ram usage:        0 bytes
  6980 ;; Hardware stack levels used: 1
  6981 ;; This function calls:
  6982 ;;		Nothing
  6983 ;; This function is called by:
  6984 ;;		_SYSTEM_Initialize
  6985 ;; This function uses a non-reentrant model
  6986 ;;
  6987                           
  6988     0326                     _PIN_MANAGER_Initialize:	
  6989                           ;psect for function _PIN_MANAGER_Initialize
  6990                           
  6991     0326                     l1656:	
  6992                           ;incstack = 0
  6993                           ; Regs used in _PIN_MANAGER_Initialize: [wreg+status,2]
  6994                           
  6995                           
  6996                           ;D:\yiming\00work\FR761_V05_test2.X\mcc_generated_files\pin_manager.c: 60:     LATE = 0x
      +                          00;
  6997     0326  0022               	movlb	2	; select bank2
  6998     0327  0190               	clrf	16	;volatile
  6999                           
  7000                           ;D:\yiming\00work\FR761_V05_test2.X\mcc_generated_files\pin_manager.c: 61:     LATA = 0x
      +                          00;
  7001     0328  018C               	clrf	12	;volatile
  7002                           
  7003                           ;D:\yiming\00work\FR761_V05_test2.X\mcc_generated_files\pin_manager.c: 62:     LATB = 0x
      +                          00;
  7004     0329  018D               	clrf	13	;volatile
  7005                           
  7006                           ;D:\yiming\00work\FR761_V05_test2.X\mcc_generated_files\pin_manager.c: 63:     LATC = 0x
      +                          00;
  7007     032A  018E               	clrf	14	;volatile
  7008     032B                     l1658:
  7009                           
  7010                           ;D:\yiming\00work\FR761_V05_test2.X\mcc_generated_files\pin_manager.c: 68:     TRISE = 0
      +                          x08;
  7011     032B  3008               	movlw	8
  7012     032C  0021               	movlb	1	; select bank1
  7013     032D  0090               	movwf	16	;volatile
  7014     032E                     l1660:
  7015                           
  7016                           ;D:\yiming\00work\FR761_V05_test2.X\mcc_generated_files\pin_manager.c: 69:     TRISA = 0
      +                          xEE;
  7017     032E  30EE               	movlw	238
  7018     032F  008C               	movwf	12	;volatile
  7019     0330                     l1662:
  7020                           
  7021                           ;D:\yiming\00work\FR761_V05_test2.X\mcc_generated_files\pin_manager.c: 70:     TRISB = 0
      +                          xCD;
  7022     0330  30CD               	movlw	205
  7023     0331  008D               	movwf	13	;volatile
  7024     0332                     l1664:
  7025                           
  7026                           ;D:\yiming\00work\FR761_V05_test2.X\mcc_generated_files\pin_manager.c: 71:     TRISC = 0
      +                          xCF;
  7027     0332  30CF               	movlw	207
  7028     0333  008E               	movwf	14	;volatile
  7029                           
  7030                           ;D:\yiming\00work\FR761_V05_test2.X\mcc_generated_files\pin_manager.c: 76:     ANSELB = 
      +                          0x00;
  7031     0334  0023               	movlb	3	; select bank3
  7032     0335  018D               	clrf	13	;volatile
  7033     0336                     l1666:
  7034                           
  7035                           ;D:\yiming\00work\FR761_V05_test2.X\mcc_generated_files\pin_manager.c: 77:     ANSELA = 
      +                          0x27;
  7036     0336  3027               	movlw	39
  7037     0337  008C               	movwf	12	;volatile
  7038     0338                     l1668:
  7039                           
  7040                           ;D:\yiming\00work\FR761_V05_test2.X\mcc_generated_files\pin_manager.c: 82:     WPUE = 0x
      +                          00;
  7041     0338  0024               	movlb	4	; select bank4
  7042     0339  0190               	clrf	16	;volatile
  7043                           
  7044                           ;D:\yiming\00work\FR761_V05_test2.X\mcc_generated_files\pin_manager.c: 83:     WPUB = 0x
      +                          08;
  7045     033A  3008               	movlw	8
  7046     033B  008D               	movwf	13	;volatile
  7047     033C                     l1670:
  7048                           
  7049                           ;D:\yiming\00work\FR761_V05_test2.X\mcc_generated_files\pin_manager.c: 84:     OPTION_RE
      +                          Gbits.nWPUEN = 0;
  7050     033C  0021               	movlb	1	; select bank1
  7051     033D  1395               	bcf	21,7	;volatile
  7052     033E                     l1672:
  7053                           
  7054                           ;D:\yiming\00work\FR761_V05_test2.X\mcc_generated_files\pin_manager.c: 90:     APFCON = 
      +                          0x00;
  7055     033E  0022               	movlb	2	; select bank2
  7056     033F  019D               	clrf	29	;volatile
  7057     0340                     l380:
  7058     0340  0008               	return
  7059     0341                     __end_of_PIN_MANAGER_Initialize:
  7060                           
  7061                           	psect	text41
  7062     0267                     __ptext41:	
  7063 ;; *************** function _OSCILLATOR_Initialize *****************
  7064 ;; Defined at:
  7065 ;;		line 62 in file "D:\yiming\00work\FR761_V05_test2.X\mcc_generated_files\mcc.c"
  7066 ;; Parameters:    Size  Location     Type
  7067 ;;		None
  7068 ;; Auto vars:     Size  Location     Type
  7069 ;;		None
  7070 ;; Return value:  Size  Location     Type
  7071 ;;                  1    wreg      void 
  7072 ;; Registers used:
  7073 ;;		wreg, status,2
  7074 ;; Tracked objects:
  7075 ;;		On entry : 0/0
  7076 ;;		On exit  : 0/0
  7077 ;;		Unchanged: 0/0
  7078 ;; Data sizes:     COMMON   BANK0   BANK1   BANK2   BANK3   BANK4   BANK5   BANK6
  7079 ;;      Params:         0       0       0       0       0       0       0       0
  7080 ;;      Locals:         0       0       0       0       0       0       0       0
  7081 ;;      Temps:          0       0       0       0       0       0       0       0
  7082 ;;      Totals:         0       0       0       0       0       0       0       0
  7083 ;;Total ram usage:        0 bytes
  7084 ;; Hardware stack levels used: 1
  7085 ;; This function calls:
  7086 ;;		Nothing
  7087 ;; This function is called by:
  7088 ;;		_SYSTEM_Initialize
  7089 ;; This function uses a non-reentrant model
  7090 ;;
  7091                           
  7092     0267                     _OSCILLATOR_Initialize:	
  7093                           ;psect for function _OSCILLATOR_Initialize
  7094                           
  7095     0267                     l1674:	
  7096                           ;incstack = 0
  7097                           ; Regs used in _OSCILLATOR_Initialize: [wreg+status,2]
  7098                           
  7099                           
  7100                           ;D:\yiming\00work\FR761_V05_test2.X\mcc_generated_files\mcc.c: 65:     OSCCON = 0x70;
  7101     0267  3070               	movlw	112
  7102     0268  0021               	movlb	1	; select bank1
  7103     0269  0099               	movwf	25	;volatile
  7104     026A                     l1676:
  7105                           
  7106                           ;D:\yiming\00work\FR761_V05_test2.X\mcc_generated_files\mcc.c: 67:     OSCTUNE = 0x00;
  7107     026A  0198               	clrf	24	;volatile
  7108     026B                     l1678:
  7109                           
  7110                           ;D:\yiming\00work\FR761_V05_test2.X\mcc_generated_files\mcc.c: 69:     BORCON = 0x00;
  7111     026B  0022               	movlb	2	; select bank2
  7112     026C  0196               	clrf	22	;volatile
  7113     026D                     l343:	
  7114                           ;D:\yiming\00work\FR761_V05_test2.X\mcc_generated_files\mcc.c: 72:     {;D:\yiming\00wor
      +                          k\FR761_V05_test2.X\mcc_generated_files\mcc.c: 73:     }
  7115                           
  7116                           
  7117                           ;D:\yiming\00work\FR761_V05_test2.X\mcc_generated_files\mcc.c: 71:     while(PLLR == 0)
  7118     026D  0021               	movlb	1	; select bank1
  7119     026E  1F1A               	btfss	26,6	;volatile
  7120     026F  2A71               	goto	u551
  7121     0270  2A72               	goto	u550
  7122     0271                     u551:
  7123     0271  2A6D               	goto	l343
  7124     0272                     u550:
  7125     0272                     l346:
  7126     0272  0008               	return
  7127     0273                     __end_of_OSCILLATOR_Initialize:
  7128     007E                     btemp	set	126	;btemp
  7129     007E                     wtemp0	set	126
  7130                           
  7131                           	psect	idloc
  7132                           
  7133                           ;Config register IDLOC0 @ 0x8000
  7134                           ;	unspecified, using default values
  7135     8000                     	org	32768
  7136     8000  3FFF               	dw	16383
  7137                           
  7138                           ;Config register IDLOC1 @ 0x8001
  7139                           ;	unspecified, using default values
  7140     8001                     	org	32769
  7141     8001  3FFF               	dw	16383
  7142                           
  7143                           ;Config register IDLOC2 @ 0x8002
  7144                           ;	unspecified, using default values
  7145     8002                     	org	32770
  7146     8002  3FFF               	dw	16383
  7147                           
  7148                           ;Config register IDLOC3 @ 0x8003
  7149                           ;	unspecified, using default values
  7150     8003                     	org	32771
  7151     8003  3FFF               	dw	16383
  7152                           
  7153                           	psect	config
  7154                           
  7155                           ;Config register CONFIG1 @ 0x8007
  7156                           ;	Oscillator Selection
  7157                           ;	FOSC = INTOSC, INTOSC oscillator: I/O function on CLKIN pin
  7158                           ;	Watchdog Timer Enable
  7159                           ;	WDTE = OFF, WDT disabled
  7160                           ;	Power-up Timer Enable
  7161                           ;	PWRTE = OFF, PWRT disabled
  7162                           ;	MCLR Pin Function Select
  7163                           ;	MCLRE = ON, MCLR/VPP pin function is MCLR
  7164                           ;	Flash Program Memory Code Protection
  7165                           ;	CP = OFF, Program memory code protection is disabled
  7166                           ;	Data Memory Code Protection
  7167                           ;	CPD = OFF, Data memory code protection is disabled
  7168                           ;	Brown-out Reset Enable
  7169                           ;	BOREN = ON, Brown-out Reset enabled
  7170                           ;	Clock Out Enable
  7171                           ;	CLKOUTEN = OFF, CLKOUT function is disabled. I/O or oscillator function on the CLKOUT 
      +                          pin
  7172                           ;	Internal/External Switchover
  7173                           ;	IESO = ON, Internal/External Switchover mode is enabled
  7174                           ;	Fail-Safe Clock Monitor Enable
  7175                           ;	FCMEN = ON, Fail-Safe Clock Monitor is enabled
  7176     8007                     	org	32775
  7177     8007  3FE4               	dw	16356
  7178                           
  7179                           ;Config register CONFIG2 @ 0x8008
  7180                           ;	Flash Memory Self-Write Protection
  7181                           ;	WRT = OFF, Write protection off
  7182                           ;	Voltage Regulator Capacitor Enable
  7183                           ;	VCAPEN = OFF, All VCAP pin functionality is disabled
  7184                           ;	PLL Enable
  7185                           ;	PLLEN = ON, 4x PLL enabled
  7186                           ;	Stack Overflow/Underflow Reset Enable
  7187                           ;	STVREN = ON, Stack Overflow or Underflow will cause a Reset
  7188                           ;	Brown-out Reset Voltage Selection
  7189                           ;	BORV = LO, Brown-out Reset Voltage (Vbor), low trip point selected.
  7190                           ;	Low-Voltage Programming Enable
  7191                           ;	LVP = OFF, High-voltage on MCLR/VPP must be used for programming
  7192     8008                     	org	32776
  7193     8008  1FFF               	dw	8191

Data Sizes:
    Strings     0
    Constant    0
    Data        0
    BSS         21
    Persistent  32
    Stack       0

Auto Spaces:
    Space          Size  Autos    Used
    COMMON           14     14      14
    BANK0            80      5      26
    BANK1            80      0       0
    BANK2            80      0       0
    BANK3            80      0       0
    BANK4            80      0       0
    BANK5            80      0       0
    BANK6            16      0       0

Pointer List with Targets:

    None.

Critical Paths under _main in COMMON

    _Clear_No_Call_Warning->_Streamer_SEG1_TEST
    _Clear_No_Call_Warning->_Streamer_SEG2_TEST
    _Streamer_SEG2_TEST->_LED_SET
    _Streamer_SEG1_TEST->_LED_SET
    _WelcomeLight->_Streamer_SEG1_OFF
    _WelcomeLight->_Streamer_SEG1_ON
    _WelcomeLight->_Streamer_SEG2_ON
    _Streamer_SEG2_ON->_LED_SET
    _Streamer_SEG1_ON->_LED_SET
    _Streamer_SEG1_OFF->_LED_SET
    _LED_SET_Gradually_ON->_LED_SET
    _TrunLight->_LED_SET
    _LED_OFF->_LED_SET
    _POS_Light->_LED_ON
    _DRL_Light->_LED_ON
    _LED_ON->_LED_SET
    _LED_SET->_PWM_SendData
    _Delay_ms->_Timer

Critical Paths under _main in BANK0

    _Clear_No_Call_Warning->_TrunLight
    _func_main->_TrunLight

Critical Paths under _main in BANK1

    None.

Critical Paths under _main in BANK2

    None.

Critical Paths under _main in BANK3

    None.

Critical Paths under _main in BANK4

    None.

Critical Paths under _main in BANK5

    None.

Critical Paths under _main in BANK6

    None.

Call Graph Tables:

 ---------------------------------------------------------------------------------
 (Depth) Function   	        Calls       Base Space   Used Autos Params    Refs
 ---------------------------------------------------------------------------------
 (0) _main                                                 0     0      0   92767
                  _SYSTEM_Initialize
                          _func_main
                _software_Initialize
 ---------------------------------------------------------------------------------
 (1) _software_Initialize                                  0     0      0   49664
              _Clear_No_Call_Warning
                           _Delay_ms
                            _LED_OFF
 ---------------------------------------------------------------------------------
 (2) _Clear_No_Call_Warning                                1     1      0   45364
               _LED_SET_Gradually_ON
                    _PIN_MANAGER_IOC
                 _Streamer_SEG1_TEST
                 _Streamer_SEG2_TEST
            _TMR4_HasOverflowOccured
            _TMR4_LoadPeriodRegister
                     _TMR4_ReadTimer
                    _TMR4_StartTimer
                     _TMR4_StopTimer
                    _TMR4_WriteTimer
                     _Timer_TESTMODE
                          _TrunLight
                       _WelcomeLight
 ---------------------------------------------------------------------------------
 (3) _Timer_TESTMODE                                       1     1      0       0
                                              0 COMMON     1     1      0
 ---------------------------------------------------------------------------------
 (3) _TMR4_WriteTimer                                      1     1      0      15
                                              0 COMMON     1     1      0
 ---------------------------------------------------------------------------------
 (3) _TMR4_StopTimer                                       0     0      0       0
 ---------------------------------------------------------------------------------
 (3) _TMR4_StartTimer                                      0     0      0       0
 ---------------------------------------------------------------------------------
 (3) _TMR4_ReadTimer                                       1     1      0       5
 ---------------------------------------------------------------------------------
 (3) _TMR4_LoadPeriodRegister                              1     1      0      15
                                              0 COMMON     1     1      0
 ---------------------------------------------------------------------------------
 (3) _TMR4_HasOverflowOccured                              1     1      0      20
                                              0 COMMON     1     1      0
 ---------------------------------------------------------------------------------
 (3) _Streamer_SEG2_TEST                                   5     5      0    4459
                                              9 COMMON     5     5      0
                           _Delay_ms
                            _LED_SET
 ---------------------------------------------------------------------------------
 (3) _Streamer_SEG1_TEST                                   5     5      0    4437
                                              9 COMMON     5     5      0
                           _Delay_ms
                            _LED_SET
 ---------------------------------------------------------------------------------
 (3) _PIN_MANAGER_IOC                                      0     0      0       0
 ---------------------------------------------------------------------------------
 (1) _func_main                                            0     0      0   43103
                          _CheckGPIO
                          _DRL_Light
                         _HiBeam_OFF
                          _HiBeam_ON
                            _LED_OFF
                         _LoBeam_OFF
                          _LoBeam_ON
                          _POS_Light
                              _Timer
                             _Timer4
                          _TrunLight
                       _WelcomeLight
 ---------------------------------------------------------------------------------
 (3) _WelcomeLight                                         1     1      0   24554
                           _Delay_ms
                            _LED_OFF
                             _LED_ON
               _LED_SET_Gradually_ON
                  _Streamer_SEG1_OFF
                   _Streamer_SEG1_ON
                   _Streamer_SEG2_ON
 ---------------------------------------------------------------------------------
 (4) _Streamer_SEG2_ON                                     5     5      0    4437
                                              9 COMMON     5     5      0
                           _Delay_ms
                            _LED_SET
 ---------------------------------------------------------------------------------
 (4) _Streamer_SEG1_ON                                     5     5      0    4437
                                              9 COMMON     5     5      0
                           _Delay_ms
                            _LED_SET
 ---------------------------------------------------------------------------------
 (4) _Streamer_SEG1_OFF                                    5     5      0    4437
                                              9 COMMON     5     5      0
                           _Delay_ms
                            _LED_SET
 ---------------------------------------------------------------------------------
 (4) _LED_SET_Gradually_ON                                 7     7      0    4391
                                              9 COMMON     4     4      0
                           _Delay_ms
                            _LED_SET
 ---------------------------------------------------------------------------------
 (3) _TrunLight                                            7     7      0    7279
                                              9 COMMON     2     2      0
                                              0 BANK0      5     5      0
                           _Delay_ms
                            _LED_OFF
                            _LED_SET
 ---------------------------------------------------------------------------------
 (2) _LED_OFF                                              0     0      0    2507
                            _LED_SET
 ---------------------------------------------------------------------------------
 (2) _Timer4                                               2     2      0      73
                                              0 COMMON     2     2      0
 ---------------------------------------------------------------------------------
 (2) _POS_Light                                            0     0      0    4345
                           _Delay_ms
                             _LED_ON
 ---------------------------------------------------------------------------------
 (2) _LoBeam_ON                                            0     0      0       0
 ---------------------------------------------------------------------------------
 (2) _LoBeam_OFF                                           0     0      0       0
 ---------------------------------------------------------------------------------
 (2) _HiBeam_ON                                            0     0      0       0
 ---------------------------------------------------------------------------------
 (2) _HiBeam_OFF                                           0     0      0       0
 ---------------------------------------------------------------------------------
 (2) _DRL_Light                                            0     0      0    4345
                           _Delay_ms
                             _LED_ON
 ---------------------------------------------------------------------------------
 (4) _LED_ON                                               2     2      0    2552
                                              9 COMMON     2     2      0
                            _LED_SET
 ---------------------------------------------------------------------------------
 (3) _LED_SET                                              6     5      1    2507
                                              3 COMMON     6     5      1
                       _PWM_SendData
 ---------------------------------------------------------------------------------
 (4) _PWM_SendData                                         3     3      0     113
                                              0 COMMON     3     3      0
 ---------------------------------------------------------------------------------
 (2) _Delay_ms                                             4     2      2    1793
                                              1 COMMON     4     2      2
                              _Timer
 ---------------------------------------------------------------------------------
 (3) _Timer                                                1     1      0       0
                                              0 COMMON     1     1      0
 ---------------------------------------------------------------------------------
 (2) _CheckGPIO                                            0     0      0       0
 ---------------------------------------------------------------------------------
 (1) _SYSTEM_Initialize                                    0     0      0       0
              _OSCILLATOR_Initialize
             _PIN_MANAGER_Initialize
                    _PWM5_Initialize
                    _TMR2_Initialize
                    _TMR4_Initialize
                    _TMR6_Initialize
                     _WDT_Initialize
 ---------------------------------------------------------------------------------
 (2) _WDT_Initialize                                       0     0      0       0
 ---------------------------------------------------------------------------------
 (2) _TMR6_Initialize                                      0     0      0       0
 ---------------------------------------------------------------------------------
 (2) _TMR4_Initialize                                      0     0      0       0
 ---------------------------------------------------------------------------------
 (2) _TMR2_Initialize                                      0     0      0       0
 ---------------------------------------------------------------------------------
 (2) _PWM5_Initialize                                      0     0      0       0
 ---------------------------------------------------------------------------------
 (2) _PIN_MANAGER_Initialize                               0     0      0       0
 ---------------------------------------------------------------------------------
 (2) _OSCILLATOR_Initialize                                0     0      0       0
 ---------------------------------------------------------------------------------
 Estimated maximum stack depth 4
 ---------------------------------------------------------------------------------

 Call Graph Graphs:

 _main (ROOT)
   _SYSTEM_Initialize
     _OSCILLATOR_Initialize
     _PIN_MANAGER_Initialize
     _PWM5_Initialize
     _TMR2_Initialize
     _TMR4_Initialize
     _TMR6_Initialize
     _WDT_Initialize
   _func_main
     _CheckGPIO
     _DRL_Light
       _Delay_ms
         _Timer
       _LED_ON
         _LED_SET
           _PWM_SendData
     _HiBeam_OFF
     _HiBeam_ON
     _LED_OFF
       _LED_SET
     _LoBeam_OFF
     _LoBeam_ON
     _POS_Light
       _Delay_ms
       _LED_ON
     _Timer
     _Timer4
     _TrunLight
       _Delay_ms
       _LED_OFF
       _LED_SET
     _WelcomeLight
       _Delay_ms
       _LED_OFF
       _LED_ON
       _LED_SET_Gradually_ON
         _Delay_ms
         _LED_SET
       _Streamer_SEG1_OFF
         _Delay_ms
         _LED_SET
       _Streamer_SEG1_ON
         _Delay_ms
         _LED_SET
       _Streamer_SEG2_ON
         _Delay_ms
         _LED_SET
   _software_Initialize
     _Clear_No_Call_Warning
       _LED_SET_Gradually_ON
       _PIN_MANAGER_IOC
       _Streamer_SEG1_TEST
         _Delay_ms
         _LED_SET
       _Streamer_SEG2_TEST
         _Delay_ms
         _LED_SET
       _TMR4_HasOverflowOccured
       _TMR4_LoadPeriodRegister
       _TMR4_ReadTimer
       _TMR4_StartTimer
       _TMR4_StopTimer
       _TMR4_WriteTimer
       _Timer_TESTMODE
       _TrunLight
       _WelcomeLight
     _Delay_ms
     _LED_OFF

 Address spaces:
Name               Size   Autos  Total    Cost      Usage
BIGRAM             1F0      0       0       0        0.0%
EEDATA             100      0       0       0        0.0%
NULL                 0      0       0       0        0.0%
CODE                 0      0       0       0        0.0%
BITCOMMON            E      0       0       1        0.0%
BITSFR0              0      0       0       1        0.0%
SFR0                 0      0       0       1        0.0%
COMMON               E      E       E       2      100.0%
BITSFR1              0      0       0       2        0.0%
SFR1                 0      0       0       2        0.0%
BITSFR2              0      0       0       3        0.0%
SFR2                 0      0       0       3        0.0%
STACK                0      0       0       3        0.0%
BITSFR3              0      0       0       4        0.0%
SFR3                 0      0       0       4        0.0%
ABS                  0      0      28       4        0.0%
BITBANK0            50      0       0       5        0.0%
BITSFR4              0      0       0       5        0.0%
SFR4                 0      0       0       5        0.0%
BANK0               50      5      1A       6       32.5%
BITSFR5              0      0       0       6        0.0%
SFR5                 0      0       0       6        0.0%
BITBANK1            50      0       0       7        0.0%
BITSFR6              0      0       0       7        0.0%
SFR6                 0      0       0       7        0.0%
BANK1               50      0       0       8        0.0%
BITSFR7              0      0       0       8        0.0%
SFR7                 0      0       0       8        0.0%
BITBANK2            50      0       0       9        0.0%
BITSFR8              0      0       0       9        0.0%
SFR8                 0      0       0       9        0.0%
BANK2               50      0       0      10        0.0%
BITSFR9              0      0       0      10        0.0%
SFR9                 0      0       0      10        0.0%
BITBANK3            50      0       0      11        0.0%
BITSFR10             0      0       0      11        0.0%
SFR10                0      0       0      11        0.0%
BANK3               50      0       0      12        0.0%
BITSFR11             0      0       0      12        0.0%
SFR11                0      0       0      12        0.0%
BITBANK4            50      0       0      13        0.0%
BITSFR12             0      0       0      13        0.0%
SFR12                0      0       0      13        0.0%
BANK4               50      0       0      14        0.0%
BITSFR13             0      0       0      14        0.0%
SFR13                0      0       0      14        0.0%
BITBANK5            50      0       0      15        0.0%
BITSFR14             0      0       0      15        0.0%
SFR14                0      0       0      15        0.0%
BANK5               50      0       0      16        0.0%
BITSFR15             0      0       0      16        0.0%
SFR15                0      0       0      16        0.0%
BITBANK6            10      0       0      17        0.0%
BITSFR16             0      0       0      17        0.0%
SFR16                0      0       0      17        0.0%
BANK6               10      0       0      18        0.0%
BITSFR17             0      0       0      18        0.0%
SFR17                0      0       0      18        0.0%
BITSFR18             0      0       0      19        0.0%
SFR18                0      0       0      19        0.0%
DATA                 0      0      28      19        0.0%
BITSFR19             0      0       0      20        0.0%
SFR19                0      0       0      20        0.0%
BITSFR20             0      0       0      21        0.0%
SFR20                0      0       0      21        0.0%
BITSFR21             0      0       0      22        0.0%
SFR21                0      0       0      22        0.0%
BITSFR22             0      0       0      23        0.0%
SFR22                0      0       0      23        0.0%
BITSFR23             0      0       0      24        0.0%
SFR23                0      0       0      24        0.0%
BITSFR24             0      0       0      25        0.0%
SFR24                0      0       0      25        0.0%
BITSFR25             0      0       0      26        0.0%
SFR25                0      0       0      26        0.0%
BITSFR26             0      0       0      27        0.0%
SFR26                0      0       0      27        0.0%
BITSFR27             0      0       0      28        0.0%
SFR27                0      0       0      28        0.0%
BITSFR28             0      0       0      29        0.0%
SFR28                0      0       0      29        0.0%
BITSFR29             0      0       0      30        0.0%
SFR29                0      0       0      30        0.0%
BITSFR30             0      0       0      31        0.0%
SFR30                0      0       0      31        0.0%
BITSFR31             0      0       0      32        0.0%
SFR31                0      0       0      32        0.0%


Microchip Technology PIC Macro Assembler V2.46 build 20240104201356 
Symbol Table                                                                                   Wed Feb 25 10:50:04 2026

     Streamer_SEG2_TEST@InputData 007A                                 _i 0022                                l14 0357  
                              l16 035C                                l24 02C4                                l18 0366  
                      _HiBeam_OFF 0210                                l98 0202                               l101 0298  
                             l112 05F1                               l212 06A0                               l116 05FC  
                             l221 06EB                               l205 066A                               l214 06BA  
                             l310 0285                               l135 022F                               l138 025B  
                             l251 02E5                               l163 0392                               l340 02AE  
                             l148 03F9                               l405 023D                               l253 02F3  
                             l173 043D                               l421 0208                               l158 0481  
                             l430 0229                               l343 026D                               l503 0556  
                             l183 04C5                               l191 0614                               l256 02FD  
                             l248 07F4                               l424 020B                               l281 021F  
                             l433 0224                               l346 0272                               l418 0247  
                             l506 04C6                               l290 0213                               l258 030B  
                             l522 0557                               l427 0205                               l380 0340  
                             l508 04CB                               l284 021B                               l188 03BF  
                             l524 055C                               l349 020F                               l517 050A  
                             l437 027E                               l533 05A3                               l198 063F  
                             l519 050D                               l287 0217                               l383 0201  
                             l448 0251                               l394 0266                               l538 02DB  
                             l299 0325                               l491 0513                               l495 0532  
                             l496 0537                               l497 053C                               l489 050E  
                             l498 0541                               l499 0546                               _PR2 001B  
                             u600 04D6                               _PR4 0416                               u601 04D5  
                             u610 04E1                               u290 027D                               _PR6 041D  
                             u611 04E0                               u291 027C                               u620 04E9  
                             u700 03F9                               u621 04E8                               u701 03F8  
                             u550 0272                               u630 04F6                               u710 0472  
                             u551 0271                               u631 04F5                               u711 0471  
                             u640 04FE                               u560 0350                               u720 0477  
                             u641 04FD                               u561 034F                               u705 03F5  
                             u721 0476                               u650 0506                               u570 035C  
                             u730 0481                               _ORB 0030                               u651 0505  
                             u571 035B                               u731 0480                               u580 0364  
                             u660 02C4                               u740 042E                               u581 0363  
                             u661 02C3                               u741 042D                               u590 04CB  
                             u670 02DB                               u750 0433                               u591 04CA  
                             u671 02DA                               u751 0432                               u680 03E3  
                             u760 043D                               u681 03E2                               u761 043C  
                             u930 0706                               u690 03E8                               u770 04B6  
                             u675 02D7                               u931 0705                               u691 03E7  
                             u771 04B5                               u940 0737                               u780 04BB  
                             u941 0736                               u781 04BA                               u950 073C  
                             u790 04C5                               u951 073B                               u791 04C4  
                             u960 0741                               u961 0740                               u970 077F  
                             u971 077E                               u980 0784                               u981 0783  
                             u990 078E                               u991 078D                 TrunLight@seg1_num 0038  
               TrunLight@seg2_num 0039                   _TMR2_Initialize 0236                               wreg 0009  
                 __end_of_LED_OFF 0230                   __end_of_LED_SET 02C5            ?_Clear_No_Call_Warning 0070  
                            l2010 06EE                              l2020 06F6                              l2012 06F0  
                            l2100 0565                              l2030 0723                              l2022 06F9  
                            l2014 06F1                              l2110 0577                              l2102 056B  
                            l2032 072A                              l2024 0700                              l2016 06F3  
                            l2008 06EE                              l2120 058A                              l2112 057B  
                            l2104 056C                              l2210 0514                              l2050 0757  
                            l2034 0737                              l2026 0706                              l2018 06F5  
                            l2130 059F                              l2122 058F                              l2114 0581  
                            l2106 0570                              l2220 052C                              l2212 0518  
                            l2060 077F                              l2052 075E                              l2044 0742  
                            l2028 071D                              l2036 073C                              l2132 05A2  
                            l2124 0595                              l2116 0582                              l2108 0576  
                            l2230 0545                              l2222 0531                              l2214 051E  
                            l2070 0795                              l2062 0784                              l2054 0765  
                            l2046 074A                              l2038 0741                              l2150 0381  
                            l2142 036C                              l2134 0368                              l2126 059A  
                            l2118 0586                              l2240 021C                              l2232 054A  
                            l2224 0536                              l2216 051F                              l2208 050E  
                            l2080 07B9                              l2072 079B                              l2064 0788  
                            l2056 076B                              l2048 0750                              l2320 05FF  
                            l2152 038C                              l2144 0370                              l2136 036A  
                            l2128 059B                              l2250 0311                              l2242 0218  
                            l2234 054B                              l2226 053B                              l2218 052B  
                            l2090 07DF                              l2082 07CA                              l2074 07A0  
                            l2058 0772                              l2066 078E                              l2330 0616  
                            l2322 0601                              l2146 0376                              l2138 036B  
                            l2170 03AE                              l2162 0398                              l2154 0394  
                            l1700 025F                              l2260 031D                              l2252 0314  
                            l2244 0214                              l2236 0551                              l2228 0540  
                            l2092 07E5                              l2076 07A7                              l2068 0793  
                            l2084 07CF                              l2340 063A                              l2332 061C  
                            l2324 0602                              l2148 037C                              l2172 03B9  
                            l2164 039E                              l2156 0396                              l1702 0260  
                            l1710 023A                              l2262 0321                              l2254 0315  
                            l2270 02E8                              l2246 0210                              l2238 0554  
                            l2094 07EF                              l2086 07D5                              l2078 07B2  
                            l2350 0660                              l2342 0641                              l2334 0623  
                            l2326 0609                              l2318 05FD                              l2430 05B4  
                            l2166 03A2                              l2158 0397                              l1462 0206  
                            l1470 0226                              l2422 028B                              l1704 0261  
                            l1712 023B                              l2264 0324                              l2256 0319  
                            l2248 030C                              l1800 04FE                              l2272 02F4  
                            l2088 07D8                              l2360 0686                              l2352 0665  
                            l2344 0647                              l2336 0630                              l2328 060F  
                            l2440 05CB                              l2432 05BA                              l2424 05A4  
                            l2168 03A8                              l1472 0221                              l1464 0209  
                            l2096 0557                              l1706 0236                              l2258 031C  
                            l1802 0501                              l1810 02B4                              l2266 02DC  
                            l2274 02F9                              l2370 06AC                              l2362 068B  
                            l2354 066C                              l2346 064E                              l2338 0635  
                            l2450 05E5                              l2442 05CE                              l2434 05BE  
                            l2426 05AA                              l1474 0273                              l1466 0203  
                            l2098 055D                              l1660 032E                              l1708 0239  
                            l1804 0502                              l1820 02C9                              l1812 02B6  
                            l2268 02E1                              l2276 0300                              l1900 041A  
                            l2380 06CA                              l2372 06B2                              l2364 0695  
                            l2356 0672                              l2348 065B                              l2452 05E8  
                            l2444 05D5                              l2436 05C1                              l2428 05B0  
                            l1476 0278                              l2460 027F                              l1670 033C  
                            l1662 0330                              l1806 0506                              l1822 02CB  
                            l1814 02BA                              l1830 03C1                              l1902 0421  
                            l1910 0483                              l2382 06D7                              l2374 06B5  
                            l2366 069B                              l2358 0679                              l2454 05ED  
                            l2446 05DA                              l2438 05C7                              l1478 027D  
                            l1672 033E                              l1664 0332                              l1656 0326  
                            l1680 020C                              l1752 0299                              l1824 02CD  
                            l1760 034A                              l1816 02BE                              l1808 02B0  
                            l1840 03CF                              l1904 042E                              l1920 048C  
                            l1912 0485                              l2384 06DC                              l2376 06BD  
                            l2368 06A2                              l2456 05F5                              l2448 05DE  
                            l1674 0267                              l1666 0336                              l1658 032B  
                            l1690 023E                              l1682 0248                              l1770 04C6  
                            l1826 02D0                              l1818 02C5                              l1762 0350  
                            l1850 0253                              l1842 03D6                              l1906 0433  
                            l1930 04A9                              l1922 0490                              l1914 0486  
                            l2386 06E6                              l2378 06C3                              l2458 05F9  
                            l1676 026A                              l1668 0338                              l1692 0241  
                            l1684 024B                              l1780 04DB                              l1772 04CC  
                            l1764 0354                              l1756 0342                              l1852 0255  
                            l1844 03E3                              l1836 03C3                              l1828 03C1  
                            l1908 0437                              l1932 04B6                              l1924 0496  
                            l2388 0202                              l1678 026B                              l1694 0242  
                            l1686 024C                              l1790 04EF                              l1782 04E1  
                            l1774 04D0                              l1766 035D                              l1758 0346  
                            l1846 03E8                              l1838 03C9                              l1870 0458  
                            l1862 0443                              l1854 043F                              l1934 04BB  
                            l1926 049C                              l1918 0487                              l1696 0244  
                            l1688 024E                              l1792 04F1                              l1776 04D6  
                            l1784 04E5                              l1768 0364                              l1848 022A  
                            l1880 047B                              l1872 045E                              l1864 0447  
                            l1856 0441                              l1936 04BF                              l1928 04A2  
                            l1698 025C                              l1794 04F6                              l1786 04E9  
                            l1778 04D7                              l1890 03FF                              l1882 03FB  
                            l1874 0465                              l1866 044D                              l1858 0442  
                            l1796 04F9                              l1788 04EE                              l1892 0403  
                            l1884 03FD                              l1876 0472                              l1868 0453  
                            l1798 04FA                              l1894 040A                              l1886 03FE  
                            l1878 0477                              l1896 040F                              l1898 0414  
                            u1000 0793                              u1001 0792                              u1010 07CA  
                            u1011 07C9                              u1020 07CF                              u1100 058F  
                            u1021 07CE                              u1101 058E                              u1030 07D5  
                            u1110 0595                              u1031 07D4                              u1111 0594  
                            u1200 0536                              u1040 07E5                              u1120 059F  
                            u1201 0535                              u1041 07E4                              u1121 059E  
                            u1210 053B                              u1130 0392                              u1050 055C  
                            u1211 053A                              u1131 0391                              u1051 055B  
                            u1300 02F9                              u1220 0540                              u1140 03BF  
                            u1060 056B                              u1301 02F8                              u1221 053F  
                            u1141 03BE                              u1061 056A                              u1230 0545  
                            u1150 0513                              u1070 0576                              u1231 0544  
                            u1151 0512                              u1071 0575                              u1240 054A  
                            u1160 051E                              u1400 0630                              u1080 0581  
                            u1241 0549                              u1161 051D                              u1401 062F  
                            u1081 0580                              u1250 0551                              u1170 0529  
                            u1410 0635                              u1090 058A                              u1251 0550  
                            u1171 0526                              u1411 0634                              u1091 0589  
                            u1260 0311                              u1500 06D7                              u1420 063A  
                            u1261 0310                              u1501 06D6                              u1421 0639  
                            _LATA 010C                              u1270 0319                              u1190 0531  
                            u1510 06DC                              u1430 065B                              _LATB 010D  
                            u1271 0318                              u1191 0530                              u1511 06DB  
                            u1431 065A                              _LATC 010E                              u1280 0321  
                            u1184 052B                              u1440 0660                              u1520 05B0  
                            u1281 0320                              u1441 065F                              u1521 05AF  
                            _LATE 0110                              u1290 02E1                              u1450 0665  
                            u1530 05BA                              u1291 02E0                              u1451 0664  
                            u1531 05B9                              u1460 0686                              u1540 05C7  
                            u1461 0685                              u1541 05C6                              u1470 068B  
                            u1390 060F                              u1550 05D5                              u1471 068A  
                            u1391 060E                              u1551 05D4                              u1480 069B  
                            u1560 05DA                              u1481 069A                              u1561 05D9  
                            u1490 06B2                              u1570 05E5                              u1491 06B1  
                            u1571 05E4                              u1580 05ED                              u1581 05EC  
                            u1590 05F5                              u1591 05F4                              _PLLR 04D6  
                            _TMR2 001A                              _TMR4 0415                              _TMR6 041C  
         _TMR4_HasOverflowOccured 0273                              _WPUB 020D                              _WPUE 0210  
                            _fACC 002F                              _fDRL 002D                              _fPOS 002E  
                            _main 027F                              _mode 0028                              fsr0h 0005  
                            indf0 0000                              fsr0l 0004                              btemp 007E  
                     LED_SET@data 0076                      _PWM_SendData 0341                              start 0002  
                 _PWM5_Initialize 025C                        _LoBeam_OFF 0218             PWM_SendData@InputData 0070  
   __end_of_OSCILLATOR_Initialize 0273                             ?_main 0070                             _T2CON 001C  
                           _T4CON 0417                             _T6CON 041E                             _TRISA 008C  
                           _TRISB 008D                             _TRISC 008E                             _TRISE 0090  
                 _TMR4_Initialize 023E                             _Timer 04C6                             _fTurn 0034  
         __end_of_PIN_MANAGER_IOC 0202                    _WDT_Initialize 020C                             status 0003  
                           wtemp0 007E                  __end_of_Delay_ms 02DC                   __initialization 07F5  
                    __end_of_main 028B                       ?_HiBeam_OFF 0070           __end_of_TMR2_Initialize 023E  
                          ??_main 007E        Streamer_SEG1_OFF@InputData 007A                         ??_LED_OFF 0079  
                       ??_LED_SET 0074          ?_TMR4_LoadPeriodRegister 0070              _LED_SET_Gradually_ON 03C0  
          __end_of_WDT_Initialize 0210                 __end_of_DRL_Light 02F4                   _TMR6_Initialize 0248  
                          ?_Timer 0070         ??_TMR4_HasOverflowOccured 0070                            _CCPR5H 031D  
                          _CCPR5L 031C                            _APFCON 011D                            _ANSELA 018C  
                          _ANSELB 018D                            _BORCON 0116                        Timer4@temp 0071  
                          _LED_ON 0252           __end_of_PWM5_Initialize 0267           TMR4_WriteTimer@timerVal 0070  
                          _OSCCON 0099                            _TMR2IF 0089                            _WDTCON 0097  
                 _TMR4_StartTimer 0206                            _Timer4 050E               _software_Initialize 028B  
                    _CCPTMRS1bits 029F                       ?_LoBeam_OFF 0070           __end_of_TMR4_Initialize 0248  
               __end_of_POS_Light 030C                   _TMR4_WriteTimer 0225                 __end_of_HiBeam_ON 0218  
           ?_LED_SET_Gradually_ON 0070                   ?_WDT_Initialize 0070              ?_software_Initialize 0070  
               __end_of_CheckGPIO 0326                  ?_PIN_MANAGER_IOC 0070                 _SYSTEM_Initialize 0299  
         __end_of__initialization 07FD                 __end_of_LoBeam_ON 0220                ?_SYSTEM_Initialize 0070  
                  __pcstackCOMMON 0070                     __end_of_Timer 050E               ??_SYSTEM_Initialize 0070  
                ?_TMR2_Initialize 0070           __end_of_TMR6_Initialize 0252   __end_of_TMR4_LoadPeriodRegister 0225  
                  _OPTION_REGbits 0095             ??_software_Initialize 007E           ??_Clear_No_Call_Warning 007E  
                       ?_Delay_ms 0071                           ??_Timer 0070                        TrunLight@j 0036  
         __end_of_TMR4_StartTimer 0209         __end_of_SYSTEM_Initialize 02AF                        __pbssBANK0 0020  
                         ?_LED_ON 0070                  ?_PWM5_Initialize 0070        __end_of_Streamer_SEG1_TEST 0393  
      __end_of_Streamer_SEG2_TEST 03C0                    _Timer_TESTMODE 0557                           ?_Timer4 0070  
                      __pmaintext 027F           __end_of_TMR4_WriteTimer 022A                           _CCP5CON 031E  
                ?_TMR4_Initialize 0070                 __end_of_TrunLight 07F5            ??_LED_SET_Gradually_ON 0079  
                         _LED_OFF 022A                           _LED_SET 02AF                        ??_Delay_ms 0073  
                         _OSCTUNE 0098            __end_of_Timer_TESTMODE 05A4                    LED_SET@LED_num 0075  
                         _fHiBeam 0032                           _fLoBeam 0033                  _Streamer_SEG1_ON 043E  
                _Streamer_SEG2_ON 0482                     ?_WelcomeLight 0070                      ??_HiBeam_OFF 0070  
                ?_TMR6_Initialize 0070                           __ptext1 028B                           __ptext2 0202  
                         __ptext3 0557                           __ptext4 0225                           __ptext5 0209  
                         __ptext6 0206                           __ptext7 0203                           __ptext8 0220  
                         __ptext9 0273                 __end_of_func_main 05FD             _OSCILLATOR_Initialize 0267  
                       _T4CONbits 0417              Streamer_SEG1_OFF@num 007C          ??_PIN_MANAGER_Initialize 0070  
            Streamer_SEG1_ON@data 007B                     TrunLight@data 0037                           clrloop0 0231  
            Streamer_SEG2_ON@data 007B                  ?_TMR4_StartTimer 0070                  _T1MS_disable_cnt 0024  
            end_of_initialization 07FD                         _DRL_Light 02DC                   ?_Timer_TESTMODE 0070  
              __end_of_HiBeam_OFF 0214       Streamer_SEG1_TEST@InputData 007A                    ??_WelcomeLight 007E  
                    ??_LoBeam_OFF 0070                  ?_TMR4_WriteTimer 0070         Streamer_SEG1_ON@InputData 007A  
                ??_WDT_Initialize 0070                         _PORTAbits 000C                         _PORTBbits 000D  
                       _PORTCbits 000E                         _POS_Light 02F4                         _HiBeam_ON 0214  
                      ?_DRL_Light 0070                __end_of_LoBeam_OFF 021C                         _CheckGPIO 030C  
                  __end_of_LED_ON 025C                        LED_ON@data 007A                        LED_SET@num 0077  
                       _LoBeam_ON 021C                    __end_of_Timer4 0557                    _TMR4_ReadTimer 0203  
          ?_OSCILLATOR_Initialize 0070          ?_TMR4_HasOverflowOccured 0070                        ?_POS_Light 0070  
             start_initialization 07F5     __end_of_Clear_No_Call_Warning 0203                        ?_HiBeam_ON 0070  
                        ??_LED_ON 0079                        ?_CheckGPIO 0070                         Timer4@TRB 0026  
                   ?_PWM_SendData 0070                       _T100us_cnt1 002B                          ??_Timer4 0070  
                      ?_LoBeam_ON 0070                    _TMR4_StopTimer 0209            __end_of_TMR4_ReadTimer 0206  
              _Streamer_SEG1_TEST 0367                _Streamer_SEG2_TEST 0393       __end_of_software_Initialize 0299  
       Streamer_SEG2_ON@InputData 007A               ?_Streamer_SEG1_TEST 0070               ?_Streamer_SEG2_TEST 0070  
                        ?_LED_OFF 0070                          ?_LED_SET 0073                         _TrunLight 06EC  
                       ___latbits 0002                          LED_SET@i 0078                     __pcstackBANK0 0035  
        __end_of_Streamer_SEG1_ON 0482          __end_of_Streamer_SEG2_ON 04C6              __end_of_WelcomeLight 06EC  
                     ??_DRL_Light 007B           _TMR4_LoadPeriodRegister 0220                    ??_PWM_SendData 0070  
            ??_Streamer_SEG1_TEST 0079              ??_Streamer_SEG2_TEST 0079            __end_of_TMR4_StopTimer 020C  
          _PIN_MANAGER_Initialize 0326                   ?_TMR4_ReadTimer 0070   __end_of_TMR4_HasOverflowOccured 027F  
                LED_SET@InputData 0073                       ??_POS_Light 007B                  ??_Timer_TESTMODE 0070  
                      ?_TrunLight 0070                         _func_main 05A4                       ??_HiBeam_ON 0070  
                     ??_CheckGPIO 0070               Streamer_SEG1_TEST@i 007D               Streamer_SEG1_ON@num 007C  
                        _LATAbits 010C                          _T1MS_cnt 0020                          _LATBbits 010D  
             Streamer_SEG2_TEST@i 007D                          _LATCbits 010E                  Delay_ms@input_ms 0071  
             Streamer_SEG2_ON@num 007C                         clear_ram0 0230                          _T5MS_cnt 002A  
           WelcomeLight@InputData 0070                   ?_TMR4_StopTimer 0070                          _PIR1bits 0011  
                        _PIR3bits 0013                       ??_LoBeam_ON 0070                 ??_PIN_MANAGER_IOC 0070  
          Streamer_SEG1_TEST@data 007B                    Timer4@T1ms_cnt 0027     TMR4_HasOverflowOccured@status 0070  
                        _Delay_ms 02C5            Streamer_SEG2_TEST@data 007B                        ?_func_main 0070  
       ??_TMR4_LoadPeriodRegister 0070                        _T250MS_cnt 0029                 ??_TMR2_Initialize 0070  
             PWM_SendData@bitmask 0072             LED_SET_Gradually_ON@j 007B                        _T100us_cnt 002C  
               _Streamer_SEG1_OFF 03FA           ??_OSCILLATOR_Initialize 0070                   LED_ON@InputData 0079  
              ?_Streamer_SEG1_OFF 0070                 ??_PWM5_Initialize 0070                          _fWelcome 0031  
            __end_of_PWM_SendData 0367               ??_Streamer_SEG1_OFF 0079                       ??_TrunLight 0079  
                        __ptext10 0393                          __ptext11 0367                          __ptext20 022A  
                        __ptext12 0201                          __ptext21 050E                          __ptext13 05A4  
                        __ptext30 0341                          __ptext22 02F4                          __ptext14 05FD  
                        __ptext31 02C5                          __ptext23 021C                          __ptext15 0482  
                        __ptext40 0326                          __ptext32 04C6                          __ptext24 0218  
                        __ptext16 043E                          __ptext41 0267                          __ptext33 030C  
                        __ptext25 0214                          __ptext17 03FA                          __ptext34 0299  
                        __ptext26 0210                          __ptext18 03C0                          __ptext35 020C  
                        __ptext27 02DC                          __ptext19 06EC                          __ptext36 0248  
                        __ptext28 0252                          __ptext37 023E                          __ptext29 02AF  
                        __ptext38 0236                          __ptext39 025C                 ??_TMR4_Initialize 0070  
              Streamer_SEG1_OFF@j 007D             Streamer_SEG1_OFF@data 007B         __end_of_Streamer_SEG1_OFF 043E  
                    _WelcomeLight 05FD             Streamer_SEG1_TEST@num 007C     LED_SET_Gradually_ON@InputData 007A  
           Streamer_SEG2_TEST@num 007C                        Delay_ms@ms 0073                       ??_func_main 007E  
               ?_Streamer_SEG1_ON 0070                 ?_Streamer_SEG2_ON 0070             _Clear_No_Call_Warning 0202  
              ??_Streamer_SEG1_ON 0079                ??_Streamer_SEG2_ON 0079           ?_PIN_MANAGER_Initialize 0070  
               ??_TMR6_Initialize 0070                  ??_TMR4_ReadTimer 0070                 Streamer_SEG1_ON@j 007D  
               Streamer_SEG2_ON@j 007D                TrunLight@InputData 0035                 ??_TMR4_StartTimer 0070  
                PWM_SendData@data 0071    __end_of_PIN_MANAGER_Initialize 0341                  ??_TMR4_StopTimer 0070  
               ??_TMR4_WriteTimer 0070                   _PIN_MANAGER_IOC 0201      __end_of_LED_SET_Gradually_ON 03FA  
TMR4_LoadPeriodRegister@periodVal 0070  
