

Microchip MPLAB XC8 Assembler V2.46 build 20240104201356 
                                                                                               Fri Mar 20 15:54:13 2026

Microchip MPLAB XC8 C Compiler v2.46 (Free license) build 20240104201356 Og1 
     1                           	processor	16F1936
     2                           	pagewidth 120
     3                           	opt	flic
     4                           	psect	cinit,global,class=CODE,merge=1,delta=2
     5                           	psect	bssBANK0,global,class=BANK0,space=1,delta=1,noexec
     6                           	psect	cstackCOMMON,global,class=COMMON,space=1,delta=1,noexec
     7                           	psect	cstackBANK0,global,class=BANK0,space=1,delta=1,noexec
     8                           	psect	maintext,global,class=CODE,merge=1,split=1,delta=2
     9                           	psect	text1,local,class=CODE,merge=1,delta=2
    10                           	psect	text2,local,class=CODE,merge=1,delta=2
    11                           	psect	text3,local,class=CODE,merge=1,delta=2
    12                           	psect	text4,local,class=CODE,merge=1,delta=2
    13                           	psect	text5,local,class=CODE,merge=1,delta=2
    14                           	psect	text6,local,class=CODE,merge=1,delta=2
    15                           	psect	text7,local,class=CODE,merge=1,delta=2
    16                           	psect	text8,local,class=CODE,merge=1,delta=2
    17                           	psect	text9,local,class=CODE,merge=1,delta=2
    18                           	psect	text10,local,class=CODE,merge=1,delta=2
    19                           	psect	text11,local,class=CODE,merge=1,delta=2
    20                           	psect	text12,local,class=CODE,merge=1,delta=2
    21                           	psect	text13,local,class=CODE,merge=1,delta=2
    22                           	psect	text14,local,class=CODE,merge=1,delta=2
    23                           	psect	text15,local,class=CODE,merge=1,delta=2
    24                           	psect	text16,local,class=CODE,merge=1,delta=2
    25                           	psect	text17,local,class=CODE,merge=1,delta=2
    26                           	psect	text18,local,class=CODE,merge=1,delta=2
    27                           	psect	text19,local,class=CODE,merge=1,delta=2
    28                           	psect	text20,local,class=CODE,merge=1,delta=2
    29                           	psect	text21,local,class=CODE,merge=1,delta=2
    30                           	psect	text22,local,class=CODE,merge=1,delta=2
    31                           	psect	text23,local,class=CODE,merge=1,delta=2
    32                           	psect	text24,local,class=CODE,merge=1,delta=2
    33                           	psect	text25,local,class=CODE,merge=1,delta=2
    34                           	psect	text26,local,class=CODE,merge=1,delta=2
    35                           	psect	text27,local,class=CODE,merge=1,delta=2
    36                           	psect	text28,local,class=CODE,merge=1,delta=2
    37                           	psect	text29,local,class=CODE,merge=1,delta=2
    38                           	psect	text30,local,class=CODE,merge=1,delta=2
    39                           	psect	text31,local,class=CODE,merge=1,delta=2
    40                           	psect	text32,local,class=CODE,merge=1,delta=2
    41                           	psect	text33,local,class=CODE,merge=1,delta=2
    42                           	psect	text34,local,class=CODE,merge=1,delta=2
    43                           	psect	text35,local,class=CODE,merge=1,delta=2
    44                           	psect	text36,local,class=CODE,merge=1,delta=2
    45                           	psect	text37,local,class=CODE,merge=1,delta=2
    46                           	psect	text38,local,class=CODE,merge=1,delta=2
    47                           	psect	text39,local,class=CODE,merge=1,delta=2
    48                           	psect	text40,local,class=CODE,merge=1,delta=2
    49                           	psect	text41,local,class=CODE,merge=1,delta=2
    50                           	psect	text42,local,class=CODE,merge=1,delta=2
    51                           	psect	text43,local,class=CODE,merge=1,delta=2
    52                           	psect	text44,local,class=CODE,merge=1,delta=2
    53                           	psect	text45,local,class=CODE,merge=1,delta=2
    54                           	psect	text46,local,class=CODE,merge=1,delta=2
    55                           	psect	text47,local,class=CODE,merge=1,delta=2
    56                           	psect	text48,local,class=CODE,merge=1,delta=2
    57                           	psect	text49,local,class=CODE,merge=1,delta=2
    58                           	psect	text50,local,class=CODE,merge=1,delta=2
    59                           	psect	text51,local,class=CODE,merge=1,delta=2
    60                           	psect	config,global,abs,ovrld,class=CONFIG,space=4,delta=2,noexec
    61                           	dabs	1,0x7E,2
    62     0000                     
    63                           ; Version 2.20
    64                           ; Generated 12/02/2020 GMT
    65                           ; 
    66                           ; Copyright © 2020, Microchip Technology Inc. and its subsidiaries ("Microchip")
    67                           ; All rights reserved.
    68                           ; 
    69                           ; This software is developed by Microchip Technology Inc. and its subsidiaries ("Microch
      +                          ip").
    70                           ; 
    71                           ; Redistribution and use in source and binary forms, with or without modification, are
    72                           ; permitted provided that the following conditions are met:
    73                           ; 
    74                           ;     1. Redistributions of source code must retain the above copyright notice, this lis
      +                          t of
    75                           ;        conditions and the following disclaimer.
    76                           ; 
    77                           ;     2. Redistributions in binary form must reproduce the above copyright notice, this 
      +                          list
    78                           ;        of conditions and the following disclaimer in the documentation and/or other
    79                           ;        materials provided with the distribution.
    80                           ; 
    81                           ;     3. Microchip's name may not be used to endorse or promote products derived from th
      +                          is
    82                           ;        software without specific prior written permission.
    83                           ; 
    84                           ; THIS SOFTWARE IS PROVIDED BY MICROCHIP "AS IS" AND ANY EXPRESS OR IMPLIED WARRANTIES,
    85                           ; INCLUDING, BUT NOT LIMITED TO, THE IMPLIED WARRANTIES OF MERCHANTABILITY AND FITNESS F
      +                          OR
    86                           ; PURPOSE ARE DISCLAIMED.  IN NO EVENT SHALL MICROCHIP BE LIABLE FOR ANY DIRECT, INDIREC
      +                          T,
    87                           ; INCIDENTAL, SPECIAL, EXEMPLARY, OR CONSEQUENTIAL DAMAGES (INCLUDING BUT NOT LIMITED TO
    88                           ; PROCUREMENT OF SUBSTITUTE GOODS OR SERVICES; LOSS OF USE, DATA OR PROFITS; OR BUSINESS
    89                           ; INTERRUPTION) HOWSOEVER CAUSED AND ON ANY THEORY OF LIABILITY, WHETHER IN CONTRACT, ST
      +                          RICT
    90                           ; LIABILITY, OR TORT (INCLUDING NEGLIGENCE OR OTHERWISE) ARISING IN ANY WAY OUT OF THE U
      +                          SE OF
    91                           ; THIS SOFTWARE, EVEN IF ADVISED OF THE POSSIBILITY OF SUCH DAMAGE.
    92                           ; 
    93                           ; 
    94                           ; Code-generator required, PIC16F1936 Definitions
    95                           ; 
    96                           ; SFR Addresses
    97     0000                     	;# 
    98     0001                     	;# 
    99     0002                     	;# 
   100     0003                     	;# 
   101     0004                     	;# 
   102     0005                     	;# 
   103     0006                     	;# 
   104     0007                     	;# 
   105     0008                     	;# 
   106     0009                     	;# 
   107     000A                     	;# 
   108     000B                     	;# 
   109     000C                     	;# 
   110     000D                     	;# 
   111     000E                     	;# 
   112     0010                     	;# 
   113     0011                     	;# 
   114     0012                     	;# 
   115     0013                     	;# 
   116     0015                     	;# 
   117     0016                     	;# 
   118     0016                     	;# 
   119     0017                     	;# 
   120     0018                     	;# 
   121     0019                     	;# 
   122     001A                     	;# 
   123     001B                     	;# 
   124     001C                     	;# 
   125     001E                     	;# 
   126     001F                     	;# 
   127     008C                     	;# 
   128     008D                     	;# 
   129     008E                     	;# 
   130     0090                     	;# 
   131     0091                     	;# 
   132     0092                     	;# 
   133     0093                     	;# 
   134     0095                     	;# 
   135     0096                     	;# 
   136     0097                     	;# 
   137     0098                     	;# 
   138     0099                     	;# 
   139     009A                     	;# 
   140     009B                     	;# 
   141     009B                     	;# 
   142     009C                     	;# 
   143     009D                     	;# 
   144     009E                     	;# 
   145     010C                     	;# 
   146     010D                     	;# 
   147     010E                     	;# 
   148     0110                     	;# 
   149     0111                     	;# 
   150     0112                     	;# 
   151     0113                     	;# 
   152     0114                     	;# 
   153     0115                     	;# 
   154     0116                     	;# 
   155     0117                     	;# 
   156     0118                     	;# 
   157     0119                     	;# 
   158     011A                     	;# 
   159     011B                     	;# 
   160     011D                     	;# 
   161     018C                     	;# 
   162     018D                     	;# 
   163     0191                     	;# 
   164     0191                     	;# 
   165     0192                     	;# 
   166     0193                     	;# 
   167     0193                     	;# 
   168     0193                     	;# 
   169     0194                     	;# 
   170     0195                     	;# 
   171     0196                     	;# 
   172     0199                     	;# 
   173     019A                     	;# 
   174     019B                     	;# 
   175     019B                     	;# 
   176     019B                     	;# 
   177     019B                     	;# 
   178     019C                     	;# 
   179     019C                     	;# 
   180     019D                     	;# 
   181     019E                     	;# 
   182     019F                     	;# 
   183     020D                     	;# 
   184     0210                     	;# 
   185     0211                     	;# 
   186     0212                     	;# 
   187     0213                     	;# 
   188     0214                     	;# 
   189     0215                     	;# 
   190     0215                     	;# 
   191     0216                     	;# 
   192     0217                     	;# 
   193     0291                     	;# 
   194     0291                     	;# 
   195     0292                     	;# 
   196     0293                     	;# 
   197     0294                     	;# 
   198     0295                     	;# 
   199     0295                     	;# 
   200     0296                     	;# 
   201     0298                     	;# 
   202     0298                     	;# 
   203     0299                     	;# 
   204     029A                     	;# 
   205     029B                     	;# 
   206     029C                     	;# 
   207     029C                     	;# 
   208     029D                     	;# 
   209     029E                     	;# 
   210     029F                     	;# 
   211     0311                     	;# 
   212     0311                     	;# 
   213     0312                     	;# 
   214     0313                     	;# 
   215     0314                     	;# 
   216     0315                     	;# 
   217     0315                     	;# 
   218     0316                     	;# 
   219     0318                     	;# 
   220     0318                     	;# 
   221     0319                     	;# 
   222     031A                     	;# 
   223     031C                     	;# 
   224     031C                     	;# 
   225     031D                     	;# 
   226     031E                     	;# 
   227     0394                     	;# 
   228     0395                     	;# 
   229     0396                     	;# 
   230     0415                     	;# 
   231     0416                     	;# 
   232     0417                     	;# 
   233     041C                     	;# 
   234     041D                     	;# 
   235     041E                     	;# 
   236     0791                     	;# 
   237     0792                     	;# 
   238     0793                     	;# 
   239     0794                     	;# 
   240     0795                     	;# 
   241     0798                     	;# 
   242     0799                     	;# 
   243     07A0                     	;# 
   244     07A1                     	;# 
   245     07A3                     	;# 
   246     07A4                     	;# 
   247     07A6                     	;# 
   248     07A7                     	;# 
   249     07A9                     	;# 
   250     07AA                     	;# 
   251     0FE4                     	;# 
   252     0FE5                     	;# 
   253     0FE6                     	;# 
   254     0FE7                     	;# 
   255     0FE8                     	;# 
   256     0FE9                     	;# 
   257     0FEA                     	;# 
   258     0FEB                     	;# 
   259     0FED                     	;# 
   260     0FEE                     	;# 
   261     0FEF                     	;# 
   262     0000                     	;# 
   263     0001                     	;# 
   264     0002                     	;# 
   265     0003                     	;# 
   266     0004                     	;# 
   267     0005                     	;# 
   268     0006                     	;# 
   269     0007                     	;# 
   270     0008                     	;# 
   271     0009                     	;# 
   272     000A                     	;# 
   273     000B                     	;# 
   274     000C                     	;# 
   275     000D                     	;# 
   276     000E                     	;# 
   277     0010                     	;# 
   278     0011                     	;# 
   279     0012                     	;# 
   280     0013                     	;# 
   281     0015                     	;# 
   282     0016                     	;# 
   283     0016                     	;# 
   284     0017                     	;# 
   285     0018                     	;# 
   286     0019                     	;# 
   287     001A                     	;# 
   288     001B                     	;# 
   289     001C                     	;# 
   290     001E                     	;# 
   291     001F                     	;# 
   292     008C                     	;# 
   293     008D                     	;# 
   294     008E                     	;# 
   295     0090                     	;# 
   296     0091                     	;# 
   297     0092                     	;# 
   298     0093                     	;# 
   299     0095                     	;# 
   300     0096                     	;# 
   301     0097                     	;# 
   302     0098                     	;# 
   303     0099                     	;# 
   304     009A                     	;# 
   305     009B                     	;# 
   306     009B                     	;# 
   307     009C                     	;# 
   308     009D                     	;# 
   309     009E                     	;# 
   310     010C                     	;# 
   311     010D                     	;# 
   312     010E                     	;# 
   313     0110                     	;# 
   314     0111                     	;# 
   315     0112                     	;# 
   316     0113                     	;# 
   317     0114                     	;# 
   318     0115                     	;# 
   319     0116                     	;# 
   320     0117                     	;# 
   321     0118                     	;# 
   322     0119                     	;# 
   323     011A                     	;# 
   324     011B                     	;# 
   325     011D                     	;# 
   326     018C                     	;# 
   327     018D                     	;# 
   328     0191                     	;# 
   329     0191                     	;# 
   330     0192                     	;# 
   331     0193                     	;# 
   332     0193                     	;# 
   333     0193                     	;# 
   334     0194                     	;# 
   335     0195                     	;# 
   336     0196                     	;# 
   337     0199                     	;# 
   338     019A                     	;# 
   339     019B                     	;# 
   340     019B                     	;# 
   341     019B                     	;# 
   342     019B                     	;# 
   343     019C                     	;# 
   344     019C                     	;# 
   345     019D                     	;# 
   346     019E                     	;# 
   347     019F                     	;# 
   348     020D                     	;# 
   349     0210                     	;# 
   350     0211                     	;# 
   351     0212                     	;# 
   352     0213                     	;# 
   353     0214                     	;# 
   354     0215                     	;# 
   355     0215                     	;# 
   356     0216                     	;# 
   357     0217                     	;# 
   358     0291                     	;# 
   359     0291                     	;# 
   360     0292                     	;# 
   361     0293                     	;# 
   362     0294                     	;# 
   363     0295                     	;# 
   364     0295                     	;# 
   365     0296                     	;# 
   366     0298                     	;# 
   367     0298                     	;# 
   368     0299                     	;# 
   369     029A                     	;# 
   370     029B                     	;# 
   371     029C                     	;# 
   372     029C                     	;# 
   373     029D                     	;# 
   374     029E                     	;# 
   375     029F                     	;# 
   376     0311                     	;# 
   377     0311                     	;# 
   378     0312                     	;# 
   379     0313                     	;# 
   380     0314                     	;# 
   381     0315                     	;# 
   382     0315                     	;# 
   383     0316                     	;# 
   384     0318                     	;# 
   385     0318                     	;# 
   386     0319                     	;# 
   387     031A                     	;# 
   388     031C                     	;# 
   389     031C                     	;# 
   390     031D                     	;# 
   391     031E                     	;# 
   392     0394                     	;# 
   393     0395                     	;# 
   394     0396                     	;# 
   395     0415                     	;# 
   396     0416                     	;# 
   397     0417                     	;# 
   398     041C                     	;# 
   399     041D                     	;# 
   400     041E                     	;# 
   401     0791                     	;# 
   402     0792                     	;# 
   403     0793                     	;# 
   404     0794                     	;# 
   405     0795                     	;# 
   406     0798                     	;# 
   407     0799                     	;# 
   408     07A0                     	;# 
   409     07A1                     	;# 
   410     07A3                     	;# 
   411     07A4                     	;# 
   412     07A6                     	;# 
   413     07A7                     	;# 
   414     07A9                     	;# 
   415     07AA                     	;# 
   416     0FE4                     	;# 
   417     0FE5                     	;# 
   418     0FE6                     	;# 
   419     0FE7                     	;# 
   420     0FE8                     	;# 
   421     0FE9                     	;# 
   422     0FEA                     	;# 
   423     0FEB                     	;# 
   424     0FED                     	;# 
   425     0FEE                     	;# 
   426     0FEF                     	;# 
   427     0000                     	;# 
   428     0001                     	;# 
   429     0002                     	;# 
   430     0003                     	;# 
   431     0004                     	;# 
   432     0005                     	;# 
   433     0006                     	;# 
   434     0007                     	;# 
   435     0008                     	;# 
   436     0009                     	;# 
   437     000A                     	;# 
   438     000B                     	;# 
   439     000C                     	;# 
   440     000D                     	;# 
   441     000E                     	;# 
   442     0010                     	;# 
   443     0011                     	;# 
   444     0012                     	;# 
   445     0013                     	;# 
   446     0015                     	;# 
   447     0016                     	;# 
   448     0016                     	;# 
   449     0017                     	;# 
   450     0018                     	;# 
   451     0019                     	;# 
   452     001A                     	;# 
   453     001B                     	;# 
   454     001C                     	;# 
   455     001E                     	;# 
   456     001F                     	;# 
   457     008C                     	;# 
   458     008D                     	;# 
   459     008E                     	;# 
   460     0090                     	;# 
   461     0091                     	;# 
   462     0092                     	;# 
   463     0093                     	;# 
   464     0095                     	;# 
   465     0096                     	;# 
   466     0097                     	;# 
   467     0098                     	;# 
   468     0099                     	;# 
   469     009A                     	;# 
   470     009B                     	;# 
   471     009B                     	;# 
   472     009C                     	;# 
   473     009D                     	;# 
   474     009E                     	;# 
   475     010C                     	;# 
   476     010D                     	;# 
   477     010E                     	;# 
   478     0110                     	;# 
   479     0111                     	;# 
   480     0112                     	;# 
   481     0113                     	;# 
   482     0114                     	;# 
   483     0115                     	;# 
   484     0116                     	;# 
   485     0117                     	;# 
   486     0118                     	;# 
   487     0119                     	;# 
   488     011A                     	;# 
   489     011B                     	;# 
   490     011D                     	;# 
   491     018C                     	;# 
   492     018D                     	;# 
   493     0191                     	;# 
   494     0191                     	;# 
   495     0192                     	;# 
   496     0193                     	;# 
   497     0193                     	;# 
   498     0193                     	;# 
   499     0194                     	;# 
   500     0195                     	;# 
   501     0196                     	;# 
   502     0199                     	;# 
   503     019A                     	;# 
   504     019B                     	;# 
   505     019B                     	;# 
   506     019B                     	;# 
   507     019B                     	;# 
   508     019C                     	;# 
   509     019C                     	;# 
   510     019D                     	;# 
   511     019E                     	;# 
   512     019F                     	;# 
   513     020D                     	;# 
   514     0210                     	;# 
   515     0211                     	;# 
   516     0212                     	;# 
   517     0213                     	;# 
   518     0214                     	;# 
   519     0215                     	;# 
   520     0215                     	;# 
   521     0216                     	;# 
   522     0217                     	;# 
   523     0291                     	;# 
   524     0291                     	;# 
   525     0292                     	;# 
   526     0293                     	;# 
   527     0294                     	;# 
   528     0295                     	;# 
   529     0295                     	;# 
   530     0296                     	;# 
   531     0298                     	;# 
   532     0298                     	;# 
   533     0299                     	;# 
   534     029A                     	;# 
   535     029B                     	;# 
   536     029C                     	;# 
   537     029C                     	;# 
   538     029D                     	;# 
   539     029E                     	;# 
   540     029F                     	;# 
   541     0311                     	;# 
   542     0311                     	;# 
   543     0312                     	;# 
   544     0313                     	;# 
   545     0314                     	;# 
   546     0315                     	;# 
   547     0315                     	;# 
   548     0316                     	;# 
   549     0318                     	;# 
   550     0318                     	;# 
   551     0319                     	;# 
   552     031A                     	;# 
   553     031C                     	;# 
   554     031C                     	;# 
   555     031D                     	;# 
   556     031E                     	;# 
   557     0394                     	;# 
   558     0395                     	;# 
   559     0396                     	;# 
   560     0415                     	;# 
   561     0416                     	;# 
   562     0417                     	;# 
   563     041C                     	;# 
   564     041D                     	;# 
   565     041E                     	;# 
   566     0791                     	;# 
   567     0792                     	;# 
   568     0793                     	;# 
   569     0794                     	;# 
   570     0795                     	;# 
   571     0798                     	;# 
   572     0799                     	;# 
   573     07A0                     	;# 
   574     07A1                     	;# 
   575     07A3                     	;# 
   576     07A4                     	;# 
   577     07A6                     	;# 
   578     07A7                     	;# 
   579     07A9                     	;# 
   580     07AA                     	;# 
   581     0FE4                     	;# 
   582     0FE5                     	;# 
   583     0FE6                     	;# 
   584     0FE7                     	;# 
   585     0FE8                     	;# 
   586     0FE9                     	;# 
   587     0FEA                     	;# 
   588     0FEB                     	;# 
   589     0FED                     	;# 
   590     0FEE                     	;# 
   591     0FEF                     	;# 
   592     0000                     	;# 
   593     0001                     	;# 
   594     0002                     	;# 
   595     0003                     	;# 
   596     0004                     	;# 
   597     0005                     	;# 
   598     0006                     	;# 
   599     0007                     	;# 
   600     0008                     	;# 
   601     0009                     	;# 
   602     000A                     	;# 
   603     000B                     	;# 
   604     000C                     	;# 
   605     000D                     	;# 
   606     000E                     	;# 
   607     0010                     	;# 
   608     0011                     	;# 
   609     0012                     	;# 
   610     0013                     	;# 
   611     0015                     	;# 
   612     0016                     	;# 
   613     0016                     	;# 
   614     0017                     	;# 
   615     0018                     	;# 
   616     0019                     	;# 
   617     001A                     	;# 
   618     001B                     	;# 
   619     001C                     	;# 
   620     001E                     	;# 
   621     001F                     	;# 
   622     008C                     	;# 
   623     008D                     	;# 
   624     008E                     	;# 
   625     0090                     	;# 
   626     0091                     	;# 
   627     0092                     	;# 
   628     0093                     	;# 
   629     0095                     	;# 
   630     0096                     	;# 
   631     0097                     	;# 
   632     0098                     	;# 
   633     0099                     	;# 
   634     009A                     	;# 
   635     009B                     	;# 
   636     009B                     	;# 
   637     009C                     	;# 
   638     009D                     	;# 
   639     009E                     	;# 
   640     010C                     	;# 
   641     010D                     	;# 
   642     010E                     	;# 
   643     0110                     	;# 
   644     0111                     	;# 
   645     0112                     	;# 
   646     0113                     	;# 
   647     0114                     	;# 
   648     0115                     	;# 
   649     0116                     	;# 
   650     0117                     	;# 
   651     0118                     	;# 
   652     0119                     	;# 
   653     011A                     	;# 
   654     011B                     	;# 
   655     011D                     	;# 
   656     018C                     	;# 
   657     018D                     	;# 
   658     0191                     	;# 
   659     0191                     	;# 
   660     0192                     	;# 
   661     0193                     	;# 
   662     0193                     	;# 
   663     0193                     	;# 
   664     0194                     	;# 
   665     0195                     	;# 
   666     0196                     	;# 
   667     0199                     	;# 
   668     019A                     	;# 
   669     019B                     	;# 
   670     019B                     	;# 
   671     019B                     	;# 
   672     019B                     	;# 
   673     019C                     	;# 
   674     019C                     	;# 
   675     019D                     	;# 
   676     019E                     	;# 
   677     019F                     	;# 
   678     020D                     	;# 
   679     0210                     	;# 
   680     0211                     	;# 
   681     0212                     	;# 
   682     0213                     	;# 
   683     0214                     	;# 
   684     0215                     	;# 
   685     0215                     	;# 
   686     0216                     	;# 
   687     0217                     	;# 
   688     0291                     	;# 
   689     0291                     	;# 
   690     0292                     	;# 
   691     0293                     	;# 
   692     0294                     	;# 
   693     0295                     	;# 
   694     0295                     	;# 
   695     0296                     	;# 
   696     0298                     	;# 
   697     0298                     	;# 
   698     0299                     	;# 
   699     029A                     	;# 
   700     029B                     	;# 
   701     029C                     	;# 
   702     029C                     	;# 
   703     029D                     	;# 
   704     029E                     	;# 
   705     029F                     	;# 
   706     0311                     	;# 
   707     0311                     	;# 
   708     0312                     	;# 
   709     0313                     	;# 
   710     0314                     	;# 
   711     0315                     	;# 
   712     0315                     	;# 
   713     0316                     	;# 
   714     0318                     	;# 
   715     0318                     	;# 
   716     0319                     	;# 
   717     031A                     	;# 
   718     031C                     	;# 
   719     031C                     	;# 
   720     031D                     	;# 
   721     031E                     	;# 
   722     0394                     	;# 
   723     0395                     	;# 
   724     0396                     	;# 
   725     0415                     	;# 
   726     0416                     	;# 
   727     0417                     	;# 
   728     041C                     	;# 
   729     041D                     	;# 
   730     041E                     	;# 
   731     0791                     	;# 
   732     0792                     	;# 
   733     0793                     	;# 
   734     0794                     	;# 
   735     0795                     	;# 
   736     0798                     	;# 
   737     0799                     	;# 
   738     07A0                     	;# 
   739     07A1                     	;# 
   740     07A3                     	;# 
   741     07A4                     	;# 
   742     07A6                     	;# 
   743     07A7                     	;# 
   744     07A9                     	;# 
   745     07AA                     	;# 
   746     0FE4                     	;# 
   747     0FE5                     	;# 
   748     0FE6                     	;# 
   749     0FE7                     	;# 
   750     0FE8                     	;# 
   751     0FE9                     	;# 
   752     0FEA                     	;# 
   753     0FEB                     	;# 
   754     0FED                     	;# 
   755     0FEE                     	;# 
   756     0FEF                     	;# 
   757     0000                     	;# 
   758     0001                     	;# 
   759     0002                     	;# 
   760     0003                     	;# 
   761     0004                     	;# 
   762     0005                     	;# 
   763     0006                     	;# 
   764     0007                     	;# 
   765     0008                     	;# 
   766     0009                     	;# 
   767     000A                     	;# 
   768     000B                     	;# 
   769     000C                     	;# 
   770     000D                     	;# 
   771     000E                     	;# 
   772     0010                     	;# 
   773     0011                     	;# 
   774     0012                     	;# 
   775     0013                     	;# 
   776     0015                     	;# 
   777     0016                     	;# 
   778     0016                     	;# 
   779     0017                     	;# 
   780     0018                     	;# 
   781     0019                     	;# 
   782     001A                     	;# 
   783     001B                     	;# 
   784     001C                     	;# 
   785     001E                     	;# 
   786     001F                     	;# 
   787     008C                     	;# 
   788     008D                     	;# 
   789     008E                     	;# 
   790     0090                     	;# 
   791     0091                     	;# 
   792     0092                     	;# 
   793     0093                     	;# 
   794     0095                     	;# 
   795     0096                     	;# 
   796     0097                     	;# 
   797     0098                     	;# 
   798     0099                     	;# 
   799     009A                     	;# 
   800     009B                     	;# 
   801     009B                     	;# 
   802     009C                     	;# 
   803     009D                     	;# 
   804     009E                     	;# 
   805     010C                     	;# 
   806     010D                     	;# 
   807     010E                     	;# 
   808     0110                     	;# 
   809     0111                     	;# 
   810     0112                     	;# 
   811     0113                     	;# 
   812     0114                     	;# 
   813     0115                     	;# 
   814     0116                     	;# 
   815     0117                     	;# 
   816     0118                     	;# 
   817     0119                     	;# 
   818     011A                     	;# 
   819     011B                     	;# 
   820     011D                     	;# 
   821     018C                     	;# 
   822     018D                     	;# 
   823     0191                     	;# 
   824     0191                     	;# 
   825     0192                     	;# 
   826     0193                     	;# 
   827     0193                     	;# 
   828     0193                     	;# 
   829     0194                     	;# 
   830     0195                     	;# 
   831     0196                     	;# 
   832     0199                     	;# 
   833     019A                     	;# 
   834     019B                     	;# 
   835     019B                     	;# 
   836     019B                     	;# 
   837     019B                     	;# 
   838     019C                     	;# 
   839     019C                     	;# 
   840     019D                     	;# 
   841     019E                     	;# 
   842     019F                     	;# 
   843     020D                     	;# 
   844     0210                     	;# 
   845     0211                     	;# 
   846     0212                     	;# 
   847     0213                     	;# 
   848     0214                     	;# 
   849     0215                     	;# 
   850     0215                     	;# 
   851     0216                     	;# 
   852     0217                     	;# 
   853     0291                     	;# 
   854     0291                     	;# 
   855     0292                     	;# 
   856     0293                     	;# 
   857     0294                     	;# 
   858     0295                     	;# 
   859     0295                     	;# 
   860     0296                     	;# 
   861     0298                     	;# 
   862     0298                     	;# 
   863     0299                     	;# 
   864     029A                     	;# 
   865     029B                     	;# 
   866     029C                     	;# 
   867     029C                     	;# 
   868     029D                     	;# 
   869     029E                     	;# 
   870     029F                     	;# 
   871     0311                     	;# 
   872     0311                     	;# 
   873     0312                     	;# 
   874     0313                     	;# 
   875     0314                     	;# 
   876     0315                     	;# 
   877     0315                     	;# 
   878     0316                     	;# 
   879     0318                     	;# 
   880     0318                     	;# 
   881     0319                     	;# 
   882     031A                     	;# 
   883     031C                     	;# 
   884     031C                     	;# 
   885     031D                     	;# 
   886     031E                     	;# 
   887     0394                     	;# 
   888     0395                     	;# 
   889     0396                     	;# 
   890     0415                     	;# 
   891     0416                     	;# 
   892     0417                     	;# 
   893     041C                     	;# 
   894     041D                     	;# 
   895     041E                     	;# 
   896     0791                     	;# 
   897     0792                     	;# 
   898     0793                     	;# 
   899     0794                     	;# 
   900     0795                     	;# 
   901     0798                     	;# 
   902     0799                     	;# 
   903     07A0                     	;# 
   904     07A1                     	;# 
   905     07A3                     	;# 
   906     07A4                     	;# 
   907     07A6                     	;# 
   908     07A7                     	;# 
   909     07A9                     	;# 
   910     07AA                     	;# 
   911     0FE4                     	;# 
   912     0FE5                     	;# 
   913     0FE6                     	;# 
   914     0FE7                     	;# 
   915     0FE8                     	;# 
   916     0FE9                     	;# 
   917     0FEA                     	;# 
   918     0FEB                     	;# 
   919     0FED                     	;# 
   920     0FEE                     	;# 
   921     0FEF                     	;# 
   922     0000                     	;# 
   923     0001                     	;# 
   924     0002                     	;# 
   925     0003                     	;# 
   926     0004                     	;# 
   927     0005                     	;# 
   928     0006                     	;# 
   929     0007                     	;# 
   930     0008                     	;# 
   931     0009                     	;# 
   932     000A                     	;# 
   933     000B                     	;# 
   934     000C                     	;# 
   935     000D                     	;# 
   936     000E                     	;# 
   937     0010                     	;# 
   938     0011                     	;# 
   939     0012                     	;# 
   940     0013                     	;# 
   941     0015                     	;# 
   942     0016                     	;# 
   943     0016                     	;# 
   944     0017                     	;# 
   945     0018                     	;# 
   946     0019                     	;# 
   947     001A                     	;# 
   948     001B                     	;# 
   949     001C                     	;# 
   950     001E                     	;# 
   951     001F                     	;# 
   952     008C                     	;# 
   953     008D                     	;# 
   954     008E                     	;# 
   955     0090                     	;# 
   956     0091                     	;# 
   957     0092                     	;# 
   958     0093                     	;# 
   959     0095                     	;# 
   960     0096                     	;# 
   961     0097                     	;# 
   962     0098                     	;# 
   963     0099                     	;# 
   964     009A                     	;# 
   965     009B                     	;# 
   966     009B                     	;# 
   967     009C                     	;# 
   968     009D                     	;# 
   969     009E                     	;# 
   970     010C                     	;# 
   971     010D                     	;# 
   972     010E                     	;# 
   973     0110                     	;# 
   974     0111                     	;# 
   975     0112                     	;# 
   976     0113                     	;# 
   977     0114                     	;# 
   978     0115                     	;# 
   979     0116                     	;# 
   980     0117                     	;# 
   981     0118                     	;# 
   982     0119                     	;# 
   983     011A                     	;# 
   984     011B                     	;# 
   985     011D                     	;# 
   986     018C                     	;# 
   987     018D                     	;# 
   988     0191                     	;# 
   989     0191                     	;# 
   990     0192                     	;# 
   991     0193                     	;# 
   992     0193                     	;# 
   993     0193                     	;# 
   994     0194                     	;# 
   995     0195                     	;# 
   996     0196                     	;# 
   997     0199                     	;# 
   998     019A                     	;# 
   999     019B                     	;# 
  1000     019B                     	;# 
  1001     019B                     	;# 
  1002     019B                     	;# 
  1003     019C                     	;# 
  1004     019C                     	;# 
  1005     019D                     	;# 
  1006     019E                     	;# 
  1007     019F                     	;# 
  1008     020D                     	;# 
  1009     0210                     	;# 
  1010     0211                     	;# 
  1011     0212                     	;# 
  1012     0213                     	;# 
  1013     0214                     	;# 
  1014     0215                     	;# 
  1015     0215                     	;# 
  1016     0216                     	;# 
  1017     0217                     	;# 
  1018     0291                     	;# 
  1019     0291                     	;# 
  1020     0292                     	;# 
  1021     0293                     	;# 
  1022     0294                     	;# 
  1023     0295                     	;# 
  1024     0295                     	;# 
  1025     0296                     	;# 
  1026     0298                     	;# 
  1027     0298                     	;# 
  1028     0299                     	;# 
  1029     029A                     	;# 
  1030     029B                     	;# 
  1031     029C                     	;# 
  1032     029C                     	;# 
  1033     029D                     	;# 
  1034     029E                     	;# 
  1035     029F                     	;# 
  1036     0311                     	;# 
  1037     0311                     	;# 
  1038     0312                     	;# 
  1039     0313                     	;# 
  1040     0314                     	;# 
  1041     0315                     	;# 
  1042     0315                     	;# 
  1043     0316                     	;# 
  1044     0318                     	;# 
  1045     0318                     	;# 
  1046     0319                     	;# 
  1047     031A                     	;# 
  1048     031C                     	;# 
  1049     031C                     	;# 
  1050     031D                     	;# 
  1051     031E                     	;# 
  1052     0394                     	;# 
  1053     0395                     	;# 
  1054     0396                     	;# 
  1055     0415                     	;# 
  1056     0416                     	;# 
  1057     0417                     	;# 
  1058     041C                     	;# 
  1059     041D                     	;# 
  1060     041E                     	;# 
  1061     0791                     	;# 
  1062     0792                     	;# 
  1063     0793                     	;# 
  1064     0794                     	;# 
  1065     0795                     	;# 
  1066     0798                     	;# 
  1067     0799                     	;# 
  1068     07A0                     	;# 
  1069     07A1                     	;# 
  1070     07A3                     	;# 
  1071     07A4                     	;# 
  1072     07A6                     	;# 
  1073     07A7                     	;# 
  1074     07A9                     	;# 
  1075     07AA                     	;# 
  1076     0FE4                     	;# 
  1077     0FE5                     	;# 
  1078     0FE6                     	;# 
  1079     0FE7                     	;# 
  1080     0FE8                     	;# 
  1081     0FE9                     	;# 
  1082     0FEA                     	;# 
  1083     0FEB                     	;# 
  1084     0FED                     	;# 
  1085     0FEE                     	;# 
  1086     0FEF                     	;# 
  1087     0000                     	;# 
  1088     0001                     	;# 
  1089     0002                     	;# 
  1090     0003                     	;# 
  1091     0004                     	;# 
  1092     0005                     	;# 
  1093     0006                     	;# 
  1094     0007                     	;# 
  1095     0008                     	;# 
  1096     0009                     	;# 
  1097     000A                     	;# 
  1098     000B                     	;# 
  1099     000C                     	;# 
  1100     000D                     	;# 
  1101     000E                     	;# 
  1102     0010                     	;# 
  1103     0011                     	;# 
  1104     0012                     	;# 
  1105     0013                     	;# 
  1106     0015                     	;# 
  1107     0016                     	;# 
  1108     0016                     	;# 
  1109     0017                     	;# 
  1110     0018                     	;# 
  1111     0019                     	;# 
  1112     001A                     	;# 
  1113     001B                     	;# 
  1114     001C                     	;# 
  1115     001E                     	;# 
  1116     001F                     	;# 
  1117     008C                     	;# 
  1118     008D                     	;# 
  1119     008E                     	;# 
  1120     0090                     	;# 
  1121     0091                     	;# 
  1122     0092                     	;# 
  1123     0093                     	;# 
  1124     0095                     	;# 
  1125     0096                     	;# 
  1126     0097                     	;# 
  1127     0098                     	;# 
  1128     0099                     	;# 
  1129     009A                     	;# 
  1130     009B                     	;# 
  1131     009B                     	;# 
  1132     009C                     	;# 
  1133     009D                     	;# 
  1134     009E                     	;# 
  1135     010C                     	;# 
  1136     010D                     	;# 
  1137     010E                     	;# 
  1138     0110                     	;# 
  1139     0111                     	;# 
  1140     0112                     	;# 
  1141     0113                     	;# 
  1142     0114                     	;# 
  1143     0115                     	;# 
  1144     0116                     	;# 
  1145     0117                     	;# 
  1146     0118                     	;# 
  1147     0119                     	;# 
  1148     011A                     	;# 
  1149     011B                     	;# 
  1150     011D                     	;# 
  1151     018C                     	;# 
  1152     018D                     	;# 
  1153     0191                     	;# 
  1154     0191                     	;# 
  1155     0192                     	;# 
  1156     0193                     	;# 
  1157     0193                     	;# 
  1158     0193                     	;# 
  1159     0194                     	;# 
  1160     0195                     	;# 
  1161     0196                     	;# 
  1162     0199                     	;# 
  1163     019A                     	;# 
  1164     019B                     	;# 
  1165     019B                     	;# 
  1166     019B                     	;# 
  1167     019B                     	;# 
  1168     019C                     	;# 
  1169     019C                     	;# 
  1170     019D                     	;# 
  1171     019E                     	;# 
  1172     019F                     	;# 
  1173     020D                     	;# 
  1174     0210                     	;# 
  1175     0211                     	;# 
  1176     0212                     	;# 
  1177     0213                     	;# 
  1178     0214                     	;# 
  1179     0215                     	;# 
  1180     0215                     	;# 
  1181     0216                     	;# 
  1182     0217                     	;# 
  1183     0291                     	;# 
  1184     0291                     	;# 
  1185     0292                     	;# 
  1186     0293                     	;# 
  1187     0294                     	;# 
  1188     0295                     	;# 
  1189     0295                     	;# 
  1190     0296                     	;# 
  1191     0298                     	;# 
  1192     0298                     	;# 
  1193     0299                     	;# 
  1194     029A                     	;# 
  1195     029B                     	;# 
  1196     029C                     	;# 
  1197     029C                     	;# 
  1198     029D                     	;# 
  1199     029E                     	;# 
  1200     029F                     	;# 
  1201     0311                     	;# 
  1202     0311                     	;# 
  1203     0312                     	;# 
  1204     0313                     	;# 
  1205     0314                     	;# 
  1206     0315                     	;# 
  1207     0315                     	;# 
  1208     0316                     	;# 
  1209     0318                     	;# 
  1210     0318                     	;# 
  1211     0319                     	;# 
  1212     031A                     	;# 
  1213     031C                     	;# 
  1214     031C                     	;# 
  1215     031D                     	;# 
  1216     031E                     	;# 
  1217     0394                     	;# 
  1218     0395                     	;# 
  1219     0396                     	;# 
  1220     0415                     	;# 
  1221     0416                     	;# 
  1222     0417                     	;# 
  1223     041C                     	;# 
  1224     041D                     	;# 
  1225     041E                     	;# 
  1226     0791                     	;# 
  1227     0792                     	;# 
  1228     0793                     	;# 
  1229     0794                     	;# 
  1230     0795                     	;# 
  1231     0798                     	;# 
  1232     0799                     	;# 
  1233     07A0                     	;# 
  1234     07A1                     	;# 
  1235     07A3                     	;# 
  1236     07A4                     	;# 
  1237     07A6                     	;# 
  1238     07A7                     	;# 
  1239     07A9                     	;# 
  1240     07AA                     	;# 
  1241     0FE4                     	;# 
  1242     0FE5                     	;# 
  1243     0FE6                     	;# 
  1244     0FE7                     	;# 
  1245     0FE8                     	;# 
  1246     0FE9                     	;# 
  1247     0FEA                     	;# 
  1248     0FEB                     	;# 
  1249     0FED                     	;# 
  1250     0FEE                     	;# 
  1251     0FEF                     	;# 
  1252     0000                     	;# 
  1253     0001                     	;# 
  1254     0002                     	;# 
  1255     0003                     	;# 
  1256     0004                     	;# 
  1257     0005                     	;# 
  1258     0006                     	;# 
  1259     0007                     	;# 
  1260     0008                     	;# 
  1261     0009                     	;# 
  1262     000A                     	;# 
  1263     000B                     	;# 
  1264     000C                     	;# 
  1265     000D                     	;# 
  1266     000E                     	;# 
  1267     0010                     	;# 
  1268     0011                     	;# 
  1269     0012                     	;# 
  1270     0013                     	;# 
  1271     0015                     	;# 
  1272     0016                     	;# 
  1273     0016                     	;# 
  1274     0017                     	;# 
  1275     0018                     	;# 
  1276     0019                     	;# 
  1277     001A                     	;# 
  1278     001B                     	;# 
  1279     001C                     	;# 
  1280     001E                     	;# 
  1281     001F                     	;# 
  1282     008C                     	;# 
  1283     008D                     	;# 
  1284     008E                     	;# 
  1285     0090                     	;# 
  1286     0091                     	;# 
  1287     0092                     	;# 
  1288     0093                     	;# 
  1289     0095                     	;# 
  1290     0096                     	;# 
  1291     0097                     	;# 
  1292     0098                     	;# 
  1293     0099                     	;# 
  1294     009A                     	;# 
  1295     009B                     	;# 
  1296     009B                     	;# 
  1297     009C                     	;# 
  1298     009D                     	;# 
  1299     009E                     	;# 
  1300     010C                     	;# 
  1301     010D                     	;# 
  1302     010E                     	;# 
  1303     0110                     	;# 
  1304     0111                     	;# 
  1305     0112                     	;# 
  1306     0113                     	;# 
  1307     0114                     	;# 
  1308     0115                     	;# 
  1309     0116                     	;# 
  1310     0117                     	;# 
  1311     0118                     	;# 
  1312     0119                     	;# 
  1313     011A                     	;# 
  1314     011B                     	;# 
  1315     011D                     	;# 
  1316     018C                     	;# 
  1317     018D                     	;# 
  1318     0191                     	;# 
  1319     0191                     	;# 
  1320     0192                     	;# 
  1321     0193                     	;# 
  1322     0193                     	;# 
  1323     0193                     	;# 
  1324     0194                     	;# 
  1325     0195                     	;# 
  1326     0196                     	;# 
  1327     0199                     	;# 
  1328     019A                     	;# 
  1329     019B                     	;# 
  1330     019B                     	;# 
  1331     019B                     	;# 
  1332     019B                     	;# 
  1333     019C                     	;# 
  1334     019C                     	;# 
  1335     019D                     	;# 
  1336     019E                     	;# 
  1337     019F                     	;# 
  1338     020D                     	;# 
  1339     0210                     	;# 
  1340     0211                     	;# 
  1341     0212                     	;# 
  1342     0213                     	;# 
  1343     0214                     	;# 
  1344     0215                     	;# 
  1345     0215                     	;# 
  1346     0216                     	;# 
  1347     0217                     	;# 
  1348     0291                     	;# 
  1349     0291                     	;# 
  1350     0292                     	;# 
  1351     0293                     	;# 
  1352     0294                     	;# 
  1353     0295                     	;# 
  1354     0295                     	;# 
  1355     0296                     	;# 
  1356     0298                     	;# 
  1357     0298                     	;# 
  1358     0299                     	;# 
  1359     029A                     	;# 
  1360     029B                     	;# 
  1361     029C                     	;# 
  1362     029C                     	;# 
  1363     029D                     	;# 
  1364     029E                     	;# 
  1365     029F                     	;# 
  1366     0311                     	;# 
  1367     0311                     	;# 
  1368     0312                     	;# 
  1369     0313                     	;# 
  1370     0314                     	;# 
  1371     0315                     	;# 
  1372     0315                     	;# 
  1373     0316                     	;# 
  1374     0318                     	;# 
  1375     0318                     	;# 
  1376     0319                     	;# 
  1377     031A                     	;# 
  1378     031C                     	;# 
  1379     031C                     	;# 
  1380     031D                     	;# 
  1381     031E                     	;# 
  1382     0394                     	;# 
  1383     0395                     	;# 
  1384     0396                     	;# 
  1385     0415                     	;# 
  1386     0416                     	;# 
  1387     0417                     	;# 
  1388     041C                     	;# 
  1389     041D                     	;# 
  1390     041E                     	;# 
  1391     0791                     	;# 
  1392     0792                     	;# 
  1393     0793                     	;# 
  1394     0794                     	;# 
  1395     0795                     	;# 
  1396     0798                     	;# 
  1397     0799                     	;# 
  1398     07A0                     	;# 
  1399     07A1                     	;# 
  1400     07A3                     	;# 
  1401     07A4                     	;# 
  1402     07A6                     	;# 
  1403     07A7                     	;# 
  1404     07A9                     	;# 
  1405     07AA                     	;# 
  1406     0FE4                     	;# 
  1407     0FE5                     	;# 
  1408     0FE6                     	;# 
  1409     0FE7                     	;# 
  1410     0FE8                     	;# 
  1411     0FE9                     	;# 
  1412     0FEA                     	;# 
  1413     0FEB                     	;# 
  1414     0FED                     	;# 
  1415     0FEE                     	;# 
  1416     0FEF                     	;# 
  1417     0000                     	;# 
  1418     0001                     	;# 
  1419     0002                     	;# 
  1420     0003                     	;# 
  1421     0004                     	;# 
  1422     0005                     	;# 
  1423     0006                     	;# 
  1424     0007                     	;# 
  1425     0008                     	;# 
  1426     0009                     	;# 
  1427     000A                     	;# 
  1428     000B                     	;# 
  1429     000C                     	;# 
  1430     000D                     	;# 
  1431     000E                     	;# 
  1432     0010                     	;# 
  1433     0011                     	;# 
  1434     0012                     	;# 
  1435     0013                     	;# 
  1436     0015                     	;# 
  1437     0016                     	;# 
  1438     0016                     	;# 
  1439     0017                     	;# 
  1440     0018                     	;# 
  1441     0019                     	;# 
  1442     001A                     	;# 
  1443     001B                     	;# 
  1444     001C                     	;# 
  1445     001E                     	;# 
  1446     001F                     	;# 
  1447     008C                     	;# 
  1448     008D                     	;# 
  1449     008E                     	;# 
  1450     0090                     	;# 
  1451     0091                     	;# 
  1452     0092                     	;# 
  1453     0093                     	;# 
  1454     0095                     	;# 
  1455     0096                     	;# 
  1456     0097                     	;# 
  1457     0098                     	;# 
  1458     0099                     	;# 
  1459     009A                     	;# 
  1460     009B                     	;# 
  1461     009B                     	;# 
  1462     009C                     	;# 
  1463     009D                     	;# 
  1464     009E                     	;# 
  1465     010C                     	;# 
  1466     010D                     	;# 
  1467     010E                     	;# 
  1468     0110                     	;# 
  1469     0111                     	;# 
  1470     0112                     	;# 
  1471     0113                     	;# 
  1472     0114                     	;# 
  1473     0115                     	;# 
  1474     0116                     	;# 
  1475     0117                     	;# 
  1476     0118                     	;# 
  1477     0119                     	;# 
  1478     011A                     	;# 
  1479     011B                     	;# 
  1480     011D                     	;# 
  1481     018C                     	;# 
  1482     018D                     	;# 
  1483     0191                     	;# 
  1484     0191                     	;# 
  1485     0192                     	;# 
  1486     0193                     	;# 
  1487     0193                     	;# 
  1488     0193                     	;# 
  1489     0194                     	;# 
  1490     0195                     	;# 
  1491     0196                     	;# 
  1492     0199                     	;# 
  1493     019A                     	;# 
  1494     019B                     	;# 
  1495     019B                     	;# 
  1496     019B                     	;# 
  1497     019B                     	;# 
  1498     019C                     	;# 
  1499     019C                     	;# 
  1500     019D                     	;# 
  1501     019E                     	;# 
  1502     019F                     	;# 
  1503     020D                     	;# 
  1504     0210                     	;# 
  1505     0211                     	;# 
  1506     0212                     	;# 
  1507     0213                     	;# 
  1508     0214                     	;# 
  1509     0215                     	;# 
  1510     0215                     	;# 
  1511     0216                     	;# 
  1512     0217                     	;# 
  1513     0291                     	;# 
  1514     0291                     	;# 
  1515     0292                     	;# 
  1516     0293                     	;# 
  1517     0294                     	;# 
  1518     0295                     	;# 
  1519     0295                     	;# 
  1520     0296                     	;# 
  1521     0298                     	;# 
  1522     0298                     	;# 
  1523     0299                     	;# 
  1524     029A                     	;# 
  1525     029B                     	;# 
  1526     029C                     	;# 
  1527     029C                     	;# 
  1528     029D                     	;# 
  1529     029E                     	;# 
  1530     029F                     	;# 
  1531     0311                     	;# 
  1532     0311                     	;# 
  1533     0312                     	;# 
  1534     0313                     	;# 
  1535     0314                     	;# 
  1536     0315                     	;# 
  1537     0315                     	;# 
  1538     0316                     	;# 
  1539     0318                     	;# 
  1540     0318                     	;# 
  1541     0319                     	;# 
  1542     031A                     	;# 
  1543     031C                     	;# 
  1544     031C                     	;# 
  1545     031D                     	;# 
  1546     031E                     	;# 
  1547     0394                     	;# 
  1548     0395                     	;# 
  1549     0396                     	;# 
  1550     0415                     	;# 
  1551     0416                     	;# 
  1552     0417                     	;# 
  1553     041C                     	;# 
  1554     041D                     	;# 
  1555     041E                     	;# 
  1556     0791                     	;# 
  1557     0792                     	;# 
  1558     0793                     	;# 
  1559     0794                     	;# 
  1560     0795                     	;# 
  1561     0798                     	;# 
  1562     0799                     	;# 
  1563     07A0                     	;# 
  1564     07A1                     	;# 
  1565     07A3                     	;# 
  1566     07A4                     	;# 
  1567     07A6                     	;# 
  1568     07A7                     	;# 
  1569     07A9                     	;# 
  1570     07AA                     	;# 
  1571     0FE4                     	;# 
  1572     0FE5                     	;# 
  1573     0FE6                     	;# 
  1574     0FE7                     	;# 
  1575     0FE8                     	;# 
  1576     0FE9                     	;# 
  1577     0FEA                     	;# 
  1578     0FEB                     	;# 
  1579     0FED                     	;# 
  1580     0FEE                     	;# 
  1581     0FEF                     	;# 
  1582     0000                     	;# 
  1583     0001                     	;# 
  1584     0002                     	;# 
  1585     0003                     	;# 
  1586     0004                     	;# 
  1587     0005                     	;# 
  1588     0006                     	;# 
  1589     0007                     	;# 
  1590     0008                     	;# 
  1591     0009                     	;# 
  1592     000A                     	;# 
  1593     000B                     	;# 
  1594     000C                     	;# 
  1595     000D                     	;# 
  1596     000E                     	;# 
  1597     0010                     	;# 
  1598     0011                     	;# 
  1599     0012                     	;# 
  1600     0013                     	;# 
  1601     0015                     	;# 
  1602     0016                     	;# 
  1603     0016                     	;# 
  1604     0017                     	;# 
  1605     0018                     	;# 
  1606     0019                     	;# 
  1607     001A                     	;# 
  1608     001B                     	;# 
  1609     001C                     	;# 
  1610     001E                     	;# 
  1611     001F                     	;# 
  1612     008C                     	;# 
  1613     008D                     	;# 
  1614     008E                     	;# 
  1615     0090                     	;# 
  1616     0091                     	;# 
  1617     0092                     	;# 
  1618     0093                     	;# 
  1619     0095                     	;# 
  1620     0096                     	;# 
  1621     0097                     	;# 
  1622     0098                     	;# 
  1623     0099                     	;# 
  1624     009A                     	;# 
  1625     009B                     	;# 
  1626     009B                     	;# 
  1627     009C                     	;# 
  1628     009D                     	;# 
  1629     009E                     	;# 
  1630     010C                     	;# 
  1631     010D                     	;# 
  1632     010E                     	;# 
  1633     0110                     	;# 
  1634     0111                     	;# 
  1635     0112                     	;# 
  1636     0113                     	;# 
  1637     0114                     	;# 
  1638     0115                     	;# 
  1639     0116                     	;# 
  1640     0117                     	;# 
  1641     0118                     	;# 
  1642     0119                     	;# 
  1643     011A                     	;# 
  1644     011B                     	;# 
  1645     011D                     	;# 
  1646     018C                     	;# 
  1647     018D                     	;# 
  1648     0191                     	;# 
  1649     0191                     	;# 
  1650     0192                     	;# 
  1651     0193                     	;# 
  1652     0193                     	;# 
  1653     0193                     	;# 
  1654     0194                     	;# 
  1655     0195                     	;# 
  1656     0196                     	;# 
  1657     0199                     	;# 
  1658     019A                     	;# 
  1659     019B                     	;# 
  1660     019B                     	;# 
  1661     019B                     	;# 
  1662     019B                     	;# 
  1663     019C                     	;# 
  1664     019C                     	;# 
  1665     019D                     	;# 
  1666     019E                     	;# 
  1667     019F                     	;# 
  1668     020D                     	;# 
  1669     0210                     	;# 
  1670     0211                     	;# 
  1671     0212                     	;# 
  1672     0213                     	;# 
  1673     0214                     	;# 
  1674     0215                     	;# 
  1675     0215                     	;# 
  1676     0216                     	;# 
  1677     0217                     	;# 
  1678     0291                     	;# 
  1679     0291                     	;# 
  1680     0292                     	;# 
  1681     0293                     	;# 
  1682     0294                     	;# 
  1683     0295                     	;# 
  1684     0295                     	;# 
  1685     0296                     	;# 
  1686     0298                     	;# 
  1687     0298                     	;# 
  1688     0299                     	;# 
  1689     029A                     	;# 
  1690     029B                     	;# 
  1691     029C                     	;# 
  1692     029C                     	;# 
  1693     029D                     	;# 
  1694     029E                     	;# 
  1695     029F                     	;# 
  1696     0311                     	;# 
  1697     0311                     	;# 
  1698     0312                     	;# 
  1699     0313                     	;# 
  1700     0314                     	;# 
  1701     0315                     	;# 
  1702     0315                     	;# 
  1703     0316                     	;# 
  1704     0318                     	;# 
  1705     0318                     	;# 
  1706     0319                     	;# 
  1707     031A                     	;# 
  1708     031C                     	;# 
  1709     031C                     	;# 
  1710     031D                     	;# 
  1711     031E                     	;# 
  1712     0394                     	;# 
  1713     0395                     	;# 
  1714     0396                     	;# 
  1715     0415                     	;# 
  1716     0416                     	;# 
  1717     0417                     	;# 
  1718     041C                     	;# 
  1719     041D                     	;# 
  1720     041E                     	;# 
  1721     0791                     	;# 
  1722     0792                     	;# 
  1723     0793                     	;# 
  1724     0794                     	;# 
  1725     0795                     	;# 
  1726     0798                     	;# 
  1727     0799                     	;# 
  1728     07A0                     	;# 
  1729     07A1                     	;# 
  1730     07A3                     	;# 
  1731     07A4                     	;# 
  1732     07A6                     	;# 
  1733     07A7                     	;# 
  1734     07A9                     	;# 
  1735     07AA                     	;# 
  1736     0FE4                     	;# 
  1737     0FE5                     	;# 
  1738     0FE6                     	;# 
  1739     0FE7                     	;# 
  1740     0FE8                     	;# 
  1741     0FE9                     	;# 
  1742     0FEA                     	;# 
  1743     0FEB                     	;# 
  1744     0FED                     	;# 
  1745     0FEE                     	;# 
  1746     0FEF                     	;# 
  1747     0000                     	;# 
  1748     0001                     	;# 
  1749     0002                     	;# 
  1750     0003                     	;# 
  1751     0004                     	;# 
  1752     0005                     	;# 
  1753     0006                     	;# 
  1754     0007                     	;# 
  1755     0008                     	;# 
  1756     0009                     	;# 
  1757     000A                     	;# 
  1758     000B                     	;# 
  1759     000C                     	;# 
  1760     000D                     	;# 
  1761     000E                     	;# 
  1762     0010                     	;# 
  1763     0011                     	;# 
  1764     0012                     	;# 
  1765     0013                     	;# 
  1766     0015                     	;# 
  1767     0016                     	;# 
  1768     0016                     	;# 
  1769     0017                     	;# 
  1770     0018                     	;# 
  1771     0019                     	;# 
  1772     001A                     	;# 
  1773     001B                     	;# 
  1774     001C                     	;# 
  1775     001E                     	;# 
  1776     001F                     	;# 
  1777     008C                     	;# 
  1778     008D                     	;# 
  1779     008E                     	;# 
  1780     0090                     	;# 
  1781     0091                     	;# 
  1782     0092                     	;# 
  1783     0093                     	;# 
  1784     0095                     	;# 
  1785     0096                     	;# 
  1786     0097                     	;# 
  1787     0098                     	;# 
  1788     0099                     	;# 
  1789     009A                     	;# 
  1790     009B                     	;# 
  1791     009B                     	;# 
  1792     009C                     	;# 
  1793     009D                     	;# 
  1794     009E                     	;# 
  1795     010C                     	;# 
  1796     010D                     	;# 
  1797     010E                     	;# 
  1798     0110                     	;# 
  1799     0111                     	;# 
  1800     0112                     	;# 
  1801     0113                     	;# 
  1802     0114                     	;# 
  1803     0115                     	;# 
  1804     0116                     	;# 
  1805     0117                     	;# 
  1806     0118                     	;# 
  1807     0119                     	;# 
  1808     011A                     	;# 
  1809     011B                     	;# 
  1810     011D                     	;# 
  1811     018C                     	;# 
  1812     018D                     	;# 
  1813     0191                     	;# 
  1814     0191                     	;# 
  1815     0192                     	;# 
  1816     0193                     	;# 
  1817     0193                     	;# 
  1818     0193                     	;# 
  1819     0194                     	;# 
  1820     0195                     	;# 
  1821     0196                     	;# 
  1822     0199                     	;# 
  1823     019A                     	;# 
  1824     019B                     	;# 
  1825     019B                     	;# 
  1826     019B                     	;# 
  1827     019B                     	;# 
  1828     019C                     	;# 
  1829     019C                     	;# 
  1830     019D                     	;# 
  1831     019E                     	;# 
  1832     019F                     	;# 
  1833     020D                     	;# 
  1834     0210                     	;# 
  1835     0211                     	;# 
  1836     0212                     	;# 
  1837     0213                     	;# 
  1838     0214                     	;# 
  1839     0215                     	;# 
  1840     0215                     	;# 
  1841     0216                     	;# 
  1842     0217                     	;# 
  1843     0291                     	;# 
  1844     0291                     	;# 
  1845     0292                     	;# 
  1846     0293                     	;# 
  1847     0294                     	;# 
  1848     0295                     	;# 
  1849     0295                     	;# 
  1850     0296                     	;# 
  1851     0298                     	;# 
  1852     0298                     	;# 
  1853     0299                     	;# 
  1854     029A                     	;# 
  1855     029B                     	;# 
  1856     029C                     	;# 
  1857     029C                     	;# 
  1858     029D                     	;# 
  1859     029E                     	;# 
  1860     029F                     	;# 
  1861     0311                     	;# 
  1862     0311                     	;# 
  1863     0312                     	;# 
  1864     0313                     	;# 
  1865     0314                     	;# 
  1866     0315                     	;# 
  1867     0315                     	;# 
  1868     0316                     	;# 
  1869     0318                     	;# 
  1870     0318                     	;# 
  1871     0319                     	;# 
  1872     031A                     	;# 
  1873     031C                     	;# 
  1874     031C                     	;# 
  1875     031D                     	;# 
  1876     031E                     	;# 
  1877     0394                     	;# 
  1878     0395                     	;# 
  1879     0396                     	;# 
  1880     0415                     	;# 
  1881     0416                     	;# 
  1882     0417                     	;# 
  1883     041C                     	;# 
  1884     041D                     	;# 
  1885     041E                     	;# 
  1886     0791                     	;# 
  1887     0792                     	;# 
  1888     0793                     	;# 
  1889     0794                     	;# 
  1890     0795                     	;# 
  1891     0798                     	;# 
  1892     0799                     	;# 
  1893     07A0                     	;# 
  1894     07A1                     	;# 
  1895     07A3                     	;# 
  1896     07A4                     	;# 
  1897     07A6                     	;# 
  1898     07A7                     	;# 
  1899     07A9                     	;# 
  1900     07AA                     	;# 
  1901     0FE4                     	;# 
  1902     0FE5                     	;# 
  1903     0FE6                     	;# 
  1904     0FE7                     	;# 
  1905     0FE8                     	;# 
  1906     0FE9                     	;# 
  1907     0FEA                     	;# 
  1908     0FEB                     	;# 
  1909     0FED                     	;# 
  1910     0FEE                     	;# 
  1911     0FEF                     	;# 
  1912     0000                     	;# 
  1913     0001                     	;# 
  1914     0002                     	;# 
  1915     0003                     	;# 
  1916     0004                     	;# 
  1917     0005                     	;# 
  1918     0006                     	;# 
  1919     0007                     	;# 
  1920     0008                     	;# 
  1921     0009                     	;# 
  1922     000A                     	;# 
  1923     000B                     	;# 
  1924     000C                     	;# 
  1925     000D                     	;# 
  1926     000E                     	;# 
  1927     0010                     	;# 
  1928     0011                     	;# 
  1929     0012                     	;# 
  1930     0013                     	;# 
  1931     0015                     	;# 
  1932     0016                     	;# 
  1933     0016                     	;# 
  1934     0017                     	;# 
  1935     0018                     	;# 
  1936     0019                     	;# 
  1937     001A                     	;# 
  1938     001B                     	;# 
  1939     001C                     	;# 
  1940     001E                     	;# 
  1941     001F                     	;# 
  1942     008C                     	;# 
  1943     008D                     	;# 
  1944     008E                     	;# 
  1945     0090                     	;# 
  1946     0091                     	;# 
  1947     0092                     	;# 
  1948     0093                     	;# 
  1949     0095                     	;# 
  1950     0096                     	;# 
  1951     0097                     	;# 
  1952     0098                     	;# 
  1953     0099                     	;# 
  1954     009A                     	;# 
  1955     009B                     	;# 
  1956     009B                     	;# 
  1957     009C                     	;# 
  1958     009D                     	;# 
  1959     009E                     	;# 
  1960     010C                     	;# 
  1961     010D                     	;# 
  1962     010E                     	;# 
  1963     0110                     	;# 
  1964     0111                     	;# 
  1965     0112                     	;# 
  1966     0113                     	;# 
  1967     0114                     	;# 
  1968     0115                     	;# 
  1969     0116                     	;# 
  1970     0117                     	;# 
  1971     0118                     	;# 
  1972     0119                     	;# 
  1973     011A                     	;# 
  1974     011B                     	;# 
  1975     011D                     	;# 
  1976     018C                     	;# 
  1977     018D                     	;# 
  1978     0191                     	;# 
  1979     0191                     	;# 
  1980     0192                     	;# 
  1981     0193                     	;# 
  1982     0193                     	;# 
  1983     0193                     	;# 
  1984     0194                     	;# 
  1985     0195                     	;# 
  1986     0196                     	;# 
  1987     0199                     	;# 
  1988     019A                     	;# 
  1989     019B                     	;# 
  1990     019B                     	;# 
  1991     019B                     	;# 
  1992     019B                     	;# 
  1993     019C                     	;# 
  1994     019C                     	;# 
  1995     019D                     	;# 
  1996     019E                     	;# 
  1997     019F                     	;# 
  1998     020D                     	;# 
  1999     0210                     	;# 
  2000     0211                     	;# 
  2001     0212                     	;# 
  2002     0213                     	;# 
  2003     0214                     	;# 
  2004     0215                     	;# 
  2005     0215                     	;# 
  2006     0216                     	;# 
  2007     0217                     	;# 
  2008     0291                     	;# 
  2009     0291                     	;# 
  2010     0292                     	;# 
  2011     0293                     	;# 
  2012     0294                     	;# 
  2013     0295                     	;# 
  2014     0295                     	;# 
  2015     0296                     	;# 
  2016     0298                     	;# 
  2017     0298                     	;# 
  2018     0299                     	;# 
  2019     029A                     	;# 
  2020     029B                     	;# 
  2021     029C                     	;# 
  2022     029C                     	;# 
  2023     029D                     	;# 
  2024     029E                     	;# 
  2025     029F                     	;# 
  2026     0311                     	;# 
  2027     0311                     	;# 
  2028     0312                     	;# 
  2029     0313                     	;# 
  2030     0314                     	;# 
  2031     0315                     	;# 
  2032     0315                     	;# 
  2033     0316                     	;# 
  2034     0318                     	;# 
  2035     0318                     	;# 
  2036     0319                     	;# 
  2037     031A                     	;# 
  2038     031C                     	;# 
  2039     031C                     	;# 
  2040     031D                     	;# 
  2041     031E                     	;# 
  2042     0394                     	;# 
  2043     0395                     	;# 
  2044     0396                     	;# 
  2045     0415                     	;# 
  2046     0416                     	;# 
  2047     0417                     	;# 
  2048     041C                     	;# 
  2049     041D                     	;# 
  2050     041E                     	;# 
  2051     0791                     	;# 
  2052     0792                     	;# 
  2053     0793                     	;# 
  2054     0794                     	;# 
  2055     0795                     	;# 
  2056     0798                     	;# 
  2057     0799                     	;# 
  2058     07A0                     	;# 
  2059     07A1                     	;# 
  2060     07A3                     	;# 
  2061     07A4                     	;# 
  2062     07A6                     	;# 
  2063     07A7                     	;# 
  2064     07A9                     	;# 
  2065     07AA                     	;# 
  2066     0FE4                     	;# 
  2067     0FE5                     	;# 
  2068     0FE6                     	;# 
  2069     0FE7                     	;# 
  2070     0FE8                     	;# 
  2071     0FE9                     	;# 
  2072     0FEA                     	;# 
  2073     0FEB                     	;# 
  2074     0FED                     	;# 
  2075     0FEE                     	;# 
  2076     0FEF                     	;# 
  2077     0000                     	;# 
  2078     0001                     	;# 
  2079     0002                     	;# 
  2080     0003                     	;# 
  2081     0004                     	;# 
  2082     0005                     	;# 
  2083     0006                     	;# 
  2084     0007                     	;# 
  2085     0008                     	;# 
  2086     0009                     	;# 
  2087     000A                     	;# 
  2088     000B                     	;# 
  2089     000C                     	;# 
  2090     000D                     	;# 
  2091     000E                     	;# 
  2092     0010                     	;# 
  2093     0011                     	;# 
  2094     0012                     	;# 
  2095     0013                     	;# 
  2096     0015                     	;# 
  2097     0016                     	;# 
  2098     0016                     	;# 
  2099     0017                     	;# 
  2100     0018                     	;# 
  2101     0019                     	;# 
  2102     001A                     	;# 
  2103     001B                     	;# 
  2104     001C                     	;# 
  2105     001E                     	;# 
  2106     001F                     	;# 
  2107     008C                     	;# 
  2108     008D                     	;# 
  2109     008E                     	;# 
  2110     0090                     	;# 
  2111     0091                     	;# 
  2112     0092                     	;# 
  2113     0093                     	;# 
  2114     0095                     	;# 
  2115     0096                     	;# 
  2116     0097                     	;# 
  2117     0098                     	;# 
  2118     0099                     	;# 
  2119     009A                     	;# 
  2120     009B                     	;# 
  2121     009B                     	;# 
  2122     009C                     	;# 
  2123     009D                     	;# 
  2124     009E                     	;# 
  2125     010C                     	;# 
  2126     010D                     	;# 
  2127     010E                     	;# 
  2128     0110                     	;# 
  2129     0111                     	;# 
  2130     0112                     	;# 
  2131     0113                     	;# 
  2132     0114                     	;# 
  2133     0115                     	;# 
  2134     0116                     	;# 
  2135     0117                     	;# 
  2136     0118                     	;# 
  2137     0119                     	;# 
  2138     011A                     	;# 
  2139     011B                     	;# 
  2140     011D                     	;# 
  2141     018C                     	;# 
  2142     018D                     	;# 
  2143     0191                     	;# 
  2144     0191                     	;# 
  2145     0192                     	;# 
  2146     0193                     	;# 
  2147     0193                     	;# 
  2148     0193                     	;# 
  2149     0194                     	;# 
  2150     0195                     	;# 
  2151     0196                     	;# 
  2152     0199                     	;# 
  2153     019A                     	;# 
  2154     019B                     	;# 
  2155     019B                     	;# 
  2156     019B                     	;# 
  2157     019B                     	;# 
  2158     019C                     	;# 
  2159     019C                     	;# 
  2160     019D                     	;# 
  2161     019E                     	;# 
  2162     019F                     	;# 
  2163     020D                     	;# 
  2164     0210                     	;# 
  2165     0211                     	;# 
  2166     0212                     	;# 
  2167     0213                     	;# 
  2168     0214                     	;# 
  2169     0215                     	;# 
  2170     0215                     	;# 
  2171     0216                     	;# 
  2172     0217                     	;# 
  2173     0291                     	;# 
  2174     0291                     	;# 
  2175     0292                     	;# 
  2176     0293                     	;# 
  2177     0294                     	;# 
  2178     0295                     	;# 
  2179     0295                     	;# 
  2180     0296                     	;# 
  2181     0298                     	;# 
  2182     0298                     	;# 
  2183     0299                     	;# 
  2184     029A                     	;# 
  2185     029B                     	;# 
  2186     029C                     	;# 
  2187     029C                     	;# 
  2188     029D                     	;# 
  2189     029E                     	;# 
  2190     029F                     	;# 
  2191     0311                     	;# 
  2192     0311                     	;# 
  2193     0312                     	;# 
  2194     0313                     	;# 
  2195     0314                     	;# 
  2196     0315                     	;# 
  2197     0315                     	;# 
  2198     0316                     	;# 
  2199     0318                     	;# 
  2200     0318                     	;# 
  2201     0319                     	;# 
  2202     031A                     	;# 
  2203     031C                     	;# 
  2204     031C                     	;# 
  2205     031D                     	;# 
  2206     031E                     	;# 
  2207     0394                     	;# 
  2208     0395                     	;# 
  2209     0396                     	;# 
  2210     0415                     	;# 
  2211     0416                     	;# 
  2212     0417                     	;# 
  2213     041C                     	;# 
  2214     041D                     	;# 
  2215     041E                     	;# 
  2216     0791                     	;# 
  2217     0792                     	;# 
  2218     0793                     	;# 
  2219     0794                     	;# 
  2220     0795                     	;# 
  2221     0798                     	;# 
  2222     0799                     	;# 
  2223     07A0                     	;# 
  2224     07A1                     	;# 
  2225     07A3                     	;# 
  2226     07A4                     	;# 
  2227     07A6                     	;# 
  2228     07A7                     	;# 
  2229     07A9                     	;# 
  2230     07AA                     	;# 
  2231     0FE4                     	;# 
  2232     0FE5                     	;# 
  2233     0FE6                     	;# 
  2234     0FE7                     	;# 
  2235     0FE8                     	;# 
  2236     0FE9                     	;# 
  2237     0FEA                     	;# 
  2238     0FEB                     	;# 
  2239     0FED                     	;# 
  2240     0FEE                     	;# 
  2241     0FEF                     	;# 
  2242     000C                     _PORTAbits	set	12
  2243     000E                     _PORTCbits	set	14
  2244     000D                     _PORTBbits	set	13
  2245     0013                     _PIR3bits	set	19
  2246     001C                     _T2CONbits	set	28
  2247     001C                     _T2CON	set	28
  2248     0011                     _PIR1bits	set	17
  2249     001A                     _TMR2	set	26
  2250     001B                     _PR2	set	27
  2251     0097                     _WDTCON	set	151
  2252     0098                     _OSCTUNE	set	152
  2253     0099                     _OSCCON	set	153
  2254     0095                     _OPTION_REGbits	set	149
  2255     008E                     _TRISC	set	142
  2256     008D                     _TRISB	set	141
  2257     008C                     _TRISA	set	140
  2258     0090                     _TRISE	set	144
  2259     04D6                     _PLLR	set	1238
  2260     010E                     _LATCbits	set	270
  2261     010C                     _LATAbits	set	268
  2262     010D                     _LATBbits	set	269
  2263     0116                     _BORCON	set	278
  2264     011D                     _APFCON	set	285
  2265     010E                     _LATC	set	270
  2266     010D                     _LATB	set	269
  2267     010C                     _LATA	set	268
  2268     0110                     _LATE	set	272
  2269     018C                     _ANSELA	set	396
  2270     018D                     _ANSELB	set	397
  2271     020D                     _WPUB	set	525
  2272     0210                     _WPUE	set	528
  2273     029F                     _CCPTMRS1bits	set	671
  2274     031D                     _CCPR5H	set	797
  2275     031C                     _CCPR5L	set	796
  2276     031E                     _CCP5CON	set	798
  2277     0417                     _T4CONbits	set	1047
  2278     0417                     _T4CON	set	1047
  2279     0415                     _TMR4	set	1045
  2280     0416                     _PR4	set	1046
  2281     041E                     _T6CONbits	set	1054
  2282     041E                     _T6CON	set	1054
  2283     041C                     _TMR6	set	1052
  2284     041D                     _PR6	set	1053
  2285                           
  2286                           	psect	cinit
  2287     07F2                     start_initialization:	
  2288                           ; #config settings
  2289                           
  2290     07F2                     __initialization:
  2291                           
  2292                           ; Clear objects allocated to BANK0
  2293     07F2  0020               	movlb	0	; select bank0
  2294     07F3  01A0               	clrf	__pbssBANK0& (0+127)
  2295     07F4  01A1               	clrf	(__pbssBANK0+1)& (0+127)
  2296     07F5  01A2               	clrf	(__pbssBANK0+2)& (0+127)
  2297     07F6  01A3               	clrf	(__pbssBANK0+3)& (0+127)
  2298     07F7  01A4               	clrf	(__pbssBANK0+4)& (0+127)
  2299     07F8  01A5               	clrf	(__pbssBANK0+5)& (0+127)
  2300     07F9  01A6               	clrf	(__pbssBANK0+6)& (0+127)
  2301     07FA  01A7               	clrf	(__pbssBANK0+7)& (0+127)
  2302     07FB  01A8               	clrf	(__pbssBANK0+8)& (0+127)
  2303     07FC  01A9               	clrf	(__pbssBANK0+9)& (0+127)
  2304     07FD                     end_of_initialization:	
  2305                           ;End of C runtime variable initialization code
  2306                           
  2307     07FD                     __end_of__initialization:
  2308     07FD  0020               	movlb	0
  2309     07FE  3184  2C2F         	ljmp	_main	;jump to C main() function
  2310                           
  2311                           	psect	bssBANK0
  2312     0020                     __pbssBANK0:
  2313     0020                     _T1MS_disable_cnt:
  2314     0020                     	ds	2
  2315     0022                     _T1MS_welcome_cnt:
  2316     0022                     	ds	2
  2317     0024                     _T1MS_cnt:
  2318     0024                     	ds	2
  2319     0026                     Timer@TRB:
  2320     0026                     	ds	1
  2321     0027                     Timer@T1ms_cnt:
  2322     0027                     	ds	1
  2323     0028                     _flag1:
  2324     0028                     	ds	1
  2325     0029                     _ORB:
  2326     0029                     	ds	1
  2327                           
  2328                           	psect	cstackCOMMON
  2329     0070                     __pcstackCOMMON:
  2330     0070                     ?_OSCILLATOR_Initialize:
  2331     0070                     ??_OSCILLATOR_Initialize:	
  2332                           ; 1 bytes @ 0x0
  2333                           
  2334     0070                     ?_WDT_Initialize:	
  2335                           ; 1 bytes @ 0x0
  2336                           
  2337     0070                     ??_WDT_Initialize:	
  2338                           ; 1 bytes @ 0x0
  2339                           
  2340     0070                     ?_TMR6_Initialize:	
  2341                           ; 1 bytes @ 0x0
  2342                           
  2343     0070                     ??_TMR6_Initialize:	
  2344                           ; 1 bytes @ 0x0
  2345                           
  2346     0070                     ?_TMR4_Initialize:	
  2347                           ; 1 bytes @ 0x0
  2348                           
  2349     0070                     ??_TMR4_Initialize:	
  2350                           ; 1 bytes @ 0x0
  2351                           
  2352     0070                     ?_TMR2_Initialize:	
  2353                           ; 1 bytes @ 0x0
  2354                           
  2355     0070                     ??_TMR2_Initialize:	
  2356                           ; 1 bytes @ 0x0
  2357                           
  2358     0070                     ?_PWM5_Initialize:	
  2359                           ; 1 bytes @ 0x0
  2360                           
  2361     0070                     ??_PWM5_Initialize:	
  2362                           ; 1 bytes @ 0x0
  2363                           
  2364     0070                     ?_software_Initialize:	
  2365                           ; 1 bytes @ 0x0
  2366                           
  2367     0070                     ?_func_main:	
  2368                           ; 1 bytes @ 0x0
  2369                           
  2370     0070                     ?_LoBeam_ON:	
  2371                           ; 1 bytes @ 0x0
  2372                           
  2373     0070                     ??_LoBeam_ON:	
  2374                           ; 1 bytes @ 0x0
  2375                           
  2376     0070                     ?_LoBeam_OFF:	
  2377                           ; 1 bytes @ 0x0
  2378                           
  2379     0070                     ??_LoBeam_OFF:	
  2380                           ; 1 bytes @ 0x0
  2381                           
  2382     0070                     ?_HiBeam_ON:	
  2383                           ; 1 bytes @ 0x0
  2384                           
  2385     0070                     ??_HiBeam_ON:	
  2386                           ; 1 bytes @ 0x0
  2387                           
  2388     0070                     ?_HiBeam_OFF:	
  2389                           ; 1 bytes @ 0x0
  2390                           
  2391     0070                     ??_HiBeam_OFF:	
  2392                           ; 1 bytes @ 0x0
  2393                           
  2394     0070                     ?_LED_OFF:	
  2395                           ; 1 bytes @ 0x0
  2396                           
  2397     0070                     ?_TrunLight:	
  2398                           ; 1 bytes @ 0x0
  2399                           
  2400     0070                     ?_Color_OFF:	
  2401                           ; 1 bytes @ 0x0
  2402                           
  2403     0070                     ??_Color_OFF:	
  2404                           ; 1 bytes @ 0x0
  2405                           
  2406     0070                     ?_Timer:	
  2407                           ; 1 bytes @ 0x0
  2408                           
  2409     0070                     ??_Timer:	
  2410                           ; 1 bytes @ 0x0
  2411                           
  2412     0070                     ?_WelcomeLight_ON:	
  2413                           ; 1 bytes @ 0x0
  2414                           
  2415     0070                     ?_DRL_ON:	
  2416                           ; 1 bytes @ 0x0
  2417                           
  2418     0070                     ?_POS_ON:	
  2419                           ; 1 bytes @ 0x0
  2420                           
  2421     0070                     ?_Color_Yellow:	
  2422                           ; 1 bytes @ 0x0
  2423                           
  2424     0070                     ??_Color_Yellow:	
  2425                           ; 1 bytes @ 0x0
  2426                           
  2427     0070                     ?_Color_White:	
  2428                           ; 1 bytes @ 0x0
  2429                           
  2430     0070                     ??_Color_White:	
  2431                           ; 1 bytes @ 0x0
  2432                           
  2433     0070                     ?_Color_set:	
  2434                           ; 1 bytes @ 0x0
  2435                           
  2436     0070                     ??_Color_set:	
  2437                           ; 1 bytes @ 0x0
  2438                           
  2439     0070                     ?_PIN_MANAGER_Initialize:	
  2440                           ; 1 bytes @ 0x0
  2441                           
  2442     0070                     ??_PIN_MANAGER_Initialize:	
  2443                           ; 1 bytes @ 0x0
  2444                           
  2445     0070                     ?_PIN_MANAGER_IOC:	
  2446                           ; 1 bytes @ 0x0
  2447                           
  2448     0070                     ??_PIN_MANAGER_IOC:	
  2449                           ; 1 bytes @ 0x0
  2450                           
  2451     0070                     ?_SYSTEM_Initialize:	
  2452                           ; 1 bytes @ 0x0
  2453                           
  2454     0070                     ??_SYSTEM_Initialize:	
  2455                           ; 1 bytes @ 0x0
  2456                           
  2457     0070                     ?_TMR2_StartTimer:	
  2458                           ; 1 bytes @ 0x0
  2459                           
  2460     0070                     ??_TMR2_StartTimer:	
  2461                           ; 1 bytes @ 0x0
  2462                           
  2463     0070                     ?_TMR2_StopTimer:	
  2464                           ; 1 bytes @ 0x0
  2465                           
  2466     0070                     ??_TMR2_StopTimer:	
  2467                           ; 1 bytes @ 0x0
  2468                           
  2469     0070                     ?_TMR2_ReadTimer:	
  2470                           ; 1 bytes @ 0x0
  2471                           
  2472     0070                     ??_TMR2_ReadTimer:	
  2473                           ; 1 bytes @ 0x0
  2474                           
  2475     0070                     ?_TMR2_WriteTimer:	
  2476                           ; 1 bytes @ 0x0
  2477                           
  2478     0070                     ??_TMR2_WriteTimer:	
  2479                           ; 1 bytes @ 0x0
  2480                           
  2481     0070                     ?_TMR2_LoadPeriodRegister:	
  2482                           ; 1 bytes @ 0x0
  2483                           
  2484     0070                     ??_TMR2_LoadPeriodRegister:	
  2485                           ; 1 bytes @ 0x0
  2486                           
  2487     0070                     ?_TMR2_HasOverflowOccured:	
  2488                           ; 1 bytes @ 0x0
  2489                           
  2490     0070                     ??_TMR2_HasOverflowOccured:	
  2491                           ; 1 bytes @ 0x0
  2492                           
  2493     0070                     ?_TMR6_StartTimer:	
  2494                           ; 1 bytes @ 0x0
  2495                           
  2496     0070                     ??_TMR6_StartTimer:	
  2497                           ; 1 bytes @ 0x0
  2498                           
  2499     0070                     ?_TMR6_StopTimer:	
  2500                           ; 1 bytes @ 0x0
  2501                           
  2502     0070                     ??_TMR6_StopTimer:	
  2503                           ; 1 bytes @ 0x0
  2504                           
  2505     0070                     ?_TMR6_ReadTimer:	
  2506                           ; 1 bytes @ 0x0
  2507                           
  2508     0070                     ??_TMR6_ReadTimer:	
  2509                           ; 1 bytes @ 0x0
  2510                           
  2511     0070                     ?_TMR6_WriteTimer:	
  2512                           ; 1 bytes @ 0x0
  2513                           
  2514     0070                     ??_TMR6_WriteTimer:	
  2515                           ; 1 bytes @ 0x0
  2516                           
  2517     0070                     ?_TMR6_LoadPeriodRegister:	
  2518                           ; 1 bytes @ 0x0
  2519                           
  2520     0070                     ??_TMR6_LoadPeriodRegister:	
  2521                           ; 1 bytes @ 0x0
  2522                           
  2523     0070                     ?_TMR6_HasOverflowOccured:	
  2524                           ; 1 bytes @ 0x0
  2525                           
  2526     0070                     ??_TMR6_HasOverflowOccured:	
  2527                           ; 1 bytes @ 0x0
  2528                           
  2529     0070                     ?_TMR4_StartTimer:	
  2530                           ; 1 bytes @ 0x0
  2531                           
  2532     0070                     ??_TMR4_StartTimer:	
  2533                           ; 1 bytes @ 0x0
  2534                           
  2535     0070                     ?_TMR4_StopTimer:	
  2536                           ; 1 bytes @ 0x0
  2537                           
  2538     0070                     ??_TMR4_StopTimer:	
  2539                           ; 1 bytes @ 0x0
  2540                           
  2541     0070                     ?_TMR4_ReadTimer:	
  2542                           ; 1 bytes @ 0x0
  2543                           
  2544     0070                     ??_TMR4_ReadTimer:	
  2545                           ; 1 bytes @ 0x0
  2546                           
  2547     0070                     ?_TMR4_WriteTimer:	
  2548                           ; 1 bytes @ 0x0
  2549                           
  2550     0070                     ??_TMR4_WriteTimer:	
  2551                           ; 1 bytes @ 0x0
  2552                           
  2553     0070                     ?_TMR4_LoadPeriodRegister:	
  2554                           ; 1 bytes @ 0x0
  2555                           
  2556     0070                     ??_TMR4_LoadPeriodRegister:	
  2557                           ; 1 bytes @ 0x0
  2558                           
  2559     0070                     ?_TMR4_HasOverflowOccured:	
  2560                           ; 1 bytes @ 0x0
  2561                           
  2562     0070                     ??_TMR4_HasOverflowOccured:	
  2563                           ; 1 bytes @ 0x0
  2564                           
  2565     0070                     ?_PWM_SendData:	
  2566                           ; 1 bytes @ 0x0
  2567                           
  2568     0070                     ??_PWM_SendData:	
  2569                           ; 1 bytes @ 0x0
  2570                           
  2571     0070                     ?_Clear_No_Call_Warning:	
  2572                           ; 1 bytes @ 0x0
  2573                           
  2574     0070                     ?_LED_ON:	
  2575                           ; 1 bytes @ 0x0
  2576                           
  2577     0070                     ?_Streamer_SEG1_ON:	
  2578                           ; 1 bytes @ 0x0
  2579                           
  2580     0070                     ?_Streamer_SEG1_OFF:	
  2581                           ; 1 bytes @ 0x0
  2582                           
  2583     0070                     ?_Streamer_SEG2_ON:	
  2584                           ; 1 bytes @ 0x0
  2585                           
  2586     0070                     ?_LED_SET_Gradually_ON:	
  2587                           ; 1 bytes @ 0x0
  2588                           
  2589     0070                     ?_main:	
  2590                           ; 1 bytes @ 0x0
  2591                           
  2592     0070                     TMR2_WriteTimer@timerVal:	
  2593                           ; 2 bytes @ 0x0
  2594                           
  2595     0070                     TMR2_LoadPeriodRegister@periodVal:	
  2596                           ; 1 bytes @ 0x0
  2597                           
  2598     0070                     TMR2_HasOverflowOccured@status:	
  2599                           ; 1 bytes @ 0x0
  2600                           
  2601     0070                     TMR6_WriteTimer@timerVal:	
  2602                           ; 1 bytes @ 0x0
  2603                           
  2604     0070                     TMR6_LoadPeriodRegister@periodVal:	
  2605                           ; 1 bytes @ 0x0
  2606                           
  2607     0070                     TMR6_HasOverflowOccured@status:	
  2608                           ; 1 bytes @ 0x0
  2609                           
  2610     0070                     TMR4_WriteTimer@timerVal:	
  2611                           ; 1 bytes @ 0x0
  2612                           
  2613     0070                     TMR4_LoadPeriodRegister@periodVal:	
  2614                           ; 1 bytes @ 0x0
  2615                           
  2616     0070                     TMR4_HasOverflowOccured@status:	
  2617                           ; 1 bytes @ 0x0
  2618                           
  2619     0070                     PWM_SendData@InputData:	
  2620                           ; 1 bytes @ 0x0
  2621                           
  2622     0070                     WelcomeLight_ON@InputData:	
  2623                           ; 1 bytes @ 0x0
  2624                           
  2625                           
  2626                           ; 1 bytes @ 0x0
  2627     0070                     	ds	1
  2628     0071                     PWM_SendData@data:
  2629     0071                     Timer@temp:	
  2630                           ; 1 bytes @ 0x1
  2631                           
  2632                           
  2633                           ; 1 bytes @ 0x1
  2634     0071                     	ds	1
  2635     0072                     PWM_SendData@bitmask:
  2636                           
  2637                           ; 1 bytes @ 0x2
  2638     0072                     	ds	1
  2639     0073                     ?_LED_SET:
  2640     0073                     LED_SET@InputData:	
  2641                           ; 1 bytes @ 0x3
  2642                           
  2643                           
  2644                           ; 1 bytes @ 0x3
  2645     0073                     	ds	1
  2646     0074                     ??_LED_SET:
  2647                           
  2648                           ; 1 bytes @ 0x4
  2649     0074                     	ds	1
  2650     0075                     LED_SET@LED_num:
  2651                           
  2652                           ; 1 bytes @ 0x5
  2653     0075                     	ds	1
  2654     0076                     LED_SET@data:
  2655                           
  2656                           ; 1 bytes @ 0x6
  2657     0076                     	ds	1
  2658     0077                     LED_SET@num:
  2659                           
  2660                           ; 1 bytes @ 0x7
  2661     0077                     	ds	1
  2662     0078                     LED_SET@i:
  2663                           
  2664                           ; 1 bytes @ 0x8
  2665     0078                     	ds	1
  2666     0079                     ??_LED_OFF:
  2667     0079                     ??_TrunLight:	
  2668                           ; 1 bytes @ 0x9
  2669                           
  2670     0079                     ??_LED_ON:	
  2671                           ; 1 bytes @ 0x9
  2672                           
  2673     0079                     ??_Streamer_SEG1_ON:	
  2674                           ; 1 bytes @ 0x9
  2675                           
  2676     0079                     ??_Streamer_SEG1_OFF:	
  2677                           ; 1 bytes @ 0x9
  2678                           
  2679     0079                     ??_Streamer_SEG2_ON:	
  2680                           ; 1 bytes @ 0x9
  2681                           
  2682     0079                     ??_LED_SET_Gradually_ON:	
  2683                           ; 1 bytes @ 0x9
  2684                           
  2685     0079                     LED_ON@InputData:	
  2686                           ; 1 bytes @ 0x9
  2687                           
  2688                           
  2689                           ; 1 bytes @ 0x9
  2690     0079                     	ds	1
  2691     007A                     ??_software_Initialize:
  2692     007A                     ??_Clear_No_Call_Warning:	
  2693                           ; 1 bytes @ 0xA
  2694                           
  2695     007A                     LED_ON@data:	
  2696                           ; 1 bytes @ 0xA
  2697                           
  2698     007A                     Streamer_SEG1_ON@InputData:	
  2699                           ; 1 bytes @ 0xA
  2700                           
  2701     007A                     Streamer_SEG1_OFF@InputData:	
  2702                           ; 1 bytes @ 0xA
  2703                           
  2704     007A                     Streamer_SEG2_ON@InputData:	
  2705                           ; 1 bytes @ 0xA
  2706                           
  2707     007A                     LED_SET_Gradually_ON@InputData:	
  2708                           ; 1 bytes @ 0xA
  2709                           
  2710                           
  2711                           ; 1 bytes @ 0xA
  2712     007A                     	ds	1
  2713     007B                     ??_DRL_ON:
  2714     007B                     ??_POS_ON:	
  2715                           ; 1 bytes @ 0xB
  2716                           
  2717     007B                     Streamer_SEG1_ON@data:	
  2718                           ; 1 bytes @ 0xB
  2719                           
  2720     007B                     Streamer_SEG1_OFF@data:	
  2721                           ; 1 bytes @ 0xB
  2722                           
  2723     007B                     Streamer_SEG2_ON@data:	
  2724                           ; 1 bytes @ 0xB
  2725                           
  2726     007B                     LED_SET_Gradually_ON@j:	
  2727                           ; 1 bytes @ 0xB
  2728                           
  2729                           
  2730                           ; 1 bytes @ 0xB
  2731     007B                     	ds	1
  2732     007C                     Streamer_SEG1_ON@num:
  2733     007C                     Streamer_SEG1_OFF@num:	
  2734                           ; 1 bytes @ 0xC
  2735                           
  2736     007C                     Streamer_SEG2_ON@num:	
  2737                           ; 1 bytes @ 0xC
  2738                           
  2739                           
  2740                           ; 1 bytes @ 0xC
  2741     007C                     	ds	1
  2742     007D                     Streamer_SEG1_ON@j:
  2743     007D                     Streamer_SEG1_OFF@j:	
  2744                           ; 1 bytes @ 0xD
  2745                           
  2746     007D                     Streamer_SEG2_ON@j:	
  2747                           ; 1 bytes @ 0xD
  2748                           
  2749                           
  2750                           ; 1 bytes @ 0xD
  2751     007D                     	ds	1
  2752     007E                     ??_func_main:
  2753     007E                     ??_WelcomeLight_ON:	
  2754                           ; 1 bytes @ 0xE
  2755                           
  2756     007E                     ??_main:	
  2757                           ; 1 bytes @ 0xE
  2758                           
  2759                           
  2760                           	psect	cstackBANK0
  2761     002A                     __pcstackBANK0:	
  2762                           ; 1 bytes @ 0xE
  2763                           
  2764     002A                     TrunLight@InputData:
  2765                           
  2766                           ; 1 bytes @ 0x0
  2767     002A                     	ds	1
  2768     002B                     TrunLight@j:
  2769                           
  2770                           ; 1 bytes @ 0x1
  2771     002B                     	ds	1
  2772     002C                     TrunLight@data:
  2773                           
  2774                           ; 1 bytes @ 0x2
  2775     002C                     	ds	1
  2776     002D                     TrunLight@seg1_num:
  2777                           
  2778                           ; 1 bytes @ 0x3
  2779     002D                     	ds	1
  2780     002E                     TrunLight@seg2_num:
  2781                           
  2782                           ; 1 bytes @ 0x4
  2783     002E                     	ds	1
  2784                           
  2785                           	psect	maintext
  2786     042F                     __pmaintext:	
  2787 ;;
  2788 ;;Main: autosize = 0, tempsize = 0, incstack = 0, save=0
  2789 ;;
  2790 ;; *************** function _main *****************
  2791 ;; Defined at:
  2792 ;;		line 101 in file "main.c"
  2793 ;; Parameters:    Size  Location     Type
  2794 ;;		None
  2795 ;; Auto vars:     Size  Location     Type
  2796 ;;		None
  2797 ;; Return value:  Size  Location     Type
  2798 ;;                  2  187[None  ] int 
  2799 ;; Registers used:
  2800 ;;		wreg, status,2, status,0, pclath, cstack
  2801 ;; Tracked objects:
  2802 ;;		On entry : B1F/0
  2803 ;;		On exit  : 0/0
  2804 ;;		Unchanged: 0/0
  2805 ;; Data sizes:     COMMON   BANK0   BANK1   BANK2   BANK3   BANK4   BANK5   BANK6
  2806 ;;      Params:         0       0       0       0       0       0       0       0
  2807 ;;      Locals:         0       0       0       0       0       0       0       0
  2808 ;;      Temps:          0       0       0       0       0       0       0       0
  2809 ;;      Totals:         0       0       0       0       0       0       0       0
  2810 ;;Total ram usage:        0 bytes
  2811 ;; Hardware stack levels required when called: 5
  2812 ;; This function calls:
  2813 ;;		_SYSTEM_Initialize
  2814 ;;		_func_main
  2815 ;;		_software_Initialize
  2816 ;; This function is called by:
  2817 ;;		Startup code after reset
  2818 ;; This function uses a non-reentrant model
  2819 ;;
  2820                           
  2821     042F                     _main:	
  2822                           ;psect for function _main
  2823                           
  2824     042F                     l2263:	
  2825                           ;incstack = 0
  2826                           ; Regs used in _main: [wreg+status,2+status,0+pclath+cstack]
  2827                           
  2828                           
  2829                           ;main.c: 103:   SYSTEM_Initialize();
  2830     042F  3184  2448  3184   	fcall	_SYSTEM_Initialize
  2831     0432                     l2265:
  2832                           
  2833                           ;main.c: 104:   software_Initialize();
  2834     0432  3183  23B7  3184   	fcall	_software_Initialize
  2835     0435                     l2267:
  2836                           
  2837                           ;main.c: 107:    func_main();
  2838     0435  3185  259C  3184   	fcall	_func_main
  2839     0438  2C35               	goto	l2267
  2840     0439  3180  2802         	ljmp	start
  2841     043B                     __end_of_main:
  2842                           
  2843                           	psect	text1
  2844     03B7                     __ptext1:	
  2845 ;; *************** function _software_Initialize *****************
  2846 ;; Defined at:
  2847 ;;		line 65 in file "func_main.c"
  2848 ;; Parameters:    Size  Location     Type
  2849 ;;		None
  2850 ;; Auto vars:     Size  Location     Type
  2851 ;;		None
  2852 ;; Return value:  Size  Location     Type
  2853 ;;                  1    wreg      void 
  2854 ;; Registers used:
  2855 ;;		status,2, status,0, pclath, cstack
  2856 ;; Tracked objects:
  2857 ;;		On entry : 0/0
  2858 ;;		On exit  : 0/0
  2859 ;;		Unchanged: 0/0
  2860 ;; Data sizes:     COMMON   BANK0   BANK1   BANK2   BANK3   BANK4   BANK5   BANK6
  2861 ;;      Params:         0       0       0       0       0       0       0       0
  2862 ;;      Locals:         0       0       0       0       0       0       0       0
  2863 ;;      Temps:          0       0       0       0       0       0       0       0
  2864 ;;      Totals:         0       0       0       0       0       0       0       0
  2865 ;;Total ram usage:        0 bytes
  2866 ;; Hardware stack levels used: 1
  2867 ;; Hardware stack levels required when called: 4
  2868 ;; This function calls:
  2869 ;;		_Clear_No_Call_Warning
  2870 ;;		_Color_OFF
  2871 ;; This function is called by:
  2872 ;;		_main
  2873 ;; This function uses a non-reentrant model
  2874 ;;
  2875                           
  2876     03B7                     _software_Initialize:	
  2877                           ;psect for function _software_Initialize
  2878                           
  2879     03B7                     l2117:	
  2880                           ;incstack = 0
  2881                           ; Regs used in _software_Initialize: [status,2+status,0+pclath+cstack]
  2882                           
  2883                           
  2884                           ;func_main.c: 66:   Color_OFF();
  2885     03B7  3183  2377  3183   	fcall	_Color_OFF
  2886                           
  2887                           ;func_main.c: 70:   Clear_No_Call_Warning();
  2888     03BA  3183  2357  3183   	fcall	_Clear_No_Call_Warning
  2889     03BD                     l302:
  2890     03BD  0008               	return
  2891     03BE                     __end_of_software_Initialize:
  2892                           
  2893                           	psect	text2
  2894     0357                     __ptext2:	
  2895 ;; *************** function _Clear_No_Call_Warning *****************
  2896 ;; Defined at:
  2897 ;;		line 23 in file "func_main.c"
  2898 ;; Parameters:    Size  Location     Type
  2899 ;;		None
  2900 ;; Auto vars:     Size  Location     Type
  2901 ;;  i               1    0        unsigned char 
  2902 ;; Return value:  Size  Location     Type
  2903 ;;                  1    wreg      void 
  2904 ;; Registers used:
  2905 ;;		status,2
  2906 ;; Tracked objects:
  2907 ;;		On entry : 0/0
  2908 ;;		On exit  : 0/0
  2909 ;;		Unchanged: 0/0
  2910 ;; Data sizes:     COMMON   BANK0   BANK1   BANK2   BANK3   BANK4   BANK5   BANK6
  2911 ;;      Params:         0       0       0       0       0       0       0       0
  2912 ;;      Locals:         0       0       0       0       0       0       0       0
  2913 ;;      Temps:          0       0       0       0       0       0       0       0
  2914 ;;      Totals:         0       0       0       0       0       0       0       0
  2915 ;;Total ram usage:        0 bytes
  2916 ;; Hardware stack levels used: 1
  2917 ;; Hardware stack levels required when called: 3
  2918 ;; This function calls:
  2919 ;;		_HiBeam_OFF
  2920 ;;		_HiBeam_ON
  2921 ;;		_LED_OFF
  2922 ;;		_LoBeam_OFF
  2923 ;;		_LoBeam_ON
  2924 ;;		_PIN_MANAGER_IOC
  2925 ;;		_TMR2_HasOverflowOccured
  2926 ;;		_TMR2_LoadPeriodRegister
  2927 ;;		_TMR2_ReadTimer
  2928 ;;		_TMR2_StartTimer
  2929 ;;		_TMR2_StopTimer
  2930 ;;		_TMR2_WriteTimer
  2931 ;;		_TMR4_HasOverflowOccured
  2932 ;;		_TMR4_LoadPeriodRegister
  2933 ;;		_TMR4_ReadTimer
  2934 ;;		_TMR4_StartTimer
  2935 ;;		_TMR4_StopTimer
  2936 ;;		_TMR4_WriteTimer
  2937 ;;		_TMR6_HasOverflowOccured
  2938 ;;		_TMR6_LoadPeriodRegister
  2939 ;;		_TMR6_ReadTimer
  2940 ;;		_TMR6_StartTimer
  2941 ;;		_TMR6_StopTimer
  2942 ;;		_TMR6_WriteTimer
  2943 ;;		_TrunLight
  2944 ;; This function is called by:
  2945 ;;		_software_Initialize
  2946 ;; This function uses a non-reentrant model
  2947 ;;
  2948                           
  2949     0357                     _Clear_No_Call_Warning:	
  2950                           ;psect for function _Clear_No_Call_Warning
  2951                           
  2952     0357                     l1973:	
  2953                           ;incstack = 0
  2954                           ; Regs used in _Clear_No_Call_Warning: [status,2]
  2955                           
  2956     0357                     l299:
  2957     0357  0008               	return
  2958     0358                     __end_of_Clear_No_Call_Warning:
  2959                           
  2960                           	psect	text3
  2961     03AC                     __ptext3:	
  2962 ;; *************** function _TMR6_WriteTimer *****************
  2963 ;; Defined at:
  2964 ;;		line 100 in file "mcc_generated_files/tmr6.c"
  2965 ;; Parameters:    Size  Location     Type
  2966 ;;  timerVal        1    wreg     unsigned char 
  2967 ;; Auto vars:     Size  Location     Type
  2968 ;;  timerVal        1    0[COMMON] unsigned char 
  2969 ;; Return value:  Size  Location     Type
  2970 ;;                  1    wreg      void 
  2971 ;; Registers used:
  2972 ;;		wreg
  2973 ;; Tracked objects:
  2974 ;;		On entry : 0/0
  2975 ;;		On exit  : 0/0
  2976 ;;		Unchanged: 0/0
  2977 ;; Data sizes:     COMMON   BANK0   BANK1   BANK2   BANK3   BANK4   BANK5   BANK6
  2978 ;;      Params:         0       0       0       0       0       0       0       0
  2979 ;;      Locals:         1       0       0       0       0       0       0       0
  2980 ;;      Temps:          0       0       0       0       0       0       0       0
  2981 ;;      Totals:         1       0       0       0       0       0       0       0
  2982 ;;Total ram usage:        1 bytes
  2983 ;; Hardware stack levels used: 1
  2984 ;; This function calls:
  2985 ;;		Nothing
  2986 ;; This function is called by:
  2987 ;;		_Clear_No_Call_Warning
  2988 ;; This function uses a non-reentrant model
  2989 ;;
  2990                           
  2991     03AC                     _TMR6_WriteTimer:	
  2992                           ;psect for function _TMR6_WriteTimer
  2993                           
  2994                           
  2995                           ;incstack = 0
  2996                           ; Regs used in _TMR6_WriteTimer: [wreg]
  2997                           ;TMR6_WriteTimer@timerVal stored from wreg
  2998     03AC  00F0               	movwf	TMR6_WriteTimer@timerVal
  2999     03AD                     l1219:
  3000                           
  3001                           ;mcc_generated_files/tmr6.c: 100: void TMR6_WriteTimer(uint8_t timerVal);mcc_generated_f
      +                          iles/tmr6.c: 101: {;mcc_generated_files/tmr6.c: 103:     TMR6 = timerVal;
  3002     03AD  0870               	movf	TMR6_WriteTimer@timerVal,w
  3003     03AE  0028               	movlb	8	; select bank8
  3004     03AF  009C               	movwf	28	;volatile
  3005     03B0                     l138:
  3006     03B0  0008               	return
  3007     03B1                     __end_of_TMR6_WriteTimer:
  3008                           
  3009                           	psect	text4
  3010     0370                     __ptext4:	
  3011 ;; *************** function _TMR6_StopTimer *****************
  3012 ;; Defined at:
  3013 ;;		line 85 in file "mcc_generated_files/tmr6.c"
  3014 ;; Parameters:    Size  Location     Type
  3015 ;;		None
  3016 ;; Auto vars:     Size  Location     Type
  3017 ;;		None
  3018 ;; Return value:  Size  Location     Type
  3019 ;;                  1    wreg      void 
  3020 ;; Registers used:
  3021 ;;		None
  3022 ;; Tracked objects:
  3023 ;;		On entry : 0/0
  3024 ;;		On exit  : 0/0
  3025 ;;		Unchanged: 0/0
  3026 ;; Data sizes:     COMMON   BANK0   BANK1   BANK2   BANK3   BANK4   BANK5   BANK6
  3027 ;;      Params:         0       0       0       0       0       0       0       0
  3028 ;;      Locals:         0       0       0       0       0       0       0       0
  3029 ;;      Temps:          0       0       0       0       0       0       0       0
  3030 ;;      Totals:         0       0       0       0       0       0       0       0
  3031 ;;Total ram usage:        0 bytes
  3032 ;; Hardware stack levels used: 1
  3033 ;; This function calls:
  3034 ;;		Nothing
  3035 ;; This function is called by:
  3036 ;;		_Clear_No_Call_Warning
  3037 ;; This function uses a non-reentrant model
  3038 ;;
  3039                           
  3040     0370                     _TMR6_StopTimer:	
  3041                           ;psect for function _TMR6_StopTimer
  3042                           
  3043     0370                     l1213:	
  3044                           ;incstack = 0
  3045                           ; Regs used in _TMR6_StopTimer: []
  3046                           
  3047                           
  3048                           ;mcc_generated_files/tmr6.c: 88:     T6CONbits.TMR6ON = 0;
  3049     0370  0028               	movlb	8	; select bank8
  3050     0371  111E               	bcf	30,2	;volatile
  3051     0372                     l132:
  3052     0372  0008               	return
  3053     0373                     __end_of_TMR6_StopTimer:
  3054                           
  3055                           	psect	text5
  3056     036D                     __ptext5:	
  3057 ;; *************** function _TMR6_StartTimer *****************
  3058 ;; Defined at:
  3059 ;;		line 79 in file "mcc_generated_files/tmr6.c"
  3060 ;; Parameters:    Size  Location     Type
  3061 ;;		None
  3062 ;; Auto vars:     Size  Location     Type
  3063 ;;		None
  3064 ;; Return value:  Size  Location     Type
  3065 ;;                  1    wreg      void 
  3066 ;; Registers used:
  3067 ;;		None
  3068 ;; Tracked objects:
  3069 ;;		On entry : 0/0
  3070 ;;		On exit  : 0/0
  3071 ;;		Unchanged: 0/0
  3072 ;; Data sizes:     COMMON   BANK0   BANK1   BANK2   BANK3   BANK4   BANK5   BANK6
  3073 ;;      Params:         0       0       0       0       0       0       0       0
  3074 ;;      Locals:         0       0       0       0       0       0       0       0
  3075 ;;      Temps:          0       0       0       0       0       0       0       0
  3076 ;;      Totals:         0       0       0       0       0       0       0       0
  3077 ;;Total ram usage:        0 bytes
  3078 ;; Hardware stack levels used: 1
  3079 ;; This function calls:
  3080 ;;		Nothing
  3081 ;; This function is called by:
  3082 ;;		_Clear_No_Call_Warning
  3083 ;; This function uses a non-reentrant model
  3084 ;;
  3085                           
  3086     036D                     _TMR6_StartTimer:	
  3087                           ;psect for function _TMR6_StartTimer
  3088                           
  3089     036D                     l1211:	
  3090                           ;incstack = 0
  3091                           ; Regs used in _TMR6_StartTimer: []
  3092                           
  3093                           
  3094                           ;mcc_generated_files/tmr6.c: 82:     T6CONbits.TMR6ON = 1;
  3095     036D  0028               	movlb	8	; select bank8
  3096     036E  151E               	bsf	30,2	;volatile
  3097     036F                     l129:
  3098     036F  0008               	return
  3099     0370                     __end_of_TMR6_StartTimer:
  3100                           
  3101                           	psect	text6
  3102     036A                     __ptext6:	
  3103 ;; *************** function _TMR6_ReadTimer *****************
  3104 ;; Defined at:
  3105 ;;		line 91 in file "mcc_generated_files/tmr6.c"
  3106 ;; Parameters:    Size  Location     Type
  3107 ;;		None
  3108 ;; Auto vars:     Size  Location     Type
  3109 ;;  readVal         1    0        unsigned char 
  3110 ;; Return value:  Size  Location     Type
  3111 ;;                  1    wreg      unsigned char 
  3112 ;; Registers used:
  3113 ;;		wreg
  3114 ;; Tracked objects:
  3115 ;;		On entry : 0/0
  3116 ;;		On exit  : 0/0
  3117 ;;		Unchanged: 0/0
  3118 ;; Data sizes:     COMMON   BANK0   BANK1   BANK2   BANK3   BANK4   BANK5   BANK6
  3119 ;;      Params:         0       0       0       0       0       0       0       0
  3120 ;;      Locals:         0       0       0       0       0       0       0       0
  3121 ;;      Temps:          0       0       0       0       0       0       0       0
  3122 ;;      Totals:         0       0       0       0       0       0       0       0
  3123 ;;Total ram usage:        0 bytes
  3124 ;; Hardware stack levels used: 1
  3125 ;; This function calls:
  3126 ;;		Nothing
  3127 ;; This function is called by:
  3128 ;;		_Clear_No_Call_Warning
  3129 ;; This function uses a non-reentrant model
  3130 ;;
  3131                           
  3132     036A                     _TMR6_ReadTimer:	
  3133                           ;psect for function _TMR6_ReadTimer
  3134                           
  3135     036A                     l1215:	
  3136                           ;incstack = 0
  3137                           ; Regs used in _TMR6_ReadTimer: [wreg]
  3138                           
  3139     036A  0028               	movlb	8	; select bank8
  3140     036B  081C               	movf	28,w	;volatile
  3141     036C                     l135:
  3142     036C  0008               	return
  3143     036D                     __end_of_TMR6_ReadTimer:
  3144                           
  3145                           	psect	text7
  3146     03A7                     __ptext7:	
  3147 ;; *************** function _TMR6_LoadPeriodRegister *****************
  3148 ;; Defined at:
  3149 ;;		line 106 in file "mcc_generated_files/tmr6.c"
  3150 ;; Parameters:    Size  Location     Type
  3151 ;;  periodVal       1    wreg     unsigned char 
  3152 ;; Auto vars:     Size  Location     Type
  3153 ;;  periodVal       1    0[COMMON] unsigned char 
  3154 ;; Return value:  Size  Location     Type
  3155 ;;                  1    wreg      void 
  3156 ;; Registers used:
  3157 ;;		wreg
  3158 ;; Tracked objects:
  3159 ;;		On entry : 0/0
  3160 ;;		On exit  : 0/0
  3161 ;;		Unchanged: 0/0
  3162 ;; Data sizes:     COMMON   BANK0   BANK1   BANK2   BANK3   BANK4   BANK5   BANK6
  3163 ;;      Params:         0       0       0       0       0       0       0       0
  3164 ;;      Locals:         1       0       0       0       0       0       0       0
  3165 ;;      Temps:          0       0       0       0       0       0       0       0
  3166 ;;      Totals:         1       0       0       0       0       0       0       0
  3167 ;;Total ram usage:        1 bytes
  3168 ;; Hardware stack levels used: 1
  3169 ;; This function calls:
  3170 ;;		Nothing
  3171 ;; This function is called by:
  3172 ;;		_Clear_No_Call_Warning
  3173 ;; This function uses a non-reentrant model
  3174 ;;
  3175                           
  3176     03A7                     _TMR6_LoadPeriodRegister:	
  3177                           ;psect for function _TMR6_LoadPeriodRegister
  3178                           
  3179                           
  3180                           ;incstack = 0
  3181                           ; Regs used in _TMR6_LoadPeriodRegister: [wreg]
  3182                           ;TMR6_LoadPeriodRegister@periodVal stored from wreg
  3183     03A7  00F0               	movwf	TMR6_LoadPeriodRegister@periodVal
  3184     03A8                     l1221:
  3185                           
  3186                           ;mcc_generated_files/tmr6.c: 106: void TMR6_LoadPeriodRegister(uint8_t periodVal);mcc_ge
      +                          nerated_files/tmr6.c: 107: {;mcc_generated_files/tmr6.c: 108:    PR6 = periodVal;
  3187     03A8  0870               	movf	TMR6_LoadPeriodRegister@periodVal,w
  3188     03A9  0028               	movlb	8	; select bank8
  3189     03AA  009D               	movwf	29	;volatile
  3190     03AB                     l141:
  3191     03AB  0008               	return
  3192     03AC                     __end_of_TMR6_LoadPeriodRegister:
  3193                           
  3194                           	psect	text8
  3195     0423                     __ptext8:	
  3196 ;; *************** function _TMR6_HasOverflowOccured *****************
  3197 ;; Defined at:
  3198 ;;		line 111 in file "mcc_generated_files/tmr6.c"
  3199 ;; Parameters:    Size  Location     Type
  3200 ;;		None
  3201 ;; Auto vars:     Size  Location     Type
  3202 ;;  status          1    0[COMMON] _Bool 
  3203 ;; Return value:  Size  Location     Type
  3204 ;;                  1    wreg      _Bool 
  3205 ;; Registers used:
  3206 ;;		wreg, status,2, status,0
  3207 ;; Tracked objects:
  3208 ;;		On entry : 0/0
  3209 ;;		On exit  : 0/0
  3210 ;;		Unchanged: 0/0
  3211 ;; Data sizes:     COMMON   BANK0   BANK1   BANK2   BANK3   BANK4   BANK5   BANK6
  3212 ;;      Params:         0       0       0       0       0       0       0       0
  3213 ;;      Locals:         1       0       0       0       0       0       0       0
  3214 ;;      Temps:          0       0       0       0       0       0       0       0
  3215 ;;      Totals:         1       0       0       0       0       0       0       0
  3216 ;;Total ram usage:        1 bytes
  3217 ;; Hardware stack levels used: 1
  3218 ;; This function calls:
  3219 ;;		Nothing
  3220 ;; This function is called by:
  3221 ;;		_Clear_No_Call_Warning
  3222 ;; This function uses a non-reentrant model
  3223 ;;
  3224                           
  3225     0423                     _TMR6_HasOverflowOccured:	
  3226                           ;psect for function _TMR6_HasOverflowOccured
  3227                           
  3228     0423                     l1223:	
  3229                           ;incstack = 0
  3230                           ; Regs used in _TMR6_HasOverflowOccured: [wreg+status,2+status,0]
  3231                           
  3232                           
  3233                           ;mcc_generated_files/tmr6.c: 114:     _Bool status = PIR3bits.TMR6IF;
  3234     0423  3000               	movlw	0
  3235     0424  0020               	movlb	0	; select bank0
  3236     0425  1993               	btfsc	19,3	;volatile
  3237     0426  3001               	movlw	1
  3238     0427  00F0               	movwf	TMR6_HasOverflowOccured@status
  3239     0428                     l1225:
  3240                           
  3241                           ;mcc_generated_files/tmr6.c: 115:     if(status)
  3242     0428  0870               	movf	TMR6_HasOverflowOccured@status,w
  3243     0429  1903               	btfsc	3,2
  3244     042A  2C2C               	goto	u151
  3245     042B  2C2D               	goto	u150
  3246     042C                     u151:
  3247     042C  2C2E               	goto	l145
  3248     042D                     u150:
  3249     042D                     l1227:
  3250                           
  3251                           ;mcc_generated_files/tmr6.c: 116:     {;mcc_generated_files/tmr6.c: 118:         PIR3bit
      +                          s.TMR6IF = 0;
  3252     042D  1193               	bcf	19,3	;volatile
  3253     042E                     l145:
  3254     042E  0008               	return
  3255     042F                     __end_of_TMR6_HasOverflowOccured:
  3256                           
  3257                           	psect	text9
  3258     03A2                     __ptext9:	
  3259 ;; *************** function _TMR4_WriteTimer *****************
  3260 ;; Defined at:
  3261 ;;		line 100 in file "mcc_generated_files/tmr4.c"
  3262 ;; Parameters:    Size  Location     Type
  3263 ;;  timerVal        1    wreg     unsigned char 
  3264 ;; Auto vars:     Size  Location     Type
  3265 ;;  timerVal        1    0[COMMON] unsigned char 
  3266 ;; Return value:  Size  Location     Type
  3267 ;;                  1    wreg      void 
  3268 ;; Registers used:
  3269 ;;		wreg
  3270 ;; Tracked objects:
  3271 ;;		On entry : 0/0
  3272 ;;		On exit  : 0/0
  3273 ;;		Unchanged: 0/0
  3274 ;; Data sizes:     COMMON   BANK0   BANK1   BANK2   BANK3   BANK4   BANK5   BANK6
  3275 ;;      Params:         0       0       0       0       0       0       0       0
  3276 ;;      Locals:         1       0       0       0       0       0       0       0
  3277 ;;      Temps:          0       0       0       0       0       0       0       0
  3278 ;;      Totals:         1       0       0       0       0       0       0       0
  3279 ;;Total ram usage:        1 bytes
  3280 ;; Hardware stack levels used: 1
  3281 ;; This function calls:
  3282 ;;		Nothing
  3283 ;; This function is called by:
  3284 ;;		_Clear_No_Call_Warning
  3285 ;; This function uses a non-reentrant model
  3286 ;;
  3287                           
  3288     03A2                     _TMR4_WriteTimer:	
  3289                           ;psect for function _TMR4_WriteTimer
  3290                           
  3291                           
  3292                           ;incstack = 0
  3293                           ; Regs used in _TMR4_WriteTimer: [wreg]
  3294                           ;TMR4_WriteTimer@timerVal stored from wreg
  3295     03A2  00F0               	movwf	TMR4_WriteTimer@timerVal
  3296     03A3                     l1237:
  3297                           
  3298                           ;mcc_generated_files/tmr4.c: 100: void TMR4_WriteTimer(uint8_t timerVal);mcc_generated_f
      +                          iles/tmr4.c: 101: {;mcc_generated_files/tmr4.c: 103:     TMR4 = timerVal;
  3299     03A3  0870               	movf	TMR4_WriteTimer@timerVal,w
  3300     03A4  0028               	movlb	8	; select bank8
  3301     03A5  0095               	movwf	21	;volatile
  3302     03A6                     l170:
  3303     03A6  0008               	return
  3304     03A7                     __end_of_TMR4_WriteTimer:
  3305                           
  3306                           	psect	text10
  3307     0367                     __ptext10:	
  3308 ;; *************** function _TMR4_StopTimer *****************
  3309 ;; Defined at:
  3310 ;;		line 85 in file "mcc_generated_files/tmr4.c"
  3311 ;; Parameters:    Size  Location     Type
  3312 ;;		None
  3313 ;; Auto vars:     Size  Location     Type
  3314 ;;		None
  3315 ;; Return value:  Size  Location     Type
  3316 ;;                  1    wreg      void 
  3317 ;; Registers used:
  3318 ;;		None
  3319 ;; Tracked objects:
  3320 ;;		On entry : 0/0
  3321 ;;		On exit  : 0/0
  3322 ;;		Unchanged: 0/0
  3323 ;; Data sizes:     COMMON   BANK0   BANK1   BANK2   BANK3   BANK4   BANK5   BANK6
  3324 ;;      Params:         0       0       0       0       0       0       0       0
  3325 ;;      Locals:         0       0       0       0       0       0       0       0
  3326 ;;      Temps:          0       0       0       0       0       0       0       0
  3327 ;;      Totals:         0       0       0       0       0       0       0       0
  3328 ;;Total ram usage:        0 bytes
  3329 ;; Hardware stack levels used: 1
  3330 ;; This function calls:
  3331 ;;		Nothing
  3332 ;; This function is called by:
  3333 ;;		_Clear_No_Call_Warning
  3334 ;; This function uses a non-reentrant model
  3335 ;;
  3336                           
  3337     0367                     _TMR4_StopTimer:	
  3338                           ;psect for function _TMR4_StopTimer
  3339                           
  3340     0367                     l1231:	
  3341                           ;incstack = 0
  3342                           ; Regs used in _TMR4_StopTimer: []
  3343                           
  3344                           
  3345                           ;mcc_generated_files/tmr4.c: 88:     T4CONbits.TMR4ON = 0;
  3346     0367  0028               	movlb	8	; select bank8
  3347     0368  1117               	bcf	23,2	;volatile
  3348     0369                     l164:
  3349     0369  0008               	return
  3350     036A                     __end_of_TMR4_StopTimer:
  3351                           
  3352                           	psect	text11
  3353     0364                     __ptext11:	
  3354 ;; *************** function _TMR4_StartTimer *****************
  3355 ;; Defined at:
  3356 ;;		line 79 in file "mcc_generated_files/tmr4.c"
  3357 ;; Parameters:    Size  Location     Type
  3358 ;;		None
  3359 ;; Auto vars:     Size  Location     Type
  3360 ;;		None
  3361 ;; Return value:  Size  Location     Type
  3362 ;;                  1    wreg      void 
  3363 ;; Registers used:
  3364 ;;		None
  3365 ;; Tracked objects:
  3366 ;;		On entry : 0/0
  3367 ;;		On exit  : 0/0
  3368 ;;		Unchanged: 0/0
  3369 ;; Data sizes:     COMMON   BANK0   BANK1   BANK2   BANK3   BANK4   BANK5   BANK6
  3370 ;;      Params:         0       0       0       0       0       0       0       0
  3371 ;;      Locals:         0       0       0       0       0       0       0       0
  3372 ;;      Temps:          0       0       0       0       0       0       0       0
  3373 ;;      Totals:         0       0       0       0       0       0       0       0
  3374 ;;Total ram usage:        0 bytes
  3375 ;; Hardware stack levels used: 1
  3376 ;; This function calls:
  3377 ;;		Nothing
  3378 ;; This function is called by:
  3379 ;;		_Clear_No_Call_Warning
  3380 ;; This function uses a non-reentrant model
  3381 ;;
  3382                           
  3383     0364                     _TMR4_StartTimer:	
  3384                           ;psect for function _TMR4_StartTimer
  3385                           
  3386     0364                     l1229:	
  3387                           ;incstack = 0
  3388                           ; Regs used in _TMR4_StartTimer: []
  3389                           
  3390                           
  3391                           ;mcc_generated_files/tmr4.c: 82:     T4CONbits.TMR4ON = 1;
  3392     0364  0028               	movlb	8	; select bank8
  3393     0365  1517               	bsf	23,2	;volatile
  3394     0366                     l161:
  3395     0366  0008               	return
  3396     0367                     __end_of_TMR4_StartTimer:
  3397                           
  3398                           	psect	text12
  3399     0361                     __ptext12:	
  3400 ;; *************** function _TMR4_ReadTimer *****************
  3401 ;; Defined at:
  3402 ;;		line 91 in file "mcc_generated_files/tmr4.c"
  3403 ;; Parameters:    Size  Location     Type
  3404 ;;		None
  3405 ;; Auto vars:     Size  Location     Type
  3406 ;;  readVal         1    0        unsigned char 
  3407 ;; Return value:  Size  Location     Type
  3408 ;;                  1    wreg      unsigned char 
  3409 ;; Registers used:
  3410 ;;		wreg
  3411 ;; Tracked objects:
  3412 ;;		On entry : 0/0
  3413 ;;		On exit  : 0/0
  3414 ;;		Unchanged: 0/0
  3415 ;; Data sizes:     COMMON   BANK0   BANK1   BANK2   BANK3   BANK4   BANK5   BANK6
  3416 ;;      Params:         0       0       0       0       0       0       0       0
  3417 ;;      Locals:         0       0       0       0       0       0       0       0
  3418 ;;      Temps:          0       0       0       0       0       0       0       0
  3419 ;;      Totals:         0       0       0       0       0       0       0       0
  3420 ;;Total ram usage:        0 bytes
  3421 ;; Hardware stack levels used: 1
  3422 ;; This function calls:
  3423 ;;		Nothing
  3424 ;; This function is called by:
  3425 ;;		_Clear_No_Call_Warning
  3426 ;; This function uses a non-reentrant model
  3427 ;;
  3428                           
  3429     0361                     _TMR4_ReadTimer:	
  3430                           ;psect for function _TMR4_ReadTimer
  3431                           
  3432     0361                     l1233:	
  3433                           ;incstack = 0
  3434                           ; Regs used in _TMR4_ReadTimer: [wreg]
  3435                           
  3436     0361  0028               	movlb	8	; select bank8
  3437     0362  0815               	movf	21,w	;volatile
  3438     0363                     l167:
  3439     0363  0008               	return
  3440     0364                     __end_of_TMR4_ReadTimer:
  3441                           
  3442                           	psect	text13
  3443     039D                     __ptext13:	
  3444 ;; *************** function _TMR4_LoadPeriodRegister *****************
  3445 ;; Defined at:
  3446 ;;		line 106 in file "mcc_generated_files/tmr4.c"
  3447 ;; Parameters:    Size  Location     Type
  3448 ;;  periodVal       1    wreg     unsigned char 
  3449 ;; Auto vars:     Size  Location     Type
  3450 ;;  periodVal       1    0[COMMON] unsigned char 
  3451 ;; Return value:  Size  Location     Type
  3452 ;;                  1    wreg      void 
  3453 ;; Registers used:
  3454 ;;		wreg
  3455 ;; Tracked objects:
  3456 ;;		On entry : 0/0
  3457 ;;		On exit  : 0/0
  3458 ;;		Unchanged: 0/0
  3459 ;; Data sizes:     COMMON   BANK0   BANK1   BANK2   BANK3   BANK4   BANK5   BANK6
  3460 ;;      Params:         0       0       0       0       0       0       0       0
  3461 ;;      Locals:         1       0       0       0       0       0       0       0
  3462 ;;      Temps:          0       0       0       0       0       0       0       0
  3463 ;;      Totals:         1       0       0       0       0       0       0       0
  3464 ;;Total ram usage:        1 bytes
  3465 ;; Hardware stack levels used: 1
  3466 ;; This function calls:
  3467 ;;		Nothing
  3468 ;; This function is called by:
  3469 ;;		_Clear_No_Call_Warning
  3470 ;; This function uses a non-reentrant model
  3471 ;;
  3472                           
  3473     039D                     _TMR4_LoadPeriodRegister:	
  3474                           ;psect for function _TMR4_LoadPeriodRegister
  3475                           
  3476                           
  3477                           ;incstack = 0
  3478                           ; Regs used in _TMR4_LoadPeriodRegister: [wreg]
  3479                           ;TMR4_LoadPeriodRegister@periodVal stored from wreg
  3480     039D  00F0               	movwf	TMR4_LoadPeriodRegister@periodVal
  3481     039E                     l1239:
  3482                           
  3483                           ;mcc_generated_files/tmr4.c: 106: void TMR4_LoadPeriodRegister(uint8_t periodVal);mcc_ge
      +                          nerated_files/tmr4.c: 107: {;mcc_generated_files/tmr4.c: 108:    PR4 = periodVal;
  3484     039E  0870               	movf	TMR4_LoadPeriodRegister@periodVal,w
  3485     039F  0028               	movlb	8	; select bank8
  3486     03A0  0096               	movwf	22	;volatile
  3487     03A1                     l173:
  3488     03A1  0008               	return
  3489     03A2                     __end_of_TMR4_LoadPeriodRegister:
  3490                           
  3491                           	psect	text14
  3492     0417                     __ptext14:	
  3493 ;; *************** function _TMR4_HasOverflowOccured *****************
  3494 ;; Defined at:
  3495 ;;		line 111 in file "mcc_generated_files/tmr4.c"
  3496 ;; Parameters:    Size  Location     Type
  3497 ;;		None
  3498 ;; Auto vars:     Size  Location     Type
  3499 ;;  status          1    0[COMMON] _Bool 
  3500 ;; Return value:  Size  Location     Type
  3501 ;;                  1    wreg      _Bool 
  3502 ;; Registers used:
  3503 ;;		wreg, status,2, status,0
  3504 ;; Tracked objects:
  3505 ;;		On entry : 0/0
  3506 ;;		On exit  : 0/0
  3507 ;;		Unchanged: 0/0
  3508 ;; Data sizes:     COMMON   BANK0   BANK1   BANK2   BANK3   BANK4   BANK5   BANK6
  3509 ;;      Params:         0       0       0       0       0       0       0       0
  3510 ;;      Locals:         1       0       0       0       0       0       0       0
  3511 ;;      Temps:          0       0       0       0       0       0       0       0
  3512 ;;      Totals:         1       0       0       0       0       0       0       0
  3513 ;;Total ram usage:        1 bytes
  3514 ;; Hardware stack levels used: 1
  3515 ;; This function calls:
  3516 ;;		Nothing
  3517 ;; This function is called by:
  3518 ;;		_Clear_No_Call_Warning
  3519 ;; This function uses a non-reentrant model
  3520 ;;
  3521                           
  3522     0417                     _TMR4_HasOverflowOccured:	
  3523                           ;psect for function _TMR4_HasOverflowOccured
  3524                           
  3525     0417                     l1241:	
  3526                           ;incstack = 0
  3527                           ; Regs used in _TMR4_HasOverflowOccured: [wreg+status,2+status,0]
  3528                           
  3529                           
  3530                           ;mcc_generated_files/tmr4.c: 114:     _Bool status = PIR3bits.TMR4IF;
  3531     0417  3000               	movlw	0
  3532     0418  0020               	movlb	0	; select bank0
  3533     0419  1893               	btfsc	19,1	;volatile
  3534     041A  3001               	movlw	1
  3535     041B  00F0               	movwf	TMR4_HasOverflowOccured@status
  3536     041C                     l1243:
  3537                           
  3538                           ;mcc_generated_files/tmr4.c: 115:     if(status)
  3539     041C  0870               	movf	TMR4_HasOverflowOccured@status,w
  3540     041D  1903               	btfsc	3,2
  3541     041E  2C20               	goto	u161
  3542     041F  2C21               	goto	u160
  3543     0420                     u161:
  3544     0420  2C22               	goto	l177
  3545     0421                     u160:
  3546     0421                     l1245:
  3547                           
  3548                           ;mcc_generated_files/tmr4.c: 116:     {;mcc_generated_files/tmr4.c: 118:         PIR3bit
      +                          s.TMR4IF = 0;
  3549     0421  1093               	bcf	19,1	;volatile
  3550     0422                     l177:
  3551     0422  0008               	return
  3552     0423                     __end_of_TMR4_HasOverflowOccured:
  3553                           
  3554                           	psect	text15
  3555     0398                     __ptext15:	
  3556 ;; *************** function _TMR2_WriteTimer *****************
  3557 ;; Defined at:
  3558 ;;		line 100 in file "mcc_generated_files/tmr2.c"
  3559 ;; Parameters:    Size  Location     Type
  3560 ;;  timerVal        1    wreg     unsigned char 
  3561 ;; Auto vars:     Size  Location     Type
  3562 ;;  timerVal        1    0[COMMON] unsigned char 
  3563 ;; Return value:  Size  Location     Type
  3564 ;;                  1    wreg      void 
  3565 ;; Registers used:
  3566 ;;		wreg
  3567 ;; Tracked objects:
  3568 ;;		On entry : 0/0
  3569 ;;		On exit  : 0/0
  3570 ;;		Unchanged: 0/0
  3571 ;; Data sizes:     COMMON   BANK0   BANK1   BANK2   BANK3   BANK4   BANK5   BANK6
  3572 ;;      Params:         0       0       0       0       0       0       0       0
  3573 ;;      Locals:         1       0       0       0       0       0       0       0
  3574 ;;      Temps:          0       0       0       0       0       0       0       0
  3575 ;;      Totals:         1       0       0       0       0       0       0       0
  3576 ;;Total ram usage:        1 bytes
  3577 ;; Hardware stack levels used: 1
  3578 ;; This function calls:
  3579 ;;		Nothing
  3580 ;; This function is called by:
  3581 ;;		_Clear_No_Call_Warning
  3582 ;; This function uses a non-reentrant model
  3583 ;;
  3584                           
  3585     0398                     _TMR2_WriteTimer:	
  3586                           ;psect for function _TMR2_WriteTimer
  3587                           
  3588                           
  3589                           ;incstack = 0
  3590                           ; Regs used in _TMR2_WriteTimer: [wreg]
  3591                           ;TMR2_WriteTimer@timerVal stored from wreg
  3592     0398  00F0               	movwf	TMR2_WriteTimer@timerVal
  3593     0399                     l1201:
  3594                           
  3595                           ;mcc_generated_files/tmr2.c: 100: void TMR2_WriteTimer(uint8_t timerVal);mcc_generated_f
      +                          iles/tmr2.c: 101: {;mcc_generated_files/tmr2.c: 103:     TMR2 = timerVal;
  3596     0399  0870               	movf	TMR2_WriteTimer@timerVal,w
  3597     039A  0020               	movlb	0	; select bank0
  3598     039B  009A               	movwf	26	;volatile
  3599     039C                     l95:
  3600     039C  0008               	return
  3601     039D                     __end_of_TMR2_WriteTimer:
  3602                           
  3603                           	psect	text16
  3604     035E                     __ptext16:	
  3605 ;; *************** function _TMR2_StopTimer *****************
  3606 ;; Defined at:
  3607 ;;		line 85 in file "mcc_generated_files/tmr2.c"
  3608 ;; Parameters:    Size  Location     Type
  3609 ;;		None
  3610 ;; Auto vars:     Size  Location     Type
  3611 ;;		None
  3612 ;; Return value:  Size  Location     Type
  3613 ;;                  1    wreg      void 
  3614 ;; Registers used:
  3615 ;;		None
  3616 ;; Tracked objects:
  3617 ;;		On entry : 0/0
  3618 ;;		On exit  : 0/0
  3619 ;;		Unchanged: 0/0
  3620 ;; Data sizes:     COMMON   BANK0   BANK1   BANK2   BANK3   BANK4   BANK5   BANK6
  3621 ;;      Params:         0       0       0       0       0       0       0       0
  3622 ;;      Locals:         0       0       0       0       0       0       0       0
  3623 ;;      Temps:          0       0       0       0       0       0       0       0
  3624 ;;      Totals:         0       0       0       0       0       0       0       0
  3625 ;;Total ram usage:        0 bytes
  3626 ;; Hardware stack levels used: 1
  3627 ;; This function calls:
  3628 ;;		Nothing
  3629 ;; This function is called by:
  3630 ;;		_Clear_No_Call_Warning
  3631 ;; This function uses a non-reentrant model
  3632 ;;
  3633                           
  3634     035E                     _TMR2_StopTimer:	
  3635                           ;psect for function _TMR2_StopTimer
  3636                           
  3637     035E                     l1195:	
  3638                           ;incstack = 0
  3639                           ; Regs used in _TMR2_StopTimer: []
  3640                           
  3641                           
  3642                           ;mcc_generated_files/tmr2.c: 88:     T2CONbits.TMR2ON = 0;
  3643     035E  0020               	movlb	0	; select bank0
  3644     035F  111C               	bcf	28,2	;volatile
  3645     0360                     l89:
  3646     0360  0008               	return
  3647     0361                     __end_of_TMR2_StopTimer:
  3648                           
  3649                           	psect	text17
  3650     035B                     __ptext17:	
  3651 ;; *************** function _TMR2_StartTimer *****************
  3652 ;; Defined at:
  3653 ;;		line 79 in file "mcc_generated_files/tmr2.c"
  3654 ;; Parameters:    Size  Location     Type
  3655 ;;		None
  3656 ;; Auto vars:     Size  Location     Type
  3657 ;;		None
  3658 ;; Return value:  Size  Location     Type
  3659 ;;                  1    wreg      void 
  3660 ;; Registers used:
  3661 ;;		None
  3662 ;; Tracked objects:
  3663 ;;		On entry : 0/0
  3664 ;;		On exit  : 0/0
  3665 ;;		Unchanged: 0/0
  3666 ;; Data sizes:     COMMON   BANK0   BANK1   BANK2   BANK3   BANK4   BANK5   BANK6
  3667 ;;      Params:         0       0       0       0       0       0       0       0
  3668 ;;      Locals:         0       0       0       0       0       0       0       0
  3669 ;;      Temps:          0       0       0       0       0       0       0       0
  3670 ;;      Totals:         0       0       0       0       0       0       0       0
  3671 ;;Total ram usage:        0 bytes
  3672 ;; Hardware stack levels used: 1
  3673 ;; This function calls:
  3674 ;;		Nothing
  3675 ;; This function is called by:
  3676 ;;		_Clear_No_Call_Warning
  3677 ;; This function uses a non-reentrant model
  3678 ;;
  3679                           
  3680     035B                     _TMR2_StartTimer:	
  3681                           ;psect for function _TMR2_StartTimer
  3682                           
  3683     035B                     l1193:	
  3684                           ;incstack = 0
  3685                           ; Regs used in _TMR2_StartTimer: []
  3686                           
  3687                           
  3688                           ;mcc_generated_files/tmr2.c: 82:     T2CONbits.TMR2ON = 1;
  3689     035B  0020               	movlb	0	; select bank0
  3690     035C  151C               	bsf	28,2	;volatile
  3691     035D                     l86:
  3692     035D  0008               	return
  3693     035E                     __end_of_TMR2_StartTimer:
  3694                           
  3695                           	psect	text18
  3696     0358                     __ptext18:	
  3697 ;; *************** function _TMR2_ReadTimer *****************
  3698 ;; Defined at:
  3699 ;;		line 91 in file "mcc_generated_files/tmr2.c"
  3700 ;; Parameters:    Size  Location     Type
  3701 ;;		None
  3702 ;; Auto vars:     Size  Location     Type
  3703 ;;  readVal         1    0        unsigned char 
  3704 ;; Return value:  Size  Location     Type
  3705 ;;                  1    wreg      unsigned char 
  3706 ;; Registers used:
  3707 ;;		wreg
  3708 ;; Tracked objects:
  3709 ;;		On entry : 0/0
  3710 ;;		On exit  : 0/0
  3711 ;;		Unchanged: 0/0
  3712 ;; Data sizes:     COMMON   BANK0   BANK1   BANK2   BANK3   BANK4   BANK5   BANK6
  3713 ;;      Params:         0       0       0       0       0       0       0       0
  3714 ;;      Locals:         0       0       0       0       0       0       0       0
  3715 ;;      Temps:          0       0       0       0       0       0       0       0
  3716 ;;      Totals:         0       0       0       0       0       0       0       0
  3717 ;;Total ram usage:        0 bytes
  3718 ;; Hardware stack levels used: 1
  3719 ;; This function calls:
  3720 ;;		Nothing
  3721 ;; This function is called by:
  3722 ;;		_Clear_No_Call_Warning
  3723 ;; This function uses a non-reentrant model
  3724 ;;
  3725                           
  3726     0358                     _TMR2_ReadTimer:	
  3727                           ;psect for function _TMR2_ReadTimer
  3728                           
  3729     0358                     l1197:	
  3730                           ;incstack = 0
  3731                           ; Regs used in _TMR2_ReadTimer: [wreg]
  3732                           
  3733     0358  0020               	movlb	0	; select bank0
  3734     0359  081A               	movf	26,w	;volatile
  3735     035A                     l92:
  3736     035A  0008               	return
  3737     035B                     __end_of_TMR2_ReadTimer:
  3738                           
  3739                           	psect	text19
  3740     0393                     __ptext19:	
  3741 ;; *************** function _TMR2_LoadPeriodRegister *****************
  3742 ;; Defined at:
  3743 ;;		line 106 in file "mcc_generated_files/tmr2.c"
  3744 ;; Parameters:    Size  Location     Type
  3745 ;;  periodVal       1    wreg     unsigned char 
  3746 ;; Auto vars:     Size  Location     Type
  3747 ;;  periodVal       1    0[COMMON] unsigned char 
  3748 ;; Return value:  Size  Location     Type
  3749 ;;                  1    wreg      void 
  3750 ;; Registers used:
  3751 ;;		wreg
  3752 ;; Tracked objects:
  3753 ;;		On entry : 0/0
  3754 ;;		On exit  : 0/0
  3755 ;;		Unchanged: 0/0
  3756 ;; Data sizes:     COMMON   BANK0   BANK1   BANK2   BANK3   BANK4   BANK5   BANK6
  3757 ;;      Params:         0       0       0       0       0       0       0       0
  3758 ;;      Locals:         1       0       0       0       0       0       0       0
  3759 ;;      Temps:          0       0       0       0       0       0       0       0
  3760 ;;      Totals:         1       0       0       0       0       0       0       0
  3761 ;;Total ram usage:        1 bytes
  3762 ;; Hardware stack levels used: 1
  3763 ;; This function calls:
  3764 ;;		Nothing
  3765 ;; This function is called by:
  3766 ;;		_Clear_No_Call_Warning
  3767 ;; This function uses a non-reentrant model
  3768 ;;
  3769                           
  3770     0393                     _TMR2_LoadPeriodRegister:	
  3771                           ;psect for function _TMR2_LoadPeriodRegister
  3772                           
  3773                           
  3774                           ;incstack = 0
  3775                           ; Regs used in _TMR2_LoadPeriodRegister: [wreg]
  3776                           ;TMR2_LoadPeriodRegister@periodVal stored from wreg
  3777     0393  00F0               	movwf	TMR2_LoadPeriodRegister@periodVal
  3778     0394                     l1203:
  3779                           
  3780                           ;mcc_generated_files/tmr2.c: 106: void TMR2_LoadPeriodRegister(uint8_t periodVal);mcc_ge
      +                          nerated_files/tmr2.c: 107: {;mcc_generated_files/tmr2.c: 108:    PR2 = periodVal;
  3781     0394  0870               	movf	TMR2_LoadPeriodRegister@periodVal,w
  3782     0395  0020               	movlb	0	; select bank0
  3783     0396  009B               	movwf	27	;volatile
  3784     0397                     l98:
  3785     0397  0008               	return
  3786     0398                     __end_of_TMR2_LoadPeriodRegister:
  3787                           
  3788                           	psect	text20
  3789     040B                     __ptext20:	
  3790 ;; *************** function _TMR2_HasOverflowOccured *****************
  3791 ;; Defined at:
  3792 ;;		line 111 in file "mcc_generated_files/tmr2.c"
  3793 ;; Parameters:    Size  Location     Type
  3794 ;;		None
  3795 ;; Auto vars:     Size  Location     Type
  3796 ;;  status          1    0[COMMON] _Bool 
  3797 ;; Return value:  Size  Location     Type
  3798 ;;                  1    wreg      _Bool 
  3799 ;; Registers used:
  3800 ;;		wreg, status,2, status,0
  3801 ;; Tracked objects:
  3802 ;;		On entry : 0/0
  3803 ;;		On exit  : 0/0
  3804 ;;		Unchanged: 0/0
  3805 ;; Data sizes:     COMMON   BANK0   BANK1   BANK2   BANK3   BANK4   BANK5   BANK6
  3806 ;;      Params:         0       0       0       0       0       0       0       0
  3807 ;;      Locals:         1       0       0       0       0       0       0       0
  3808 ;;      Temps:          0       0       0       0       0       0       0       0
  3809 ;;      Totals:         1       0       0       0       0       0       0       0
  3810 ;;Total ram usage:        1 bytes
  3811 ;; Hardware stack levels used: 1
  3812 ;; This function calls:
  3813 ;;		Nothing
  3814 ;; This function is called by:
  3815 ;;		_Clear_No_Call_Warning
  3816 ;; This function uses a non-reentrant model
  3817 ;;
  3818                           
  3819     040B                     _TMR2_HasOverflowOccured:	
  3820                           ;psect for function _TMR2_HasOverflowOccured
  3821                           
  3822     040B                     l1205:	
  3823                           ;incstack = 0
  3824                           ; Regs used in _TMR2_HasOverflowOccured: [wreg+status,2+status,0]
  3825                           
  3826                           
  3827                           ;mcc_generated_files/tmr2.c: 114:     _Bool status = PIR1bits.TMR2IF;
  3828     040B  3000               	movlw	0
  3829     040C  0020               	movlb	0	; select bank0
  3830     040D  1891               	btfsc	17,1	;volatile
  3831     040E  3001               	movlw	1
  3832     040F  00F0               	movwf	TMR2_HasOverflowOccured@status
  3833     0410                     l1207:
  3834                           
  3835                           ;mcc_generated_files/tmr2.c: 115:     if(status)
  3836     0410  0870               	movf	TMR2_HasOverflowOccured@status,w
  3837     0411  1903               	btfsc	3,2
  3838     0412  2C14               	goto	u141
  3839     0413  2C15               	goto	u140
  3840     0414                     u141:
  3841     0414  2C16               	goto	l102
  3842     0415                     u140:
  3843     0415                     l1209:
  3844                           
  3845                           ;mcc_generated_files/tmr2.c: 116:     {;mcc_generated_files/tmr2.c: 118:         PIR1bit
      +                          s.TMR2IF = 0;
  3846     0415  1091               	bcf	17,1	;volatile
  3847     0416                     l102:
  3848     0416  0008               	return
  3849     0417                     __end_of_TMR2_HasOverflowOccured:
  3850                           
  3851                           	psect	text21
  3852     0356                     __ptext21:	
  3853 ;; *************** function _PIN_MANAGER_IOC *****************
  3854 ;; Defined at:
  3855 ;;		line 99 in file "mcc_generated_files/pin_manager.c"
  3856 ;; Parameters:    Size  Location     Type
  3857 ;;		None
  3858 ;; Auto vars:     Size  Location     Type
  3859 ;;		None
  3860 ;; Return value:  Size  Location     Type
  3861 ;;                  1    wreg      void 
  3862 ;; Registers used:
  3863 ;;		None
  3864 ;; Tracked objects:
  3865 ;;		On entry : 0/0
  3866 ;;		On exit  : 0/0
  3867 ;;		Unchanged: 0/0
  3868 ;; Data sizes:     COMMON   BANK0   BANK1   BANK2   BANK3   BANK4   BANK5   BANK6
  3869 ;;      Params:         0       0       0       0       0       0       0       0
  3870 ;;      Locals:         0       0       0       0       0       0       0       0
  3871 ;;      Temps:          0       0       0       0       0       0       0       0
  3872 ;;      Totals:         0       0       0       0       0       0       0       0
  3873 ;;Total ram usage:        0 bytes
  3874 ;; Hardware stack levels used: 1
  3875 ;; This function calls:
  3876 ;;		Nothing
  3877 ;; This function is called by:
  3878 ;;		_Clear_No_Call_Warning
  3879 ;; This function uses a non-reentrant model
  3880 ;;
  3881                           
  3882     0356                     _PIN_MANAGER_IOC:	
  3883                           ;psect for function _PIN_MANAGER_IOC
  3884                           
  3885     0356                     l34:	
  3886                           ;incstack = 0
  3887                           ; Regs used in _PIN_MANAGER_IOC: []
  3888                           
  3889     0356  0008               	return
  3890     0357                     __end_of_PIN_MANAGER_IOC:
  3891                           
  3892                           	psect	text22
  3893     038F                     __ptext22:	
  3894 ;; *************** function _LoBeam_ON *****************
  3895 ;; Defined at:
  3896 ;;		line 38 in file "gpio.c"
  3897 ;; Parameters:    Size  Location     Type
  3898 ;;		None
  3899 ;; Auto vars:     Size  Location     Type
  3900 ;;		None
  3901 ;; Return value:  Size  Location     Type
  3902 ;;                  1    wreg      void 
  3903 ;; Registers used:
  3904 ;;		None
  3905 ;; Tracked objects:
  3906 ;;		On entry : 0/0
  3907 ;;		On exit  : 0/0
  3908 ;;		Unchanged: 0/0
  3909 ;; Data sizes:     COMMON   BANK0   BANK1   BANK2   BANK3   BANK4   BANK5   BANK6
  3910 ;;      Params:         0       0       0       0       0       0       0       0
  3911 ;;      Locals:         0       0       0       0       0       0       0       0
  3912 ;;      Temps:          0       0       0       0       0       0       0       0
  3913 ;;      Totals:         0       0       0       0       0       0       0       0
  3914 ;;Total ram usage:        0 bytes
  3915 ;; Hardware stack levels used: 1
  3916 ;; This function calls:
  3917 ;;		Nothing
  3918 ;; This function is called by:
  3919 ;;		_Clear_No_Call_Warning
  3920 ;; This function uses a non-reentrant model
  3921 ;;
  3922                           
  3923     038F                     _LoBeam_ON:	
  3924                           ;psect for function _LoBeam_ON
  3925                           
  3926     038F                     l1247:	
  3927                           ;incstack = 0
  3928                           ; Regs used in _LoBeam_ON: []
  3929                           
  3930                           
  3931                           ;gpio.c: 39:   LATBbits.LATB1 = 1;
  3932     038F  0022               	movlb	2	; select bank2
  3933     0390  148D               	bsf	13,1	;volatile
  3934                           
  3935                           ;gpio.c: 40:   LATAbits.LATA0 = 1;
  3936     0391  140C               	bsf	12,0	;volatile
  3937     0392                     l451:
  3938     0392  0008               	return
  3939     0393                     __end_of_LoBeam_ON:
  3940                           
  3941                           	psect	text23
  3942     038B                     __ptext23:	
  3943 ;; *************** function _LoBeam_OFF *****************
  3944 ;; Defined at:
  3945 ;;		line 43 in file "gpio.c"
  3946 ;; Parameters:    Size  Location     Type
  3947 ;;		None
  3948 ;; Auto vars:     Size  Location     Type
  3949 ;;		None
  3950 ;; Return value:  Size  Location     Type
  3951 ;;                  1    wreg      void 
  3952 ;; Registers used:
  3953 ;;		None
  3954 ;; Tracked objects:
  3955 ;;		On entry : 0/0
  3956 ;;		On exit  : 0/0
  3957 ;;		Unchanged: 0/0
  3958 ;; Data sizes:     COMMON   BANK0   BANK1   BANK2   BANK3   BANK4   BANK5   BANK6
  3959 ;;      Params:         0       0       0       0       0       0       0       0
  3960 ;;      Locals:         0       0       0       0       0       0       0       0
  3961 ;;      Temps:          0       0       0       0       0       0       0       0
  3962 ;;      Totals:         0       0       0       0       0       0       0       0
  3963 ;;Total ram usage:        0 bytes
  3964 ;; Hardware stack levels used: 1
  3965 ;; This function calls:
  3966 ;;		Nothing
  3967 ;; This function is called by:
  3968 ;;		_Clear_No_Call_Warning
  3969 ;; This function uses a non-reentrant model
  3970 ;;
  3971                           
  3972     038B                     _LoBeam_OFF:	
  3973                           ;psect for function _LoBeam_OFF
  3974                           
  3975     038B                     l1249:	
  3976                           ;incstack = 0
  3977                           ; Regs used in _LoBeam_OFF: []
  3978                           
  3979                           
  3980                           ;gpio.c: 44:   LATBbits.LATB1 = 0;
  3981     038B  0022               	movlb	2	; select bank2
  3982     038C  108D               	bcf	13,1	;volatile
  3983                           
  3984                           ;gpio.c: 45:   LATAbits.LATA0 = 0;
  3985     038D  100C               	bcf	12,0	;volatile
  3986     038E                     l454:
  3987     038E  0008               	return
  3988     038F                     __end_of_LoBeam_OFF:
  3989                           
  3990                           	psect	text24
  3991     03B1                     __ptext24:	
  3992 ;; *************** function _LED_OFF *****************
  3993 ;; Defined at:
  3994 ;;		line 32 in file "func_ws2811.c"
  3995 ;; Parameters:    Size  Location     Type
  3996 ;;		None
  3997 ;; Auto vars:     Size  Location     Type
  3998 ;;		None
  3999 ;; Return value:  Size  Location     Type
  4000 ;;                  1    wreg      void 
  4001 ;; Registers used:
  4002 ;;		wreg, status,2, status,0, pclath, cstack
  4003 ;; Tracked objects:
  4004 ;;		On entry : 0/0
  4005 ;;		On exit  : 0/0
  4006 ;;		Unchanged: 0/0
  4007 ;; Data sizes:     COMMON   BANK0   BANK1   BANK2   BANK3   BANK4   BANK5   BANK6
  4008 ;;      Params:         0       0       0       0       0       0       0       0
  4009 ;;      Locals:         0       0       0       0       0       0       0       0
  4010 ;;      Temps:          0       0       0       0       0       0       0       0
  4011 ;;      Totals:         0       0       0       0       0       0       0       0
  4012 ;;Total ram usage:        0 bytes
  4013 ;; Hardware stack levels used: 1
  4014 ;; Hardware stack levels required when called: 2
  4015 ;; This function calls:
  4016 ;;		_LED_SET
  4017 ;; This function is called by:
  4018 ;;		_Clear_No_Call_Warning
  4019 ;; This function uses a non-reentrant model
  4020 ;;
  4021                           
  4022     03B1                     _LED_OFF:	
  4023                           ;psect for function _LED_OFF
  4024                           
  4025     03B1                     l1759:	
  4026                           ;incstack = 0
  4027                           ; Regs used in _LED_OFF: [wreg+status,2+status,0+pclath+cstack]
  4028                           
  4029                           
  4030                           ;func_ws2811.c: 34:   LED_SET(((4 * 3) + (2 * 3)), 0x00);
  4031     03B1  01F3               	clrf	LED_SET@InputData
  4032     03B2  3012               	movlw	18
  4033     03B3  3184  245E  3183   	fcall	_LED_SET
  4034     03B6                     l339:
  4035     03B6  0008               	return
  4036     03B7                     __end_of_LED_OFF:
  4037                           
  4038                           	psect	text25
  4039     0387                     __ptext25:	
  4040 ;; *************** function _HiBeam_ON *****************
  4041 ;; Defined at:
  4042 ;;		line 48 in file "gpio.c"
  4043 ;; Parameters:    Size  Location     Type
  4044 ;;		None
  4045 ;; Auto vars:     Size  Location     Type
  4046 ;;		None
  4047 ;; Return value:  Size  Location     Type
  4048 ;;                  1    wreg      void 
  4049 ;; Registers used:
  4050 ;;		None
  4051 ;; Tracked objects:
  4052 ;;		On entry : 0/0
  4053 ;;		On exit  : 0/0
  4054 ;;		Unchanged: 0/0
  4055 ;; Data sizes:     COMMON   BANK0   BANK1   BANK2   BANK3   BANK4   BANK5   BANK6
  4056 ;;      Params:         0       0       0       0       0       0       0       0
  4057 ;;      Locals:         0       0       0       0       0       0       0       0
  4058 ;;      Temps:          0       0       0       0       0       0       0       0
  4059 ;;      Totals:         0       0       0       0       0       0       0       0
  4060 ;;Total ram usage:        0 bytes
  4061 ;; Hardware stack levels used: 1
  4062 ;; This function calls:
  4063 ;;		Nothing
  4064 ;; This function is called by:
  4065 ;;		_Clear_No_Call_Warning
  4066 ;; This function uses a non-reentrant model
  4067 ;;
  4068                           
  4069     0387                     _HiBeam_ON:	
  4070                           ;psect for function _HiBeam_ON
  4071                           
  4072     0387                     l1251:	
  4073                           ;incstack = 0
  4074                           ; Regs used in _HiBeam_ON: []
  4075                           
  4076                           
  4077                           ;gpio.c: 49:   LATBbits.LATB4 = 1;
  4078     0387  0022               	movlb	2	; select bank2
  4079     0388  160D               	bsf	13,4	;volatile
  4080                           
  4081                           ;gpio.c: 50:   LATBbits.LATB5 = 1;
  4082     0389  168D               	bsf	13,5	;volatile
  4083     038A                     l457:
  4084     038A  0008               	return
  4085     038B                     __end_of_HiBeam_ON:
  4086                           
  4087                           	psect	text26
  4088     0383                     __ptext26:	
  4089 ;; *************** function _HiBeam_OFF *****************
  4090 ;; Defined at:
  4091 ;;		line 53 in file "gpio.c"
  4092 ;; Parameters:    Size  Location     Type
  4093 ;;		None
  4094 ;; Auto vars:     Size  Location     Type
  4095 ;;		None
  4096 ;; Return value:  Size  Location     Type
  4097 ;;                  1    wreg      void 
  4098 ;; Registers used:
  4099 ;;		None
  4100 ;; Tracked objects:
  4101 ;;		On entry : 0/0
  4102 ;;		On exit  : 0/0
  4103 ;;		Unchanged: 0/0
  4104 ;; Data sizes:     COMMON   BANK0   BANK1   BANK2   BANK3   BANK4   BANK5   BANK6
  4105 ;;      Params:         0       0       0       0       0       0       0       0
  4106 ;;      Locals:         0       0       0       0       0       0       0       0
  4107 ;;      Temps:          0       0       0       0       0       0       0       0
  4108 ;;      Totals:         0       0       0       0       0       0       0       0
  4109 ;;Total ram usage:        0 bytes
  4110 ;; Hardware stack levels used: 1
  4111 ;; This function calls:
  4112 ;;		Nothing
  4113 ;; This function is called by:
  4114 ;;		_Clear_No_Call_Warning
  4115 ;; This function uses a non-reentrant model
  4116 ;;
  4117                           
  4118     0383                     _HiBeam_OFF:	
  4119                           ;psect for function _HiBeam_OFF
  4120                           
  4121     0383                     l1253:	
  4122                           ;incstack = 0
  4123                           ; Regs used in _HiBeam_OFF: []
  4124                           
  4125                           
  4126                           ;gpio.c: 54:   LATBbits.LATB4 = 0;
  4127     0383  0022               	movlb	2	; select bank2
  4128     0384  120D               	bcf	13,4	;volatile
  4129                           
  4130                           ;gpio.c: 55:   LATBbits.LATB5 = 0;
  4131     0385  128D               	bcf	13,5	;volatile
  4132     0386                     l460:
  4133     0386  0008               	return
  4134     0387                     __end_of_HiBeam_OFF:
  4135                           
  4136                           	psect	text27
  4137     059C                     __ptext27:	
  4138 ;; *************** function _func_main *****************
  4139 ;; Defined at:
  4140 ;;		line 73 in file "func_main.c"
  4141 ;; Parameters:    Size  Location     Type
  4142 ;;		None
  4143 ;; Auto vars:     Size  Location     Type
  4144 ;;		None
  4145 ;; Return value:  Size  Location     Type
  4146 ;;                  1    wreg      void 
  4147 ;; Registers used:
  4148 ;;		wreg, status,2, status,0, pclath, cstack
  4149 ;; Tracked objects:
  4150 ;;		On entry : 0/0
  4151 ;;		On exit  : 0/0
  4152 ;;		Unchanged: 0/0
  4153 ;; Data sizes:     COMMON   BANK0   BANK1   BANK2   BANK3   BANK4   BANK5   BANK6
  4154 ;;      Params:         0       0       0       0       0       0       0       0
  4155 ;;      Locals:         0       0       0       0       0       0       0       0
  4156 ;;      Temps:          0       0       0       0       0       0       0       0
  4157 ;;      Totals:         0       0       0       0       0       0       0       0
  4158 ;;Total ram usage:        0 bytes
  4159 ;; Hardware stack levels used: 1
  4160 ;; Hardware stack levels required when called: 4
  4161 ;; This function calls:
  4162 ;;		_Color_OFF
  4163 ;;		_DRL_ON
  4164 ;;		_POS_ON
  4165 ;;		_Timer
  4166 ;;		_TrunLight
  4167 ;;		_WelcomeLight_ON
  4168 ;; This function is called by:
  4169 ;;		_main
  4170 ;; This function uses a non-reentrant model
  4171 ;;
  4172                           
  4173     059C                     _func_main:	
  4174                           ;psect for function _func_main
  4175                           
  4176     059C                     l2233:	
  4177                           ;incstack = 0
  4178                           ; Regs used in _func_main: [wreg+status,2+status,0+pclath+cstack]
  4179                           
  4180                           
  4181                           ;func_main.c: 74:     Timer();
  4182     059C  3185  25DD  3185   	fcall	_Timer
  4183     059F                     l2235:
  4184                           
  4185                           ;func_main.c: 75:     if (ORB.fTurn) {
  4186     059F  0020               	movlb	0	; select bank0
  4187     05A0  1C29               	btfss	_ORB,0
  4188     05A1  2DA3               	goto	u1021
  4189     05A2  2DA4               	goto	u1020
  4190     05A3                     u1021:
  4191     05A3  2DAB               	goto	l2241
  4192     05A4                     u1020:
  4193     05A4                     l2237:
  4194                           
  4195                           ;func_main.c: 76:       TrunLight(255);
  4196     05A4  30FF               	movlw	255
  4197     05A5  3187  2706  3185   	fcall	_TrunLight
  4198     05A8                     l2239:
  4199                           
  4200                           ;func_main.c: 77:       T1MS_cnt =0;
  4201     05A8  0020               	movlb	0	; select bank0
  4202     05A9  01A4               	clrf	_T1MS_cnt
  4203     05AA  01A5               	clrf	_T1MS_cnt+1
  4204     05AB                     l2241:
  4205                           
  4206                           ;func_main.c: 93:     if (flag1.fLight_en){
  4207     05AB  1CA8               	btfss	_flag1,1
  4208     05AC  2DAE               	goto	u1031
  4209     05AD  2DAF               	goto	u1030
  4210     05AE                     u1031:
  4211     05AE  2DBA               	goto	l2249
  4212     05AF                     u1030:
  4213     05AF                     l2243:
  4214                           
  4215                           ;func_main.c: 94:       if (flag1.fWelcome) {
  4216     05AF  1C28               	btfss	_flag1,0
  4217     05B0  2DB2               	goto	u1041
  4218     05B1  2DB3               	goto	u1040
  4219     05B2                     u1041:
  4220     05B2  2DBA               	goto	l2249
  4221     05B3                     u1040:
  4222     05B3                     l2245:
  4223                           
  4224                           ;func_main.c: 95:         WelcomeLight_ON(255);
  4225     05B3  30FF               	movlw	255
  4226     05B4  3186  2645  3185   	fcall	_WelcomeLight_ON
  4227     05B7                     l2247:
  4228                           
  4229                           ;func_main.c: 96:         T1MS_cnt =0;
  4230     05B7  0020               	movlb	0	; select bank0
  4231     05B8  01A4               	clrf	_T1MS_cnt
  4232     05B9  01A5               	clrf	_T1MS_cnt+1
  4233     05BA                     l2249:
  4234                           
  4235                           ;func_main.c: 100:     if (flag1.fLight_en){
  4236     05BA  1CA8               	btfss	_flag1,1
  4237     05BB  2DBD               	goto	u1051
  4238     05BC  2DBE               	goto	u1050
  4239     05BD                     u1051:
  4240     05BD  2DDC               	goto	l314
  4241     05BE                     u1050:
  4242     05BE                     l2251:
  4243                           
  4244                           ;func_main.c: 102:       if(T1MS_cnt >= (100)){
  4245     05BE  3000               	movlw	0
  4246     05BF  0225               	subwf	_T1MS_cnt+1,w
  4247     05C0  3064               	movlw	100
  4248     05C1  1903               	skipnz
  4249     05C2  0224               	subwf	_T1MS_cnt,w
  4250     05C3  1C03               	skipc
  4251     05C4  2DC6               	goto	u1061
  4252     05C5  2DC7               	goto	u1060
  4253     05C6                     u1061:
  4254     05C6  2DDC               	goto	l314
  4255     05C7                     u1060:
  4256     05C7                     l2253:
  4257                           
  4258                           ;func_main.c: 103:         T1MS_cnt = 0;
  4259     05C7  01A4               	clrf	_T1MS_cnt
  4260     05C8  01A5               	clrf	_T1MS_cnt+1
  4261     05C9                     l2255:
  4262                           
  4263                           ;func_main.c: 105:         if (ORB.fDRL) {
  4264     05C9  1D29               	btfss	_ORB,2
  4265     05CA  2DCC               	goto	u1071
  4266     05CB  2DCD               	goto	u1070
  4267     05CC                     u1071:
  4268     05CC  2DD1               	goto	l310
  4269     05CD                     u1070:
  4270     05CD                     l2257:
  4271                           
  4272                           ;func_main.c: 106:           DRL_ON();
  4273     05CD  3183  23C6  3185   	fcall	_DRL_ON
  4274                           
  4275                           ;func_main.c: 107:         } else if (ORB.fPOS) {
  4276     05D0  2DDC               	goto	l314
  4277     05D1                     l310:
  4278     05D1  1CA9               	btfss	_ORB,1
  4279     05D2  2DD4               	goto	u1081
  4280     05D3  2DD5               	goto	u1080
  4281     05D4                     u1081:
  4282     05D4  2DD9               	goto	l2261
  4283     05D5                     u1080:
  4284     05D5                     l2259:
  4285                           
  4286                           ;func_main.c: 108:           POS_ON();
  4287     05D5  3183  23CE  3185   	fcall	_POS_ON
  4288                           
  4289                           ;func_main.c: 109:         } else {
  4290     05D8  2DDC               	goto	l314
  4291     05D9                     l2261:
  4292                           
  4293                           ;func_main.c: 110:           Color_OFF();
  4294     05D9  3183  2377  3185   	fcall	_Color_OFF
  4295     05DC                     l314:
  4296     05DC  0008               	return
  4297     05DD                     __end_of_func_main:
  4298                           
  4299                           	psect	text28
  4300     0645                     __ptext28:	
  4301 ;; *************** function _WelcomeLight_ON *****************
  4302 ;; Defined at:
  4303 ;;		line 179 in file "func_ws2811.c"
  4304 ;; Parameters:    Size  Location     Type
  4305 ;;  InputData       1    wreg     unsigned char 
  4306 ;; Auto vars:     Size  Location     Type
  4307 ;;  InputData       1    0[COMMON] unsigned char 
  4308 ;;  i               2    0        unsigned short 
  4309 ;; Return value:  Size  Location     Type
  4310 ;;                  1    wreg      void 
  4311 ;; Registers used:
  4312 ;;		wreg, status,2, status,0, pclath, cstack
  4313 ;; Tracked objects:
  4314 ;;		On entry : 0/0
  4315 ;;		On exit  : 0/0
  4316 ;;		Unchanged: 0/0
  4317 ;; Data sizes:     COMMON   BANK0   BANK1   BANK2   BANK3   BANK4   BANK5   BANK6
  4318 ;;      Params:         0       0       0       0       0       0       0       0
  4319 ;;      Locals:         0       0       0       0       0       0       0       0
  4320 ;;      Temps:          0       0       0       0       0       0       0       0
  4321 ;;      Totals:         0       0       0       0       0       0       0       0
  4322 ;;Total ram usage:        0 bytes
  4323 ;; Hardware stack levels used: 1
  4324 ;; Hardware stack levels required when called: 3
  4325 ;; This function calls:
  4326 ;;		_Color_OFF
  4327 ;;		_Color_White
  4328 ;;		_Color_Yellow
  4329 ;;		_LED_ON
  4330 ;;		_LED_SET_Gradually_ON
  4331 ;;		_Streamer_SEG1_OFF
  4332 ;;		_Streamer_SEG1_ON
  4333 ;;		_Streamer_SEG2_ON
  4334 ;;		_Timer
  4335 ;; This function is called by:
  4336 ;;		_func_main
  4337 ;; This function uses a non-reentrant model
  4338 ;;
  4339                           
  4340     0645                     _WelcomeLight_ON:	
  4341                           ;psect for function _WelcomeLight_ON
  4342                           
  4343     0645                     l2155:	
  4344                           ;incstack = 0
  4345                           ; Regs used in _WelcomeLight_ON: [wreg+status,2+status,0+pclath+cstack]
  4346                           
  4347     0645                     l2157:
  4348                           
  4349                           ;func_ws2811.c: 181:   flag1.fWelcome = 0;
  4350     0645  0020               	movlb	0	; select bank0
  4351     0646  1028               	bcf	_flag1,0
  4352                           
  4353                           ;func_ws2811.c: 183:   T1MS_welcome_cnt = 0;
  4354     0647  01A2               	clrf	_T1MS_welcome_cnt
  4355     0648  01A3               	clrf	_T1MS_welcome_cnt+1
  4356     0649                     l2159:
  4357                           
  4358                           ;func_ws2811.c: 185:   Color_Yellow();
  4359     0649  3183  237B  3186   	fcall	_Color_Yellow
  4360     064C                     l2161:
  4361                           
  4362                           ;func_ws2811.c: 188:   if (!ORB.fTurn) {
  4363     064C  0020               	movlb	0	; select bank0
  4364     064D  1829               	btfsc	_ORB,0
  4365     064E  2E50               	goto	u871
  4366     064F  2E51               	goto	u870
  4367     0650                     u871:
  4368     0650  2E56               	goto	l2165
  4369     0651                     u870:
  4370     0651                     l2163:
  4371                           
  4372                           ;func_ws2811.c: 189:     Streamer_SEG1_ON(255);
  4373     0651  30FF               	movlw	255
  4374     0652  3185  2520  3186   	fcall	_Streamer_SEG1_ON
  4375                           
  4376                           ;func_ws2811.c: 190:   } else {
  4377     0655  2E59               	goto	l2167
  4378     0656                     l2165:
  4379                           
  4380                           ;func_ws2811.c: 191:     Color_OFF();
  4381     0656  3183  2377  3186   	fcall	_Color_OFF
  4382     0659                     l2167:
  4383                           
  4384                           ;func_ws2811.c: 194:   T1MS_cnt = 0;
  4385     0659  0020               	movlb	0	; select bank0
  4386     065A  01A4               	clrf	_T1MS_cnt
  4387     065B  01A5               	clrf	_T1MS_cnt+1
  4388                           
  4389                           ;func_ws2811.c: 195:   while (T1MS_cnt < (250)) {
  4390     065C  2E69               	goto	l2175
  4391     065D                     l2169:
  4392                           
  4393                           ;func_ws2811.c: 196:     Timer();
  4394     065D  3185  25DD  3186   	fcall	_Timer
  4395     0660                     l2171:
  4396                           
  4397                           ;func_ws2811.c: 197:     if (ORB.fTurn) {
  4398     0660  0020               	movlb	0	; select bank0
  4399     0661  1C29               	btfss	_ORB,0
  4400     0662  2E64               	goto	u881
  4401     0663  2E65               	goto	u880
  4402     0664                     u881:
  4403     0664  2E69               	goto	l2175
  4404     0665                     u880:
  4405     0665                     l2173:
  4406                           
  4407                           ;func_ws2811.c: 198:       Color_OFF();
  4408     0665  3183  2377  3186   	fcall	_Color_OFF
  4409                           
  4410                           ;func_ws2811.c: 199:       break;
  4411     0668  2E72               	goto	l386
  4412     0669                     l2175:
  4413                           
  4414                           ;func_ws2811.c: 195:   while (T1MS_cnt < (250)) {
  4415     0669  3000               	movlw	0
  4416     066A  0225               	subwf	_T1MS_cnt+1,w
  4417     066B  30FA               	movlw	250
  4418     066C  1903               	skipnz
  4419     066D  0224               	subwf	_T1MS_cnt,w
  4420     066E  1C03               	skipc
  4421     066F  2E71               	goto	u891
  4422     0670  2E72               	goto	u890
  4423     0671                     u891:
  4424     0671  2E5D               	goto	l2169
  4425     0672                     u890:
  4426     0672                     l386:
  4427                           
  4428                           ;func_ws2811.c: 203:   if (!ORB.fTurn) {
  4429     0672  0020               	movlb	0	; select bank0
  4430     0673  1829               	btfsc	_ORB,0
  4431     0674  2E76               	goto	u901
  4432     0675  2E77               	goto	u900
  4433     0676                     u901:
  4434     0676  2E7C               	goto	l2179
  4435     0677                     u900:
  4436     0677                     l2177:
  4437                           
  4438                           ;func_ws2811.c: 204:     Streamer_SEG1_OFF(255);
  4439     0677  30FF               	movlw	255
  4440     0678  3184  24E2  3186   	fcall	_Streamer_SEG1_OFF
  4441                           
  4442                           ;func_ws2811.c: 205:   } else {
  4443     067B  2E7F               	goto	l2181
  4444     067C                     l2179:
  4445                           
  4446                           ;func_ws2811.c: 206:     Color_OFF();
  4447     067C  3183  2377  3186   	fcall	_Color_OFF
  4448     067F                     l2181:
  4449                           
  4450                           ;func_ws2811.c: 209:   T1MS_cnt = 0;
  4451     067F  0020               	movlb	0	; select bank0
  4452     0680  01A4               	clrf	_T1MS_cnt
  4453     0681  01A5               	clrf	_T1MS_cnt+1
  4454                           
  4455                           ;func_ws2811.c: 210:   while (T1MS_cnt < (250)) {
  4456     0682  2E8F               	goto	l2189
  4457     0683                     l2183:
  4458                           
  4459                           ;func_ws2811.c: 211:     Timer();
  4460     0683  3185  25DD  3186   	fcall	_Timer
  4461     0686                     l2185:
  4462                           
  4463                           ;func_ws2811.c: 212:     if (ORB.fTurn) {
  4464     0686  0020               	movlb	0	; select bank0
  4465     0687  1C29               	btfss	_ORB,0
  4466     0688  2E8A               	goto	u911
  4467     0689  2E8B               	goto	u910
  4468     068A                     u911:
  4469     068A  2E8F               	goto	l2189
  4470     068B                     u910:
  4471     068B                     l2187:
  4472                           
  4473                           ;func_ws2811.c: 213:       Color_OFF();
  4474     068B  3183  2377  3186   	fcall	_Color_OFF
  4475                           
  4476                           ;func_ws2811.c: 214:       break;
  4477     068E  2E98               	goto	l392
  4478     068F                     l2189:
  4479                           
  4480                           ;func_ws2811.c: 210:   while (T1MS_cnt < (250)) {
  4481     068F  3000               	movlw	0
  4482     0690  0225               	subwf	_T1MS_cnt+1,w
  4483     0691  30FA               	movlw	250
  4484     0692  1903               	skipnz
  4485     0693  0224               	subwf	_T1MS_cnt,w
  4486     0694  1C03               	skipc
  4487     0695  2E97               	goto	u921
  4488     0696  2E98               	goto	u920
  4489     0697                     u921:
  4490     0697  2E83               	goto	l2183
  4491     0698                     u920:
  4492     0698                     l392:
  4493                           
  4494                           ;func_ws2811.c: 218:   if (!ORB.fTurn) {
  4495     0698  0020               	movlb	0	; select bank0
  4496     0699  1829               	btfsc	_ORB,0
  4497     069A  2E9C               	goto	u931
  4498     069B  2E9D               	goto	u930
  4499     069C                     u931:
  4500     069C  2EA2               	goto	l2193
  4501     069D                     u930:
  4502     069D                     l2191:
  4503                           
  4504                           ;func_ws2811.c: 219:     Streamer_SEG2_ON(255);
  4505     069D  30FF               	movlw	255
  4506     069E  3185  255E  3186   	fcall	_Streamer_SEG2_ON
  4507                           
  4508                           ;func_ws2811.c: 220:   } else {
  4509     06A1  2EA5               	goto	l2195
  4510     06A2                     l2193:
  4511                           
  4512                           ;func_ws2811.c: 221:     Color_OFF();
  4513     06A2  3183  2377  3186   	fcall	_Color_OFF
  4514     06A5                     l2195:
  4515                           
  4516                           ;func_ws2811.c: 224:   T1MS_cnt = 0;
  4517     06A5  0020               	movlb	0	; select bank0
  4518     06A6  01A4               	clrf	_T1MS_cnt
  4519     06A7  01A5               	clrf	_T1MS_cnt+1
  4520                           
  4521                           ;func_ws2811.c: 225:   while (T1MS_cnt < (250)) {
  4522     06A8  2EB5               	goto	l2203
  4523     06A9                     l2197:
  4524                           
  4525                           ;func_ws2811.c: 226:     Timer();
  4526     06A9  3185  25DD  3186   	fcall	_Timer
  4527     06AC                     l2199:
  4528                           
  4529                           ;func_ws2811.c: 227:     if (ORB.fTurn) {
  4530     06AC  0020               	movlb	0	; select bank0
  4531     06AD  1C29               	btfss	_ORB,0
  4532     06AE  2EB0               	goto	u941
  4533     06AF  2EB1               	goto	u940
  4534     06B0                     u941:
  4535     06B0  2EB5               	goto	l2203
  4536     06B1                     u940:
  4537     06B1                     l2201:
  4538                           
  4539                           ;func_ws2811.c: 228:       Color_OFF();
  4540     06B1  3183  2377  3186   	fcall	_Color_OFF
  4541                           
  4542                           ;func_ws2811.c: 229:       break;
  4543     06B4  2EBE               	goto	l398
  4544     06B5                     l2203:
  4545                           
  4546                           ;func_ws2811.c: 225:   while (T1MS_cnt < (250)) {
  4547     06B5  3000               	movlw	0
  4548     06B6  0225               	subwf	_T1MS_cnt+1,w
  4549     06B7  30FA               	movlw	250
  4550     06B8  1903               	skipnz
  4551     06B9  0224               	subwf	_T1MS_cnt,w
  4552     06BA  1C03               	skipc
  4553     06BB  2EBD               	goto	u951
  4554     06BC  2EBE               	goto	u950
  4555     06BD                     u951:
  4556     06BD  2EA9               	goto	l2197
  4557     06BE                     u950:
  4558     06BE                     l398:
  4559                           
  4560                           ;func_ws2811.c: 233:   if (!ORB.fTurn) {
  4561     06BE  0020               	movlb	0	; select bank0
  4562     06BF  1829               	btfsc	_ORB,0
  4563     06C0  2EC2               	goto	u961
  4564     06C1  2EC3               	goto	u960
  4565     06C2                     u961:
  4566     06C2  2EC8               	goto	l2207
  4567     06C3                     u960:
  4568     06C3                     l2205:
  4569                           
  4570                           ;func_ws2811.c: 234:     LED_SET_Gradually_ON(255);
  4571     06C3  30FF               	movlw	255
  4572     06C4  3184  24B5  3186   	fcall	_LED_SET_Gradually_ON
  4573                           
  4574                           ;func_ws2811.c: 235:   } else {
  4575     06C7  2ECB               	goto	l400
  4576     06C8                     l2207:
  4577                           
  4578                           ;func_ws2811.c: 236:     Color_OFF();
  4579     06C8  3183  2377  3186   	fcall	_Color_OFF
  4580     06CB                     l400:	
  4581                           ;func_ws2811.c: 237:   }
  4582                           
  4583                           
  4584                           ;func_ws2811.c: 239:   Color_OFF();
  4585     06CB  3183  2377  3186   	fcall	_Color_OFF
  4586     06CE                     l2209:
  4587                           
  4588                           ;func_ws2811.c: 242:   if (!ORB.fTurn) {
  4589     06CE  0020               	movlb	0	; select bank0
  4590     06CF  1829               	btfsc	_ORB,0
  4591     06D0  2ED2               	goto	u971
  4592     06D1  2ED3               	goto	u970
  4593     06D2                     u971:
  4594     06D2  2EDB               	goto	l2215
  4595     06D3                     u970:
  4596     06D3                     l2211:
  4597                           
  4598                           ;func_ws2811.c: 243:     Color_White();
  4599     06D3  3183  237F  3186   	fcall	_Color_White
  4600     06D6                     l2213:
  4601                           
  4602                           ;func_ws2811.c: 244:     LED_ON(255);
  4603     06D6  30FF               	movlw	255
  4604     06D7  3183  23EA  3186   	fcall	_LED_ON
  4605                           
  4606                           ;func_ws2811.c: 245:   } else {
  4607     06DA  2EF3               	goto	l2227
  4608     06DB                     l2215:
  4609                           
  4610                           ;func_ws2811.c: 246:     Color_OFF();
  4611     06DB  3183  2377  3186   	fcall	_Color_OFF
  4612     06DE  2EF3               	goto	l2227
  4613     06DF                     l2217:
  4614                           
  4615                           ;func_ws2811.c: 251:     Timer();
  4616     06DF  3185  25DD  3186   	fcall	_Timer
  4617     06E2                     l2219:
  4618                           
  4619                           ;func_ws2811.c: 252:     if (ORB.fTurn || ORB.fDRL || ORB.fPOS) {
  4620     06E2  0020               	movlb	0	; select bank0
  4621     06E3  1829               	btfsc	_ORB,0
  4622     06E4  2EE6               	goto	u981
  4623     06E5  2EE7               	goto	u980
  4624     06E6                     u981:
  4625     06E6  2EEF               	goto	l2225
  4626     06E7                     u980:
  4627     06E7                     l2221:
  4628     06E7  1929               	btfsc	_ORB,2
  4629     06E8  2EEA               	goto	u991
  4630     06E9  2EEB               	goto	u990
  4631     06EA                     u991:
  4632     06EA  2EEF               	goto	l2225
  4633     06EB                     u990:
  4634     06EB                     l2223:
  4635     06EB  1CA9               	btfss	_ORB,1
  4636     06EC  2EEE               	goto	u1001
  4637     06ED  2EEF               	goto	u1000
  4638     06EE                     u1001:
  4639     06EE  2EF3               	goto	l2227
  4640     06EF                     u1000:
  4641     06EF                     l2225:
  4642                           
  4643                           ;func_ws2811.c: 253:       Color_OFF();
  4644     06EF  3183  2377  3186   	fcall	_Color_OFF
  4645                           
  4646                           ;func_ws2811.c: 254:       break;
  4647     06F2  2EFD               	goto	l2229
  4648     06F3                     l2227:
  4649                           
  4650                           ;func_ws2811.c: 250:   while (T1MS_welcome_cnt < (15000U)) {
  4651     06F3  303A               	movlw	58
  4652     06F4  0020               	movlb	0	; select bank0
  4653     06F5  0223               	subwf	_T1MS_welcome_cnt+1,w
  4654     06F6  3098               	movlw	152
  4655     06F7  1903               	skipnz
  4656     06F8  0222               	subwf	_T1MS_welcome_cnt,w
  4657     06F9  1C03               	skipc
  4658     06FA  2EFC               	goto	u1011
  4659     06FB  2EFD               	goto	u1010
  4660     06FC                     u1011:
  4661     06FC  2EDF               	goto	l2217
  4662     06FD                     u1010:
  4663     06FD                     l2229:
  4664                           
  4665                           ;func_ws2811.c: 258:   Color_OFF();
  4666     06FD  3183  2377  3186   	fcall	_Color_OFF
  4667     0700                     l2231:
  4668                           
  4669                           ;func_ws2811.c: 259:   T1MS_disable_cnt = 600;
  4670     0700  3058               	movlw	88
  4671     0701  0020               	movlb	0	; select bank0
  4672     0702  00A0               	movwf	_T1MS_disable_cnt
  4673     0703  3002               	movlw	2
  4674     0704  00A1               	movwf	_T1MS_disable_cnt+1
  4675     0705                     l409:
  4676     0705  0008               	return
  4677     0706                     __end_of_WelcomeLight_ON:
  4678                           
  4679                           	psect	text29
  4680     055E                     __ptext29:	
  4681 ;; *************** function _Streamer_SEG2_ON *****************
  4682 ;; Defined at:
  4683 ;;		line 117 in file "func_ws2811.c"
  4684 ;; Parameters:    Size  Location     Type
  4685 ;;  InputData       1    wreg     unsigned char 
  4686 ;; Auto vars:     Size  Location     Type
  4687 ;;  InputData       1   10[COMMON] unsigned char 
  4688 ;;  j               1   13[COMMON] unsigned char 
  4689 ;;  num             1   12[COMMON] unsigned char 
  4690 ;;  data            1   11[COMMON] unsigned char 
  4691 ;; Return value:  Size  Location     Type
  4692 ;;                  1    wreg      void 
  4693 ;; Registers used:
  4694 ;;		wreg, status,2, status,0, pclath, cstack
  4695 ;; Tracked objects:
  4696 ;;		On entry : 0/0
  4697 ;;		On exit  : 0/0
  4698 ;;		Unchanged: 0/0
  4699 ;; Data sizes:     COMMON   BANK0   BANK1   BANK2   BANK3   BANK4   BANK5   BANK6
  4700 ;;      Params:         0       0       0       0       0       0       0       0
  4701 ;;      Locals:         4       0       0       0       0       0       0       0
  4702 ;;      Temps:          1       0       0       0       0       0       0       0
  4703 ;;      Totals:         5       0       0       0       0       0       0       0
  4704 ;;Total ram usage:        5 bytes
  4705 ;; Hardware stack levels used: 1
  4706 ;; Hardware stack levels required when called: 2
  4707 ;; This function calls:
  4708 ;;		_Color_OFF
  4709 ;;		_LED_SET
  4710 ;;		_Timer
  4711 ;; This function is called by:
  4712 ;;		_WelcomeLight_ON
  4713 ;; This function uses a non-reentrant model
  4714 ;;
  4715                           
  4716     055E                     _Streamer_SEG2_ON:	
  4717                           ;psect for function _Streamer_SEG2_ON
  4718                           
  4719                           
  4720                           ;incstack = 0
  4721                           ; Regs used in _Streamer_SEG2_ON: [wreg+status,2+status,0+pclath+cstack]
  4722                           ;Streamer_SEG2_ON@InputData stored from wreg
  4723     055E  00FA               	movwf	Streamer_SEG2_ON@InputData
  4724     055F                     l1917:
  4725                           
  4726                           ;func_ws2811.c: 118:   uint8_t data = InputData;
  4727     055F  087A               	movf	Streamer_SEG2_ON@InputData,w
  4728     0560  00FB               	movwf	Streamer_SEG2_ON@data
  4729     0561                     l1919:
  4730                           
  4731                           ;func_ws2811.c: 119:   uint8_t num = 0;
  4732     0561  01FC               	clrf	Streamer_SEG2_ON@num
  4733     0562                     l1921:
  4734                           
  4735                           ;func_ws2811.c: 122:   for (uint8_t j = 0; j < (2 * 3); j++) {
  4736     0562  01FD               	clrf	Streamer_SEG2_ON@j
  4737     0563                     l1925:
  4738                           
  4739                           ;func_ws2811.c: 124:     LED_SET((4 * 3), 0x00);
  4740     0563  01F3               	clrf	LED_SET@InputData
  4741     0564  300C               	movlw	12
  4742     0565  3184  245E  3185   	fcall	_LED_SET
  4743     0568                     l1927:
  4744                           
  4745                           ;func_ws2811.c: 126:     num++;
  4746     0568  3001               	movlw	1
  4747     0569  00F9               	movwf	??_Streamer_SEG2_ON
  4748     056A  0879               	movf	??_Streamer_SEG2_ON,w
  4749     056B  07FC               	addwf	Streamer_SEG2_ON@num,f
  4750     056C                     l1929:
  4751                           
  4752                           ;func_ws2811.c: 127:     LED_SET(num, data);
  4753     056C  087B               	movf	Streamer_SEG2_ON@data,w
  4754     056D  00F3               	movwf	LED_SET@InputData
  4755     056E  087C               	movf	Streamer_SEG2_ON@num,w
  4756     056F  3184  245E  3185   	fcall	_LED_SET
  4757     0572                     l1931:
  4758                           
  4759                           ;func_ws2811.c: 128:     LED_SET((2 * 3) - num, 0x00);
  4760     0572  01F3               	clrf	LED_SET@InputData
  4761     0573  087C               	movf	Streamer_SEG2_ON@num,w
  4762     0574  3C06               	sublw	6
  4763     0575  3184  245E  3185   	fcall	_LED_SET
  4764     0578                     l1933:
  4765                           
  4766                           ;func_ws2811.c: 131:     T1MS_cnt = 0;
  4767     0578  0020               	movlb	0	; select bank0
  4768     0579  01A4               	clrf	_T1MS_cnt
  4769     057A  01A5               	clrf	_T1MS_cnt+1
  4770                           
  4771                           ;func_ws2811.c: 132:     while (T1MS_cnt < 75) {
  4772     057B  2D88               	goto	l1941
  4773     057C                     l1935:
  4774                           
  4775                           ;func_ws2811.c: 134:       Timer();
  4776     057C  3185  25DD  3185   	fcall	_Timer
  4777     057F                     l1937:
  4778                           
  4779                           ;func_ws2811.c: 135:       if (ORB.fTurn) {
  4780     057F  0020               	movlb	0	; select bank0
  4781     0580  1C29               	btfss	_ORB,0
  4782     0581  2D83               	goto	u581
  4783     0582  2D84               	goto	u580
  4784     0583                     u581:
  4785     0583  2D88               	goto	l1941
  4786     0584                     u580:
  4787     0584                     l1939:
  4788                           
  4789                           ;func_ws2811.c: 136:         Color_OFF();
  4790     0584  3183  2377  3185   	fcall	_Color_OFF
  4791                           
  4792                           ;func_ws2811.c: 137:         break;
  4793     0587  2D91               	goto	l1943
  4794     0588                     l1941:
  4795                           
  4796                           ;func_ws2811.c: 132:     while (T1MS_cnt < 75) {
  4797     0588  3000               	movlw	0
  4798     0589  0225               	subwf	_T1MS_cnt+1,w
  4799     058A  304B               	movlw	75
  4800     058B  1903               	skipnz
  4801     058C  0224               	subwf	_T1MS_cnt,w
  4802     058D  1C03               	skipc
  4803     058E  2D90               	goto	u591
  4804     058F  2D91               	goto	u590
  4805     0590                     u591:
  4806     0590  2D7C               	goto	l1935
  4807     0591                     u590:
  4808     0591                     l1943:
  4809                           
  4810                           ;func_ws2811.c: 140:   }
  4811     0591  3001               	movlw	1
  4812     0592  00F9               	movwf	??_Streamer_SEG2_ON
  4813     0593  0879               	movf	??_Streamer_SEG2_ON,w
  4814     0594  07FD               	addwf	Streamer_SEG2_ON@j,f
  4815     0595                     l1945:
  4816     0595  3006               	movlw	6
  4817     0596  027D               	subwf	Streamer_SEG2_ON@j,w
  4818     0597  1C03               	skipc
  4819     0598  2D9A               	goto	u601
  4820     0599  2D9B               	goto	u600
  4821     059A                     u601:
  4822     059A  2D63               	goto	l1925
  4823     059B                     u600:
  4824     059B                     l369:
  4825     059B  0008               	return
  4826     059C                     __end_of_Streamer_SEG2_ON:
  4827                           
  4828                           	psect	text30
  4829     0520                     __ptext30:	
  4830 ;; *************** function _Streamer_SEG1_ON *****************
  4831 ;; Defined at:
  4832 ;;		line 47 in file "func_ws2811.c"
  4833 ;; Parameters:    Size  Location     Type
  4834 ;;  InputData       1    wreg     unsigned char 
  4835 ;; Auto vars:     Size  Location     Type
  4836 ;;  InputData       1   10[COMMON] unsigned char 
  4837 ;;  j               1   13[COMMON] unsigned char 
  4838 ;;  num             1   12[COMMON] unsigned char 
  4839 ;;  data            1   11[COMMON] unsigned char 
  4840 ;; Return value:  Size  Location     Type
  4841 ;;                  1    wreg      void 
  4842 ;; Registers used:
  4843 ;;		wreg, status,2, status,0, pclath, cstack
  4844 ;; Tracked objects:
  4845 ;;		On entry : 0/0
  4846 ;;		On exit  : 0/0
  4847 ;;		Unchanged: 0/0
  4848 ;; Data sizes:     COMMON   BANK0   BANK1   BANK2   BANK3   BANK4   BANK5   BANK6
  4849 ;;      Params:         0       0       0       0       0       0       0       0
  4850 ;;      Locals:         4       0       0       0       0       0       0       0
  4851 ;;      Temps:          1       0       0       0       0       0       0       0
  4852 ;;      Totals:         5       0       0       0       0       0       0       0
  4853 ;;Total ram usage:        5 bytes
  4854 ;; Hardware stack levels used: 1
  4855 ;; Hardware stack levels required when called: 2
  4856 ;; This function calls:
  4857 ;;		_Color_OFF
  4858 ;;		_LED_SET
  4859 ;;		_Timer
  4860 ;; This function is called by:
  4861 ;;		_WelcomeLight_ON
  4862 ;; This function uses a non-reentrant model
  4863 ;;
  4864                           
  4865     0520                     _Streamer_SEG1_ON:	
  4866                           ;psect for function _Streamer_SEG1_ON
  4867                           
  4868                           
  4869                           ;incstack = 0
  4870                           ; Regs used in _Streamer_SEG1_ON: [wreg+status,2+status,0+pclath+cstack]
  4871                           ;Streamer_SEG1_ON@InputData stored from wreg
  4872     0520  00FA               	movwf	Streamer_SEG1_ON@InputData
  4873     0521                     l1857:
  4874                           
  4875                           ;func_ws2811.c: 48:   uint8_t data = InputData;
  4876     0521  087A               	movf	Streamer_SEG1_ON@InputData,w
  4877     0522  00FB               	movwf	Streamer_SEG1_ON@data
  4878     0523                     l1859:
  4879                           
  4880                           ;func_ws2811.c: 49:   uint8_t num = 0;
  4881     0523  01FC               	clrf	Streamer_SEG1_ON@num
  4882     0524                     l1861:
  4883                           
  4884                           ;func_ws2811.c: 52:   for (uint8_t j = 0; j < (4 * 3); j++) {
  4885     0524  01FD               	clrf	Streamer_SEG1_ON@j
  4886     0525                     l1865:
  4887                           
  4888                           ;func_ws2811.c: 53:     num += 1;
  4889     0525  3001               	movlw	1
  4890     0526  00F9               	movwf	??_Streamer_SEG1_ON
  4891     0527  0879               	movf	??_Streamer_SEG1_ON,w
  4892     0528  07FC               	addwf	Streamer_SEG1_ON@num,f
  4893     0529                     l1867:
  4894                           
  4895                           ;func_ws2811.c: 55:     LED_SET(num, data);
  4896     0529  087B               	movf	Streamer_SEG1_ON@data,w
  4897     052A  00F3               	movwf	LED_SET@InputData
  4898     052B  087C               	movf	Streamer_SEG1_ON@num,w
  4899     052C  3184  245E  3185   	fcall	_LED_SET
  4900     052F                     l1869:
  4901                           
  4902                           ;func_ws2811.c: 56:     LED_SET((4 * 3) - num, 0x00);
  4903     052F  01F3               	clrf	LED_SET@InputData
  4904     0530  087C               	movf	Streamer_SEG1_ON@num,w
  4905     0531  3C0C               	sublw	12
  4906     0532  3184  245E  3185   	fcall	_LED_SET
  4907     0535                     l1871:
  4908                           
  4909                           ;func_ws2811.c: 58:     LED_SET((2 * 3), 0x00);
  4910     0535  01F3               	clrf	LED_SET@InputData
  4911     0536  3006               	movlw	6
  4912     0537  3184  245E  3185   	fcall	_LED_SET
  4913     053A                     l1873:
  4914                           
  4915                           ;func_ws2811.c: 61:     T1MS_cnt = 0;
  4916     053A  0020               	movlb	0	; select bank0
  4917     053B  01A4               	clrf	_T1MS_cnt
  4918     053C  01A5               	clrf	_T1MS_cnt+1
  4919                           
  4920                           ;func_ws2811.c: 62:     while (T1MS_cnt < 75) {
  4921     053D  2D4A               	goto	l1881
  4922     053E                     l1875:
  4923                           
  4924                           ;func_ws2811.c: 64:       Timer();
  4925     053E  3185  25DD  3185   	fcall	_Timer
  4926     0541                     l1877:
  4927                           
  4928                           ;func_ws2811.c: 65:       if (ORB.fTurn) {
  4929     0541  0020               	movlb	0	; select bank0
  4930     0542  1C29               	btfss	_ORB,0
  4931     0543  2D45               	goto	u521
  4932     0544  2D46               	goto	u520
  4933     0545                     u521:
  4934     0545  2D4A               	goto	l1881
  4935     0546                     u520:
  4936     0546                     l1879:
  4937                           
  4938                           ;func_ws2811.c: 66:         Color_OFF();
  4939     0546  3183  2377  3185   	fcall	_Color_OFF
  4940                           
  4941                           ;func_ws2811.c: 67:         break;
  4942     0549  2D53               	goto	l1883
  4943     054A                     l1881:
  4944                           
  4945                           ;func_ws2811.c: 62:     while (T1MS_cnt < 75) {
  4946     054A  3000               	movlw	0
  4947     054B  0225               	subwf	_T1MS_cnt+1,w
  4948     054C  304B               	movlw	75
  4949     054D  1903               	skipnz
  4950     054E  0224               	subwf	_T1MS_cnt,w
  4951     054F  1C03               	skipc
  4952     0550  2D52               	goto	u531
  4953     0551  2D53               	goto	u530
  4954     0552                     u531:
  4955     0552  2D3E               	goto	l1875
  4956     0553                     u530:
  4957     0553                     l1883:
  4958                           
  4959                           ;func_ws2811.c: 70:   }
  4960     0553  3001               	movlw	1
  4961     0554  00F9               	movwf	??_Streamer_SEG1_ON
  4962     0555  0879               	movf	??_Streamer_SEG1_ON,w
  4963     0556  07FD               	addwf	Streamer_SEG1_ON@j,f
  4964     0557                     l1885:
  4965     0557  300C               	movlw	12
  4966     0558  027D               	subwf	Streamer_SEG1_ON@j,w
  4967     0559  1C03               	skipc
  4968     055A  2D5C               	goto	u541
  4969     055B  2D5D               	goto	u540
  4970     055C                     u541:
  4971     055C  2D25               	goto	l1865
  4972     055D                     u540:
  4973     055D                     l351:
  4974     055D  0008               	return
  4975     055E                     __end_of_Streamer_SEG1_ON:
  4976                           
  4977                           	psect	text31
  4978     04E2                     __ptext31:	
  4979 ;; *************** function _Streamer_SEG1_OFF *****************
  4980 ;; Defined at:
  4981 ;;		line 90 in file "func_ws2811.c"
  4982 ;; Parameters:    Size  Location     Type
  4983 ;;  InputData       1    wreg     unsigned char 
  4984 ;; Auto vars:     Size  Location     Type
  4985 ;;  InputData       1   10[COMMON] unsigned char 
  4986 ;;  j               1   13[COMMON] unsigned char 
  4987 ;;  num             1   12[COMMON] unsigned char 
  4988 ;;  data            1   11[COMMON] unsigned char 
  4989 ;; Return value:  Size  Location     Type
  4990 ;;                  1    wreg      void 
  4991 ;; Registers used:
  4992 ;;		wreg, status,2, status,0, pclath, cstack
  4993 ;; Tracked objects:
  4994 ;;		On entry : 0/0
  4995 ;;		On exit  : 0/0
  4996 ;;		Unchanged: 0/0
  4997 ;; Data sizes:     COMMON   BANK0   BANK1   BANK2   BANK3   BANK4   BANK5   BANK6
  4998 ;;      Params:         0       0       0       0       0       0       0       0
  4999 ;;      Locals:         4       0       0       0       0       0       0       0
  5000 ;;      Temps:          1       0       0       0       0       0       0       0
  5001 ;;      Totals:         5       0       0       0       0       0       0       0
  5002 ;;Total ram usage:        5 bytes
  5003 ;; Hardware stack levels used: 1
  5004 ;; Hardware stack levels required when called: 2
  5005 ;; This function calls:
  5006 ;;		_Color_OFF
  5007 ;;		_LED_SET
  5008 ;;		_Timer
  5009 ;; This function is called by:
  5010 ;;		_WelcomeLight_ON
  5011 ;; This function uses a non-reentrant model
  5012 ;;
  5013                           
  5014     04E2                     _Streamer_SEG1_OFF:	
  5015                           ;psect for function _Streamer_SEG1_OFF
  5016                           
  5017                           
  5018                           ;incstack = 0
  5019                           ; Regs used in _Streamer_SEG1_OFF: [wreg+status,2+status,0+pclath+cstack]
  5020                           ;Streamer_SEG1_OFF@InputData stored from wreg
  5021     04E2  00FA               	movwf	Streamer_SEG1_OFF@InputData
  5022     04E3                     l1887:
  5023                           
  5024                           ;func_ws2811.c: 91:   uint8_t data = InputData;
  5025     04E3  087A               	movf	Streamer_SEG1_OFF@InputData,w
  5026     04E4  00FB               	movwf	Streamer_SEG1_OFF@data
  5027     04E5                     l1889:
  5028                           
  5029                           ;func_ws2811.c: 92:   uint8_t num = 0;
  5030     04E5  01FC               	clrf	Streamer_SEG1_OFF@num
  5031     04E6                     l1891:
  5032                           
  5033                           ;func_ws2811.c: 95:   for (uint8_t j = 0; j < (4 * 3); j++) {
  5034     04E6  01FD               	clrf	Streamer_SEG1_OFF@j
  5035     04E7                     l1895:
  5036                           
  5037                           ;func_ws2811.c: 96:     num++;
  5038     04E7  3001               	movlw	1
  5039     04E8  00F9               	movwf	??_Streamer_SEG1_OFF
  5040     04E9  0879               	movf	??_Streamer_SEG1_OFF,w
  5041     04EA  07FC               	addwf	Streamer_SEG1_OFF@num,f
  5042     04EB                     l1897:
  5043                           
  5044                           ;func_ws2811.c: 98:     LED_SET((4 * 3) - num, data);
  5045     04EB  087B               	movf	Streamer_SEG1_OFF@data,w
  5046     04EC  00F3               	movwf	LED_SET@InputData
  5047     04ED  087C               	movf	Streamer_SEG1_OFF@num,w
  5048     04EE  3C0C               	sublw	12
  5049     04EF  3184  245E  3184   	fcall	_LED_SET
  5050     04F2                     l1899:
  5051                           
  5052                           ;func_ws2811.c: 99:     LED_SET(num, 0x00);
  5053     04F2  01F3               	clrf	LED_SET@InputData
  5054     04F3  087C               	movf	Streamer_SEG1_OFF@num,w
  5055     04F4  3184  245E  3184   	fcall	_LED_SET
  5056     04F7                     l1901:
  5057                           
  5058                           ;func_ws2811.c: 101:     LED_SET((2 * 3), 0x00);
  5059     04F7  01F3               	clrf	LED_SET@InputData
  5060     04F8  3006               	movlw	6
  5061     04F9  3184  245E  3184   	fcall	_LED_SET
  5062     04FC                     l1903:
  5063                           
  5064                           ;func_ws2811.c: 104:     T1MS_cnt = 0;
  5065     04FC  0020               	movlb	0	; select bank0
  5066     04FD  01A4               	clrf	_T1MS_cnt
  5067     04FE  01A5               	clrf	_T1MS_cnt+1
  5068                           
  5069                           ;func_ws2811.c: 105:     while (T1MS_cnt < 75) {
  5070     04FF  2D0C               	goto	l1911
  5071     0500                     l1905:
  5072                           
  5073                           ;func_ws2811.c: 107:       Timer();
  5074     0500  3185  25DD  3184   	fcall	_Timer
  5075     0503                     l1907:
  5076                           
  5077                           ;func_ws2811.c: 108:       if (ORB.fTurn) {
  5078     0503  0020               	movlb	0	; select bank0
  5079     0504  1C29               	btfss	_ORB,0
  5080     0505  2D07               	goto	u551
  5081     0506  2D08               	goto	u550
  5082     0507                     u551:
  5083     0507  2D0C               	goto	l1911
  5084     0508                     u550:
  5085     0508                     l1909:
  5086                           
  5087                           ;func_ws2811.c: 109:         Color_OFF();
  5088     0508  3183  2377  3184   	fcall	_Color_OFF
  5089                           
  5090                           ;func_ws2811.c: 110:         break;
  5091     050B  2D15               	goto	l1913
  5092     050C                     l1911:
  5093                           
  5094                           ;func_ws2811.c: 105:     while (T1MS_cnt < 75) {
  5095     050C  3000               	movlw	0
  5096     050D  0225               	subwf	_T1MS_cnt+1,w
  5097     050E  304B               	movlw	75
  5098     050F  1903               	skipnz
  5099     0510  0224               	subwf	_T1MS_cnt,w
  5100     0511  1C03               	skipc
  5101     0512  2D14               	goto	u561
  5102     0513  2D15               	goto	u560
  5103     0514                     u561:
  5104     0514  2D00               	goto	l1905
  5105     0515                     u560:
  5106     0515                     l1913:
  5107                           
  5108                           ;func_ws2811.c: 113:   }
  5109     0515  3001               	movlw	1
  5110     0516  00F9               	movwf	??_Streamer_SEG1_OFF
  5111     0517  0879               	movf	??_Streamer_SEG1_OFF,w
  5112     0518  07FD               	addwf	Streamer_SEG1_OFF@j,f
  5113     0519                     l1915:
  5114     0519  300C               	movlw	12
  5115     051A  027D               	subwf	Streamer_SEG1_OFF@j,w
  5116     051B  1C03               	skipc
  5117     051C  2D1E               	goto	u571
  5118     051D  2D1F               	goto	u570
  5119     051E                     u571:
  5120     051E  2CE7               	goto	l1895
  5121     051F                     u570:
  5122     051F                     l360:
  5123     051F  0008               	return
  5124     0520                     __end_of_Streamer_SEG1_OFF:
  5125                           
  5126                           	psect	text32
  5127     04B5                     __ptext32:	
  5128 ;; *************** function _LED_SET_Gradually_ON *****************
  5129 ;; Defined at:
  5130 ;;		line 145 in file "func_ws2811.c"
  5131 ;; Parameters:    Size  Location     Type
  5132 ;;  InputData       1    wreg     unsigned char 
  5133 ;; Auto vars:     Size  Location     Type
  5134 ;;  InputData       1   10[COMMON] unsigned char 
  5135 ;;  j               1   11[COMMON] unsigned char 
  5136 ;;  data            1    0        unsigned char 
  5137 ;; Return value:  Size  Location     Type
  5138 ;;                  1    wreg      void 
  5139 ;; Registers used:
  5140 ;;		wreg, status,2, status,0, pclath, cstack
  5141 ;; Tracked objects:
  5142 ;;		On entry : 0/0
  5143 ;;		On exit  : 0/0
  5144 ;;		Unchanged: 0/0
  5145 ;; Data sizes:     COMMON   BANK0   BANK1   BANK2   BANK3   BANK4   BANK5   BANK6
  5146 ;;      Params:         0       0       0       0       0       0       0       0
  5147 ;;      Locals:         2       0       0       0       0       0       0       0
  5148 ;;      Temps:          1       0       0       0       0       0       0       0
  5149 ;;      Totals:         3       0       0       0       0       0       0       0
  5150 ;;Total ram usage:        3 bytes
  5151 ;; Hardware stack levels used: 1
  5152 ;; Hardware stack levels required when called: 2
  5153 ;; This function calls:
  5154 ;;		_Color_OFF
  5155 ;;		_LED_SET
  5156 ;;		_Timer
  5157 ;; This function is called by:
  5158 ;;		_WelcomeLight_ON
  5159 ;; This function uses a non-reentrant model
  5160 ;;
  5161                           
  5162     04B5                     _LED_SET_Gradually_ON:	
  5163                           ;psect for function _LED_SET_Gradually_ON
  5164                           
  5165                           
  5166                           ;incstack = 0
  5167                           ; Regs used in _LED_SET_Gradually_ON: [wreg+status,2+status,0+pclath+cstack]
  5168                           ;LED_SET_Gradually_ON@InputData stored from wreg
  5169     04B5  00FA               	movwf	LED_SET_Gradually_ON@InputData
  5170     04B6                     l1947:
  5171     04B6                     l1949:
  5172                           
  5173                           ;func_ws2811.c: 148:   for (uint8_t j = 1; j < 255; j++) {
  5174     04B6  01FB               	clrf	LED_SET_Gradually_ON@j
  5175     04B7  0AFB               	incf	LED_SET_Gradually_ON@j,f
  5176     04B8                     l372:
  5177                           
  5178                           ;func_ws2811.c: 149:     if (ORB.fTurn) {
  5179     04B8  0020               	movlb	0	; select bank0
  5180     04B9  1C29               	btfss	_ORB,0
  5181     04BA  2CBC               	goto	u611
  5182     04BB  2CBD               	goto	u610
  5183     04BC                     u611:
  5184     04BC  2CC1               	goto	l1957
  5185     04BD                     u610:
  5186     04BD                     l1955:
  5187                           
  5188                           ;func_ws2811.c: 150:       Color_OFF();
  5189     04BD  3183  2377  3184   	fcall	_Color_OFF
  5190                           
  5191                           ;func_ws2811.c: 151:       break;
  5192     04C0  2CE1               	goto	l378
  5193     04C1                     l1957:
  5194                           
  5195                           ;func_ws2811.c: 153:     LED_SET(((4 * 3) + (2 * 3)), j);
  5196     04C1  087B               	movf	LED_SET_Gradually_ON@j,w
  5197     04C2  00F3               	movwf	LED_SET@InputData
  5198     04C3  3012               	movlw	18
  5199     04C4  3184  245E  3184   	fcall	_LED_SET
  5200     04C7                     l1959:
  5201                           
  5202                           ;func_ws2811.c: 155:     T1MS_cnt = 0;
  5203     04C7  0020               	movlb	0	; select bank0
  5204     04C8  01A4               	clrf	_T1MS_cnt
  5205     04C9  01A5               	clrf	_T1MS_cnt+1
  5206                           
  5207                           ;func_ws2811.c: 156:     while (T1MS_cnt < (12)) {
  5208     04CA  2CCE               	goto	l1963
  5209     04CB                     l1961:
  5210                           
  5211                           ;func_ws2811.c: 157:       Timer();
  5212     04CB  3185  25DD  3184   	fcall	_Timer
  5213     04CE                     l1963:
  5214                           
  5215                           ;func_ws2811.c: 156:     while (T1MS_cnt < (12)) {
  5216     04CE  3000               	movlw	0
  5217     04CF  0020               	movlb	0	; select bank0
  5218     04D0  0225               	subwf	_T1MS_cnt+1,w
  5219     04D1  300C               	movlw	12
  5220     04D2  1903               	skipnz
  5221     04D3  0224               	subwf	_T1MS_cnt,w
  5222     04D4  1C03               	skipc
  5223     04D5  2CD7               	goto	u621
  5224     04D6  2CD8               	goto	u620
  5225     04D7                     u621:
  5226     04D7  2CCB               	goto	l1961
  5227     04D8                     u620:
  5228     04D8                     l1965:
  5229                           
  5230                           ;func_ws2811.c: 159:   }
  5231     04D8  3001               	movlw	1
  5232     04D9  00F9               	movwf	??_LED_SET_Gradually_ON
  5233     04DA  0879               	movf	??_LED_SET_Gradually_ON,w
  5234     04DB  07FB               	addwf	LED_SET_Gradually_ON@j,f
  5235     04DC  0A7B               	incf	LED_SET_Gradually_ON@j,w
  5236     04DD  1D03               	btfss	3,2
  5237     04DE  2CE0               	goto	u631
  5238     04DF  2CE1               	goto	u630
  5239     04E0                     u631:
  5240     04E0  2CB8               	goto	l372
  5241     04E1                     u630:
  5242     04E1                     l378:
  5243     04E1  0008               	return
  5244     04E2                     __end_of_LED_SET_Gradually_ON:
  5245                           
  5246                           	psect	text33
  5247     037F                     __ptext33:	
  5248 ;; *************** function _Color_White *****************
  5249 ;; Defined at:
  5250 ;;		line 74 in file "gpio.c"
  5251 ;; Parameters:    Size  Location     Type
  5252 ;;		None
  5253 ;; Auto vars:     Size  Location     Type
  5254 ;;		None
  5255 ;; Return value:  Size  Location     Type
  5256 ;;                  1    wreg      void 
  5257 ;; Registers used:
  5258 ;;		None
  5259 ;; Tracked objects:
  5260 ;;		On entry : 0/0
  5261 ;;		On exit  : 0/0
  5262 ;;		Unchanged: 0/0
  5263 ;; Data sizes:     COMMON   BANK0   BANK1   BANK2   BANK3   BANK4   BANK5   BANK6
  5264 ;;      Params:         0       0       0       0       0       0       0       0
  5265 ;;      Locals:         0       0       0       0       0       0       0       0
  5266 ;;      Temps:          0       0       0       0       0       0       0       0
  5267 ;;      Totals:         0       0       0       0       0       0       0       0
  5268 ;;Total ram usage:        0 bytes
  5269 ;; Hardware stack levels used: 1
  5270 ;; This function calls:
  5271 ;;		Nothing
  5272 ;; This function is called by:
  5273 ;;		_WelcomeLight_ON
  5274 ;; This function uses a non-reentrant model
  5275 ;;
  5276                           
  5277     037F                     _Color_White:	
  5278                           ;psect for function _Color_White
  5279                           
  5280     037F                     l1967:	
  5281                           ;incstack = 0
  5282                           ; Regs used in _Color_White: []
  5283                           
  5284                           
  5285                           ;gpio.c: 75:     LATCbits.LATC5 = 0;
  5286     037F  0022               	movlb	2	; select bank2
  5287     0380  128E               	bcf	14,5	;volatile
  5288                           
  5289                           ;gpio.c: 76:     LATCbits.LATC4 = 1;
  5290     0381  160E               	bsf	14,4	;volatile
  5291     0382                     l471:
  5292     0382  0008               	return
  5293     0383                     __end_of_Color_White:
  5294                           
  5295                           	psect	text34
  5296     0706                     __ptext34:	
  5297 ;; *************** function _TrunLight *****************
  5298 ;; Defined at:
  5299 ;;		line 263 in file "func_ws2811.c"
  5300 ;; Parameters:    Size  Location     Type
  5301 ;;  InputData       1    wreg     unsigned char 
  5302 ;; Auto vars:     Size  Location     Type
  5303 ;;  InputData       1    0[BANK0 ] unsigned char 
  5304 ;;  j               1    1[BANK0 ] unsigned char 
  5305 ;;  seg2_num        1    4[BANK0 ] unsigned char 
  5306 ;;  seg1_num        1    3[BANK0 ] unsigned char 
  5307 ;;  data            1    2[BANK0 ] unsigned char 
  5308 ;; Return value:  Size  Location     Type
  5309 ;;                  1    wreg      void 
  5310 ;; Registers used:
  5311 ;;		wreg, status,2, status,0, pclath, cstack
  5312 ;; Tracked objects:
  5313 ;;		On entry : 0/0
  5314 ;;		On exit  : 0/0
  5315 ;;		Unchanged: 0/0
  5316 ;; Data sizes:     COMMON   BANK0   BANK1   BANK2   BANK3   BANK4   BANK5   BANK6
  5317 ;;      Params:         0       0       0       0       0       0       0       0
  5318 ;;      Locals:         0       5       0       0       0       0       0       0
  5319 ;;      Temps:          1       0       0       0       0       0       0       0
  5320 ;;      Totals:         1       5       0       0       0       0       0       0
  5321 ;;Total ram usage:        6 bytes
  5322 ;; Hardware stack levels used: 1
  5323 ;; Hardware stack levels required when called: 2
  5324 ;; This function calls:
  5325 ;;		_Color_OFF
  5326 ;;		_Color_Yellow
  5327 ;;		_LED_SET
  5328 ;;		_Timer
  5329 ;; This function is called by:
  5330 ;;		_Clear_No_Call_Warning
  5331 ;;		_func_main
  5332 ;; This function uses a non-reentrant model
  5333 ;;
  5334                           
  5335     0706                     _TrunLight:	
  5336                           ;psect for function _TrunLight
  5337                           
  5338                           
  5339                           ;incstack = 0
  5340                           ; Regs used in _TrunLight: [wreg+status,2+status,0+pclath+cstack]
  5341                           ;TrunLight@InputData stored from wreg
  5342     0706  0020               	movlb	0	; select bank0
  5343     0707  00AA               	movwf	TrunLight@InputData
  5344     0708                     l1761:
  5345                           
  5346                           ;func_ws2811.c: 264:   uint8_t data = InputData;
  5347     0708  082A               	movf	TrunLight@InputData,w
  5348     0709  00AC               	movwf	TrunLight@data
  5349     070A                     l1763:
  5350                           
  5351                           ;func_ws2811.c: 267:   uint8_t seg1_num = 0;
  5352     070A  01AD               	clrf	TrunLight@seg1_num
  5353     070B                     l1765:
  5354                           
  5355                           ;func_ws2811.c: 268:   uint8_t seg2_num = 1;
  5356     070B  01AE               	clrf	TrunLight@seg2_num
  5357     070C  0AAE               	incf	TrunLight@seg2_num,f
  5358     070D                     l1767:
  5359                           
  5360                           ;func_ws2811.c: 271:   T1MS_welcome_cnt = 0;
  5361     070D  01A2               	clrf	_T1MS_welcome_cnt
  5362     070E  01A3               	clrf	_T1MS_welcome_cnt+1
  5363     070F                     l1769:
  5364                           
  5365                           ;func_ws2811.c: 273:   Color_Yellow();
  5366     070F  3183  237B  3187   	fcall	_Color_Yellow
  5367     0712                     l1771:
  5368                           
  5369                           ;func_ws2811.c: 276:   if (ORB.fTurn) {
  5370     0712  0020               	movlb	0	; select bank0
  5371     0713  1C29               	btfss	_ORB,0
  5372     0714  2F16               	goto	u401
  5373     0715  2F17               	goto	u400
  5374     0716                     u401:
  5375     0716  2F4C               	goto	l412
  5376     0717                     u400:
  5377     0717                     l1773:
  5378                           
  5379                           ;func_ws2811.c: 277:     LED_SET(seg1_num, data);
  5380     0717  082C               	movf	TrunLight@data,w
  5381     0718  00F3               	movwf	LED_SET@InputData
  5382     0719  3000               	movlw	0
  5383     071A  3184  245E  3187   	fcall	_LED_SET
  5384                           
  5385                           ;func_ws2811.c: 278:     LED_SET((4 * 3) - seg1_num, 0x00);
  5386     071D  01F3               	clrf	LED_SET@InputData
  5387     071E  300C               	movlw	12
  5388     071F  3184  245E  3187   	fcall	_LED_SET
  5389                           
  5390                           ;func_ws2811.c: 279:     LED_SET(seg2_num, data);
  5391     0722  0020               	movlb	0	; select bank0
  5392     0723  082C               	movf	TrunLight@data,w
  5393     0724  00F3               	movwf	LED_SET@InputData
  5394     0725  3001               	movlw	1
  5395     0726  3184  245E  3187   	fcall	_LED_SET
  5396                           
  5397                           ;func_ws2811.c: 280:     LED_SET((2 * 3) - seg2_num, 0x00);
  5398     0729  01F3               	clrf	LED_SET@InputData
  5399     072A  3005               	movlw	5
  5400     072B  3184  245E  3187   	fcall	_LED_SET
  5401     072E                     l1775:
  5402                           
  5403                           ;func_ws2811.c: 282:     T1MS_cnt = 0;
  5404     072E  0020               	movlb	0	; select bank0
  5405     072F  01A4               	clrf	_T1MS_cnt
  5406     0730  01A5               	clrf	_T1MS_cnt+1
  5407                           
  5408                           ;func_ws2811.c: 283:     while (T1MS_cnt < (40)) {
  5409     0731  2F43               	goto	l1785
  5410     0732                     l1777:
  5411                           
  5412                           ;func_ws2811.c: 285:       Timer();
  5413     0732  3185  25DD  3187   	fcall	_Timer
  5414     0735                     l1779:
  5415                           
  5416                           ;func_ws2811.c: 286:       if (!ORB.fTurn) {
  5417     0735  0020               	movlb	0	; select bank0
  5418     0736  1829               	btfsc	_ORB,0
  5419     0737  2F39               	goto	u411
  5420     0738  2F3A               	goto	u410
  5421     0739                     u411:
  5422     0739  2F43               	goto	l1785
  5423     073A                     u410:
  5424     073A                     l1781:
  5425                           
  5426                           ;func_ws2811.c: 287:         Color_OFF();
  5427     073A  3183  2377  3187   	fcall	_Color_OFF
  5428     073D                     l1783:
  5429                           
  5430                           ;func_ws2811.c: 288:         T1MS_disable_cnt = 600;
  5431     073D  3058               	movlw	88
  5432     073E  0020               	movlb	0	; select bank0
  5433     073F  00A0               	movwf	_T1MS_disable_cnt
  5434     0740  3002               	movlw	2
  5435     0741  00A1               	movwf	_T1MS_disable_cnt+1
  5436                           
  5437                           ;func_ws2811.c: 289:         break;
  5438     0742  2F4C               	goto	l412
  5439     0743                     l1785:
  5440                           
  5441                           ;func_ws2811.c: 283:     while (T1MS_cnt < (40)) {
  5442     0743  3000               	movlw	0
  5443     0744  0225               	subwf	_T1MS_cnt+1,w
  5444     0745  3028               	movlw	40
  5445     0746  1903               	skipnz
  5446     0747  0224               	subwf	_T1MS_cnt,w
  5447     0748  1C03               	skipc
  5448     0749  2F4B               	goto	u421
  5449     074A  2F4C               	goto	u420
  5450     074B                     u421:
  5451     074B  2F32               	goto	l1777
  5452     074C                     u420:
  5453     074C                     l412:	
  5454                           ;func_ws2811.c: 292:   }
  5455                           
  5456                           
  5457                           ;func_ws2811.c: 295:   if (ORB.fTurn) {
  5458     074C  1C29               	btfss	_ORB,0
  5459     074D  2F4F               	goto	u431
  5460     074E  2F50               	goto	u430
  5461     074F                     u431:
  5462     074F  2F9C               	goto	l417
  5463     0750                     u430:
  5464     0750                     l1787:
  5465                           
  5466                           ;func_ws2811.c: 296:     for (uint8_t j = 0; j < (2 * 3) - 2; j++) {
  5467     0750  01AB               	clrf	TrunLight@j
  5468     0751                     l1793:
  5469                           
  5470                           ;func_ws2811.c: 297:       seg1_num++;
  5471     0751  3001               	movlw	1
  5472     0752  00F9               	movwf	??_TrunLight
  5473     0753  0879               	movf	??_TrunLight,w
  5474     0754  07AD               	addwf	TrunLight@seg1_num,f
  5475                           
  5476                           ;func_ws2811.c: 298:       seg2_num++;
  5477     0755  3001               	movlw	1
  5478     0756  00F9               	movwf	??_TrunLight
  5479     0757  0879               	movf	??_TrunLight,w
  5480     0758  07AE               	addwf	TrunLight@seg2_num,f
  5481     0759                     l1795:
  5482                           
  5483                           ;func_ws2811.c: 299:       LED_SET(seg1_num, data);
  5484     0759  082C               	movf	TrunLight@data,w
  5485     075A  00F3               	movwf	LED_SET@InputData
  5486     075B  082D               	movf	TrunLight@seg1_num,w
  5487     075C  3184  245E  3187   	fcall	_LED_SET
  5488     075F                     l1797:
  5489                           
  5490                           ;func_ws2811.c: 300:       LED_SET((4 * 3) - seg1_num, 0x00);
  5491     075F  01F3               	clrf	LED_SET@InputData
  5492     0760  0020               	movlb	0	; select bank0
  5493     0761  082D               	movf	TrunLight@seg1_num,w
  5494     0762  3C0C               	sublw	12
  5495     0763  3184  245E  3187   	fcall	_LED_SET
  5496     0766                     l1799:
  5497                           
  5498                           ;func_ws2811.c: 301:       LED_SET(seg2_num, data);
  5499     0766  0020               	movlb	0	; select bank0
  5500     0767  082C               	movf	TrunLight@data,w
  5501     0768  00F3               	movwf	LED_SET@InputData
  5502     0769  082E               	movf	TrunLight@seg2_num,w
  5503     076A  3184  245E  3187   	fcall	_LED_SET
  5504     076D                     l1801:
  5505                           
  5506                           ;func_ws2811.c: 302:       LED_SET((2 * 3) - seg2_num, 0x00);
  5507     076D  01F3               	clrf	LED_SET@InputData
  5508     076E  0020               	movlb	0	; select bank0
  5509     076F  082E               	movf	TrunLight@seg2_num,w
  5510     0770  3C06               	sublw	6
  5511     0771  3184  245E  3187   	fcall	_LED_SET
  5512     0774                     l1803:
  5513                           
  5514                           ;func_ws2811.c: 304:       T1MS_cnt = 0;
  5515     0774  0020               	movlb	0	; select bank0
  5516     0775  01A4               	clrf	_T1MS_cnt
  5517     0776  01A5               	clrf	_T1MS_cnt+1
  5518                           
  5519                           ;func_ws2811.c: 305:       while (T1MS_cnt < (40)) {
  5520     0777  2F89               	goto	l1813
  5521     0778                     l1805:
  5522                           
  5523                           ;func_ws2811.c: 307:         Timer();
  5524     0778  3185  25DD  3187   	fcall	_Timer
  5525     077B                     l1807:
  5526                           
  5527                           ;func_ws2811.c: 308:         if (!ORB.fTurn) {
  5528     077B  0020               	movlb	0	; select bank0
  5529     077C  1829               	btfsc	_ORB,0
  5530     077D  2F7F               	goto	u441
  5531     077E  2F80               	goto	u440
  5532     077F                     u441:
  5533     077F  2F89               	goto	l1813
  5534     0780                     u440:
  5535     0780                     l1809:
  5536                           
  5537                           ;func_ws2811.c: 309:           Color_OFF();
  5538     0780  3183  2377  3187   	fcall	_Color_OFF
  5539     0783                     l1811:
  5540                           
  5541                           ;func_ws2811.c: 310:           T1MS_disable_cnt = 600;
  5542     0783  3058               	movlw	88
  5543     0784  0020               	movlb	0	; select bank0
  5544     0785  00A0               	movwf	_T1MS_disable_cnt
  5545     0786  3002               	movlw	2
  5546     0787  00A1               	movwf	_T1MS_disable_cnt+1
  5547                           
  5548                           ;func_ws2811.c: 311:           break;
  5549     0788  2F92               	goto	l1815
  5550     0789                     l1813:
  5551                           
  5552                           ;func_ws2811.c: 305:       while (T1MS_cnt < (40)) {
  5553     0789  3000               	movlw	0
  5554     078A  0225               	subwf	_T1MS_cnt+1,w
  5555     078B  3028               	movlw	40
  5556     078C  1903               	skipnz
  5557     078D  0224               	subwf	_T1MS_cnt,w
  5558     078E  1C03               	skipc
  5559     078F  2F91               	goto	u451
  5560     0790  2F92               	goto	u450
  5561     0791                     u451:
  5562     0791  2F78               	goto	l1805
  5563     0792                     u450:
  5564     0792                     l1815:
  5565                           
  5566                           ;func_ws2811.c: 314:     }
  5567     0792  3001               	movlw	1
  5568     0793  00F9               	movwf	??_TrunLight
  5569     0794  0879               	movf	??_TrunLight,w
  5570     0795  07AB               	addwf	TrunLight@j,f
  5571     0796                     l1817:
  5572     0796  3004               	movlw	4
  5573     0797  022B               	subwf	TrunLight@j,w
  5574     0798  1C03               	skipc
  5575     0799  2F9B               	goto	u461
  5576     079A  2F9C               	goto	u460
  5577     079B                     u461:
  5578     079B  2F51               	goto	l1793
  5579     079C                     u460:
  5580     079C                     l417:	
  5581                           ;func_ws2811.c: 315:   }
  5582                           
  5583                           
  5584                           ;func_ws2811.c: 318:   if (ORB.fTurn) {
  5585     079C  1C29               	btfss	_ORB,0
  5586     079D  2F9F               	goto	u471
  5587     079E  2FA0               	goto	u470
  5588     079F                     u471:
  5589     079F  2FD7               	goto	l1841
  5590     07A0                     u470:
  5591     07A0                     l1819:
  5592                           
  5593                           ;func_ws2811.c: 321:     seg2_num = 6;
  5594     07A0  3006               	movlw	6
  5595     07A1  00AE               	movwf	TrunLight@seg2_num
  5596     07A2                     l1821:
  5597                           
  5598                           ;func_ws2811.c: 322:     LED_SET(seg1_num, data);
  5599     07A2  082C               	movf	TrunLight@data,w
  5600     07A3  00F3               	movwf	LED_SET@InputData
  5601     07A4  300C               	movlw	12
  5602     07A5  3184  245E  3187   	fcall	_LED_SET
  5603     07A8                     l1823:
  5604                           
  5605                           ;func_ws2811.c: 323:     LED_SET((4 * 3) - seg1_num, 0x00);
  5606     07A8  01F3               	clrf	LED_SET@InputData
  5607     07A9  3000               	movlw	0
  5608     07AA  3184  245E  3187   	fcall	_LED_SET
  5609     07AD                     l1825:
  5610                           
  5611                           ;func_ws2811.c: 324:     LED_SET(seg2_num, data);
  5612     07AD  0020               	movlb	0	; select bank0
  5613     07AE  082C               	movf	TrunLight@data,w
  5614     07AF  00F3               	movwf	LED_SET@InputData
  5615     07B0  3006               	movlw	6
  5616     07B1  3184  245E  3187   	fcall	_LED_SET
  5617     07B4                     l1827:
  5618                           
  5619                           ;func_ws2811.c: 325:     LED_SET((2 * 3) - seg2_num, 0x00);
  5620     07B4  01F3               	clrf	LED_SET@InputData
  5621     07B5  3000               	movlw	0
  5622     07B6  3184  245E  3187   	fcall	_LED_SET
  5623     07B9                     l1829:
  5624                           
  5625                           ;func_ws2811.c: 326:     T1MS_cnt = 0;
  5626     07B9  0020               	movlb	0	; select bank0
  5627     07BA  01A4               	clrf	_T1MS_cnt
  5628     07BB  01A5               	clrf	_T1MS_cnt+1
  5629                           
  5630                           ;func_ws2811.c: 327:     while (T1MS_cnt < (400)) {
  5631     07BC  2FCE               	goto	l1839
  5632     07BD                     l1831:
  5633                           
  5634                           ;func_ws2811.c: 328:       Timer();
  5635     07BD  3185  25DD  3187   	fcall	_Timer
  5636     07C0                     l1833:
  5637                           
  5638                           ;func_ws2811.c: 329:       if (!ORB.fTurn) {
  5639     07C0  0020               	movlb	0	; select bank0
  5640     07C1  1829               	btfsc	_ORB,0
  5641     07C2  2FC4               	goto	u481
  5642     07C3  2FC5               	goto	u480
  5643     07C4                     u481:
  5644     07C4  2FCE               	goto	l1839
  5645     07C5                     u480:
  5646     07C5                     l1835:
  5647                           
  5648                           ;func_ws2811.c: 330:         Color_OFF();
  5649     07C5  3183  2377  3187   	fcall	_Color_OFF
  5650     07C8                     l1837:
  5651                           
  5652                           ;func_ws2811.c: 331:         T1MS_disable_cnt = 600;
  5653     07C8  3058               	movlw	88
  5654     07C9  0020               	movlb	0	; select bank0
  5655     07CA  00A0               	movwf	_T1MS_disable_cnt
  5656     07CB  3002               	movlw	2
  5657     07CC  00A1               	movwf	_T1MS_disable_cnt+1
  5658                           
  5659                           ;func_ws2811.c: 332:         break;
  5660     07CD  2FD7               	goto	l1841
  5661     07CE                     l1839:
  5662                           
  5663                           ;func_ws2811.c: 327:     while (T1MS_cnt < (400)) {
  5664     07CE  3001               	movlw	1
  5665     07CF  0225               	subwf	_T1MS_cnt+1,w
  5666     07D0  3090               	movlw	144
  5667     07D1  1903               	skipnz
  5668     07D2  0224               	subwf	_T1MS_cnt,w
  5669     07D3  1C03               	skipc
  5670     07D4  2FD6               	goto	u491
  5671     07D5  2FD7               	goto	u490
  5672     07D6                     u491:
  5673     07D6  2FBD               	goto	l1831
  5674     07D7                     u490:
  5675     07D7                     l1841:
  5676                           
  5677                           ;func_ws2811.c: 337:   if (T1MS_welcome_cnt >= (600)) {
  5678     07D7  3002               	movlw	2
  5679     07D8  0223               	subwf	_T1MS_welcome_cnt+1,w
  5680     07D9  3058               	movlw	88
  5681     07DA  1903               	skipnz
  5682     07DB  0222               	subwf	_T1MS_welcome_cnt,w
  5683     07DC  1C03               	skipc
  5684     07DD  2FDF               	goto	u501
  5685     07DE  2FE0               	goto	u500
  5686     07DF                     u501:
  5687     07DF  2FF1               	goto	l434
  5688     07E0                     u500:
  5689     07E0                     l1843:
  5690                           
  5691                           ;func_ws2811.c: 338:     flag1.fWelcome = 1;
  5692     07E0  1428               	bsf	_flag1,0
  5693     07E1                     l1845:
  5694                           
  5695                           ;func_ws2811.c: 341:       Timer();
  5696     07E1  3185  25DD  3187   	fcall	_Timer
  5697     07E4                     l1847:
  5698                           
  5699                           ;func_ws2811.c: 342:       if (!ORB.fTurn) {
  5700     07E4  0020               	movlb	0	; select bank0
  5701     07E5  1829               	btfsc	_ORB,0
  5702     07E6  2FE8               	goto	u511
  5703     07E7  2FE9               	goto	u510
  5704     07E8                     u511:
  5705     07E8  2FE1               	goto	l1845
  5706     07E9                     u510:
  5707     07E9                     l1849:
  5708                           
  5709                           ;func_ws2811.c: 343:         Color_OFF();
  5710     07E9  3183  2377  3187   	fcall	_Color_OFF
  5711     07EC                     l1851:
  5712                           
  5713                           ;func_ws2811.c: 344:         T1MS_disable_cnt = 600;
  5714     07EC  3058               	movlw	88
  5715     07ED  0020               	movlb	0	; select bank0
  5716     07EE  00A0               	movwf	_T1MS_disable_cnt
  5717     07EF  3002               	movlw	2
  5718     07F0  00A1               	movwf	_T1MS_disable_cnt+1
  5719     07F1                     l434:	
  5720                           ;func_ws2811.c: 345:         break;
  5721                           
  5722     07F1  0008               	return
  5723     07F2                     __end_of_TrunLight:
  5724                           
  5725                           	psect	text35
  5726     05DD                     __ptext35:	
  5727 ;; *************** function _Timer *****************
  5728 ;; Defined at:
  5729 ;;		line 28 in file "timer.c"
  5730 ;; Parameters:    Size  Location     Type
  5731 ;;		None
  5732 ;; Auto vars:     Size  Location     Type
  5733 ;;  temp            1    1[COMMON] unsigned char 
  5734 ;; Return value:  Size  Location     Type
  5735 ;;                  1    wreg      void 
  5736 ;; Registers used:
  5737 ;;		wreg, status,2, status,0
  5738 ;; Tracked objects:
  5739 ;;		On entry : 0/0
  5740 ;;		On exit  : 0/0
  5741 ;;		Unchanged: 0/0
  5742 ;; Data sizes:     COMMON   BANK0   BANK1   BANK2   BANK3   BANK4   BANK5   BANK6
  5743 ;;      Params:         0       0       0       0       0       0       0       0
  5744 ;;      Locals:         1       0       0       0       0       0       0       0
  5745 ;;      Temps:          1       0       0       0       0       0       0       0
  5746 ;;      Totals:         2       0       0       0       0       0       0       0
  5747 ;;Total ram usage:        2 bytes
  5748 ;; Hardware stack levels used: 1
  5749 ;; This function calls:
  5750 ;;		Nothing
  5751 ;; This function is called by:
  5752 ;;		_func_main
  5753 ;;		_Streamer_SEG1_ON
  5754 ;;		_Streamer_SEG1_OFF
  5755 ;;		_Streamer_SEG2_ON
  5756 ;;		_LED_SET_Gradually_ON
  5757 ;;		_WelcomeLight_ON
  5758 ;;		_TrunLight
  5759 ;; This function uses a non-reentrant model
  5760 ;;
  5761                           
  5762     05DD                     _Timer:	
  5763                           ;psect for function _Timer
  5764                           
  5765     05DD                     l1715:	
  5766                           ;incstack = 0
  5767                           ; Regs used in _Timer: [wreg+status,2+status,0]
  5768                           
  5769     05DD                     l501:	
  5770                           ;timer.c: 34:   while (!PIR3bits.TMR4IF);
  5771                           
  5772     05DD  0020               	movlb	0	; select bank0
  5773     05DE  1C93               	btfss	19,1	;volatile
  5774     05DF  2DE1               	goto	u281
  5775     05E0  2DE2               	goto	u280
  5776     05E1                     u281:
  5777     05E1  2DDD               	goto	l501
  5778     05E2                     u280:
  5779     05E2                     l503:
  5780                           
  5781                           ;timer.c: 35:   PIR3bits.TMR4IF = 0;
  5782     05E2  1093               	bcf	19,1	;volatile
  5783     05E3                     l1717:
  5784                           
  5785                           ;timer.c: 37:   T1ms_cnt++;
  5786     05E3  3001               	movlw	1
  5787     05E4  00F0               	movwf	??_Timer
  5788     05E5  0870               	movf	??_Timer,w
  5789     05E6  07A7               	addwf	Timer@T1ms_cnt,f
  5790     05E7                     l1719:
  5791                           
  5792                           ;timer.c: 38:   T1MS_cnt++;
  5793     05E7  3001               	movlw	1
  5794     05E8  07A4               	addwf	_T1MS_cnt,f
  5795     05E9  3000               	movlw	0
  5796     05EA  3DA5               	addwfc	_T1MS_cnt+1,f
  5797     05EB                     l1721:
  5798                           
  5799                           ;timer.c: 39:   T1MS_welcome_cnt++;
  5800     05EB  3001               	movlw	1
  5801     05EC  07A2               	addwf	_T1MS_welcome_cnt,f
  5802     05ED  3000               	movlw	0
  5803     05EE  3DA3               	addwfc	_T1MS_welcome_cnt+1,f
  5804                           
  5805                           ;timer.c: 41:   if (T1MS_disable_cnt > 0) {
  5806     05EF  0820               	movf	_T1MS_disable_cnt,w
  5807     05F0  0421               	iorwf	_T1MS_disable_cnt+1,w
  5808     05F1  1903               	btfsc	3,2
  5809     05F2  2DF4               	goto	u291
  5810     05F3  2DF5               	goto	u290
  5811     05F4                     u291:
  5812     05F4  2DFB               	goto	l504
  5813     05F5                     u290:
  5814     05F5                     l1723:
  5815                           
  5816                           ;timer.c: 42:     T1MS_disable_cnt--;
  5817     05F5  3001               	movlw	1
  5818     05F6  02A0               	subwf	_T1MS_disable_cnt,f
  5819     05F7  3000               	movlw	0
  5820     05F8  3BA1               	subwfb	_T1MS_disable_cnt+1,f
  5821     05F9                     l1725:
  5822                           
  5823                           ;timer.c: 43:     flag1.fLight_en = 0;
  5824     05F9  10A8               	bcf	_flag1,1
  5825                           
  5826                           ;timer.c: 44:   }
  5827     05FA  2DFC               	goto	l1727
  5828     05FB                     l504:	
  5829                           ;timer.c: 45:   else{
  5830                           
  5831                           
  5832                           ;timer.c: 46:     flag1.fLight_en = 1;
  5833     05FB  14A8               	bsf	_flag1,1
  5834     05FC                     l1727:
  5835                           
  5836                           ;timer.c: 50:   if (T1ms_cnt >= 5) {
  5837     05FC  3005               	movlw	5
  5838     05FD  0227               	subwf	Timer@T1ms_cnt,w
  5839     05FE  1C03               	skipc
  5840     05FF  2E01               	goto	u301
  5841     0600  2E02               	goto	u300
  5842     0601                     u301:
  5843     0601  2E2D               	goto	l1751
  5844     0602                     u300:
  5845     0602                     l1729:
  5846                           
  5847                           ;timer.c: 51:     T1ms_cnt = 0;
  5848     0602  01A7               	clrf	Timer@T1ms_cnt
  5849                           
  5850                           ;timer.c: 52:     temp = 0;
  5851     0603  01F1               	clrf	Timer@temp
  5852     0604                     l1731:
  5853                           
  5854                           ;timer.c: 53:     if (PORTCbits.RC1)
  5855     0604  1C8E               	btfss	14,1	;volatile
  5856     0605  2E07               	goto	u311
  5857     0606  2E08               	goto	u310
  5858     0607                     u311:
  5859     0607  2E09               	goto	l507
  5860     0608                     u310:
  5861     0608                     l1733:
  5862                           
  5863                           ;timer.c: 54:       temp |= 1 << ePOS;
  5864     0608  14F1               	bsf	Timer@temp,1
  5865     0609                     l507:
  5866                           
  5867                           ;timer.c: 55:     if (PORTAbits.RA6)
  5868     0609  1F0C               	btfss	12,6	;volatile
  5869     060A  2E0C               	goto	u321
  5870     060B  2E0D               	goto	u320
  5871     060C                     u321:
  5872     060C  2E0E               	goto	l508
  5873     060D                     u320:
  5874     060D                     l1735:
  5875                           
  5876                           ;timer.c: 56:       temp |= 1 << eDRL;
  5877     060D  1571               	bsf	Timer@temp,2
  5878     060E                     l508:
  5879                           
  5880                           ;timer.c: 57:     if (PORTCbits.RC2)
  5881     060E  1D0E               	btfss	14,2	;volatile
  5882     060F  2E11               	goto	u331
  5883     0610  2E12               	goto	u330
  5884     0611                     u331:
  5885     0611  2E13               	goto	l509
  5886     0612                     u330:
  5887     0612                     l1737:
  5888                           
  5889                           ;timer.c: 58:       temp |= 1 << eTurn;
  5890     0612  1471               	bsf	Timer@temp,0
  5891     0613                     l509:
  5892                           
  5893                           ;timer.c: 59:     if (PORTCbits.RC3)
  5894     0613  1D8E               	btfss	14,3	;volatile
  5895     0614  2E16               	goto	u341
  5896     0615  2E17               	goto	u340
  5897     0616                     u341:
  5898     0616  2E18               	goto	l510
  5899     0617                     u340:
  5900     0617                     l1739:
  5901                           
  5902                           ;timer.c: 60:       temp |= 1 << eHiBeam;
  5903     0617  16F1               	bsf	Timer@temp,5
  5904     0618                     l510:
  5905                           
  5906                           ;timer.c: 61:     if (PORTAbits.RA3)
  5907     0618  1D8C               	btfss	12,3	;volatile
  5908     0619  2E1B               	goto	u351
  5909     061A  2E1C               	goto	u350
  5910     061B                     u351:
  5911     061B  2E1D               	goto	l511
  5912     061C                     u350:
  5913     061C                     l1741:
  5914                           
  5915                           ;timer.c: 62:       temp |= 1 << eLoBeam;
  5916     061C  1671               	bsf	Timer@temp,4
  5917     061D                     l511:
  5918                           
  5919                           ;timer.c: 63:     if (PORTCbits.RC0)
  5920     061D  1C0E               	btfss	14,0	;volatile
  5921     061E  2E20               	goto	u361
  5922     061F  2E21               	goto	u360
  5923     0620                     u361:
  5924     0620  2E22               	goto	l1745
  5925     0621                     u360:
  5926     0621                     l1743:
  5927                           
  5928                           ;timer.c: 64:       temp |= 1 << eACC;
  5929     0621  15F1               	bsf	Timer@temp,3
  5930     0622                     l1745:
  5931                           
  5932                           ;timer.c: 66:     if (temp ^ TRB.all_flags) {
  5933     0622  0826               	movf	Timer@TRB,w
  5934     0623  0671               	xorwf	Timer@temp,w
  5935     0624  1903               	btfsc	3,2
  5936     0625  2E27               	goto	u371
  5937     0626  2E28               	goto	u370
  5938     0627                     u371:
  5939     0627  2E2B               	goto	l1749
  5940     0628                     u370:
  5941     0628                     l1747:
  5942                           
  5943                           ;timer.c: 68:       TRB.all_flags = temp;
  5944     0628  0871               	movf	Timer@temp,w
  5945     0629  00A6               	movwf	Timer@TRB
  5946                           
  5947                           ;timer.c: 69:     } else {
  5948     062A  2E2D               	goto	l1751
  5949     062B                     l1749:
  5950                           
  5951                           ;timer.c: 71:       ORB.all_flags = temp;
  5952     062B  0871               	movf	Timer@temp,w
  5953     062C  00A9               	movwf	_ORB
  5954     062D                     l1751:
  5955                           
  5956                           ;timer.c: 76:   if (ORB.fHiBeam) {
  5957     062D  1EA9               	btfss	_ORB,5
  5958     062E  2E30               	goto	u381
  5959     062F  2E31               	goto	u380
  5960     0630                     u381:
  5961     0630  2E35               	goto	l515
  5962     0631                     u380:
  5963     0631                     l1753:
  5964                           
  5965                           ;timer.c: 77:     LATBbits.LATB4 = 1;
  5966     0631  0022               	movlb	2	; select bank2
  5967     0632  160D               	bsf	13,4	;volatile
  5968                           
  5969                           ;timer.c: 78:     LATBbits.LATB5 = 1;
  5970     0633  168D               	bsf	13,5	;volatile
  5971                           
  5972                           ;timer.c: 79:   } else {
  5973     0634  2E38               	goto	l516
  5974     0635                     l515:
  5975                           
  5976                           ;timer.c: 80:     LATBbits.LATB4 = 0;
  5977     0635  0022               	movlb	2	; select bank2
  5978     0636  120D               	bcf	13,4	;volatile
  5979                           
  5980                           ;timer.c: 81:     LATBbits.LATB5 = 0;
  5981     0637  128D               	bcf	13,5	;volatile
  5982     0638                     l516:	
  5983                           ;timer.c: 82:   }
  5984                           
  5985                           
  5986                           ;timer.c: 84:   if (ORB.fLoBeam) {
  5987     0638  0020               	movlb	0	; select bank0
  5988     0639  1E29               	btfss	_ORB,4
  5989     063A  2E3C               	goto	u391
  5990     063B  2E3D               	goto	u390
  5991     063C                     u391:
  5992     063C  2E41               	goto	l517
  5993     063D                     u390:
  5994     063D                     l1755:
  5995                           
  5996                           ;timer.c: 85:     LATBbits.LATB1 = 1;
  5997     063D  0022               	movlb	2	; select bank2
  5998     063E  148D               	bsf	13,1	;volatile
  5999                           
  6000                           ;timer.c: 86:     LATAbits.LATA0 = 1;
  6001     063F  140C               	bsf	12,0	;volatile
  6002                           
  6003                           ;timer.c: 87:   } else {
  6004     0640  2E44               	goto	l519
  6005     0641                     l517:
  6006                           
  6007                           ;timer.c: 88:     LATBbits.LATB1 = 0;
  6008     0641  0022               	movlb	2	; select bank2
  6009     0642  108D               	bcf	13,1	;volatile
  6010                           
  6011                           ;timer.c: 89:     LATAbits.LATA0 = 0;
  6012     0643  100C               	bcf	12,0	;volatile
  6013     0644                     l519:
  6014     0644  0008               	return
  6015     0645                     __end_of_Timer:
  6016                           
  6017                           	psect	text36
  6018     037B                     __ptext36:	
  6019 ;; *************** function _Color_Yellow *****************
  6020 ;; Defined at:
  6021 ;;		line 69 in file "gpio.c"
  6022 ;; Parameters:    Size  Location     Type
  6023 ;;		None
  6024 ;; Auto vars:     Size  Location     Type
  6025 ;;		None
  6026 ;; Return value:  Size  Location     Type
  6027 ;;                  1    wreg      void 
  6028 ;; Registers used:
  6029 ;;		None
  6030 ;; Tracked objects:
  6031 ;;		On entry : 0/0
  6032 ;;		On exit  : 0/0
  6033 ;;		Unchanged: 0/0
  6034 ;; Data sizes:     COMMON   BANK0   BANK1   BANK2   BANK3   BANK4   BANK5   BANK6
  6035 ;;      Params:         0       0       0       0       0       0       0       0
  6036 ;;      Locals:         0       0       0       0       0       0       0       0
  6037 ;;      Temps:          0       0       0       0       0       0       0       0
  6038 ;;      Totals:         0       0       0       0       0       0       0       0
  6039 ;;Total ram usage:        0 bytes
  6040 ;; Hardware stack levels used: 1
  6041 ;; This function calls:
  6042 ;;		Nothing
  6043 ;; This function is called by:
  6044 ;;		_WelcomeLight_ON
  6045 ;;		_TrunLight
  6046 ;; This function uses a non-reentrant model
  6047 ;;
  6048                           
  6049     037B                     _Color_Yellow:	
  6050                           ;psect for function _Color_Yellow
  6051                           
  6052     037B                     l1757:	
  6053                           ;incstack = 0
  6054                           ; Regs used in _Color_Yellow: []
  6055                           
  6056                           
  6057                           ;gpio.c: 70:     LATCbits.LATC5 = 1;
  6058     037B  0022               	movlb	2	; select bank2
  6059     037C  168E               	bsf	14,5	;volatile
  6060                           
  6061                           ;gpio.c: 71:     LATCbits.LATC4 = 0;
  6062     037D  120E               	bcf	14,4	;volatile
  6063     037E                     l468:
  6064     037E  0008               	return
  6065     037F                     __end_of_Color_Yellow:
  6066                           
  6067                           	psect	text37
  6068     0377                     __ptext37:	
  6069 ;; *************** function _Color_OFF *****************
  6070 ;; Defined at:
  6071 ;;		line 79 in file "gpio.c"
  6072 ;; Parameters:    Size  Location     Type
  6073 ;;		None
  6074 ;; Auto vars:     Size  Location     Type
  6075 ;;		None
  6076 ;; Return value:  Size  Location     Type
  6077 ;;                  1    wreg      void 
  6078 ;; Registers used:
  6079 ;;		None
  6080 ;; Tracked objects:
  6081 ;;		On entry : 0/0
  6082 ;;		On exit  : 0/0
  6083 ;;		Unchanged: 0/0
  6084 ;; Data sizes:     COMMON   BANK0   BANK1   BANK2   BANK3   BANK4   BANK5   BANK6
  6085 ;;      Params:         0       0       0       0       0       0       0       0
  6086 ;;      Locals:         0       0       0       0       0       0       0       0
  6087 ;;      Temps:          0       0       0       0       0       0       0       0
  6088 ;;      Totals:         0       0       0       0       0       0       0       0
  6089 ;;Total ram usage:        0 bytes
  6090 ;; Hardware stack levels used: 1
  6091 ;; This function calls:
  6092 ;;		Nothing
  6093 ;; This function is called by:
  6094 ;;		_software_Initialize
  6095 ;;		_func_main
  6096 ;;		_Streamer_SEG1_ON
  6097 ;;		_Streamer_SEG1_OFF
  6098 ;;		_Streamer_SEG2_ON
  6099 ;;		_LED_SET_Gradually_ON
  6100 ;;		_WelcomeLight_ON
  6101 ;;		_TrunLight
  6102 ;; This function uses a non-reentrant model
  6103 ;;
  6104                           
  6105     0377                     _Color_OFF:	
  6106                           ;psect for function _Color_OFF
  6107                           
  6108     0377                     l1713:	
  6109                           ;incstack = 0
  6110                           ; Regs used in _Color_OFF: []
  6111                           
  6112                           
  6113                           ;gpio.c: 80:     LATCbits.LATC5 = 0;
  6114     0377  0022               	movlb	2	; select bank2
  6115     0378  128E               	bcf	14,5	;volatile
  6116                           
  6117                           ;gpio.c: 81:     LATCbits.LATC4 = 0;
  6118     0379  120E               	bcf	14,4	;volatile
  6119     037A                     l474:
  6120     037A  0008               	return
  6121     037B                     __end_of_Color_OFF:
  6122                           
  6123                           	psect	text38
  6124     03CE                     __ptext38:	
  6125 ;; *************** function _POS_ON *****************
  6126 ;; Defined at:
  6127 ;;		line 356 in file "func_ws2811.c"
  6128 ;; Parameters:    Size  Location     Type
  6129 ;;		None
  6130 ;; Auto vars:     Size  Location     Type
  6131 ;;		None
  6132 ;; Return value:  Size  Location     Type
  6133 ;;                  1    wreg      void 
  6134 ;; Registers used:
  6135 ;;		wreg, status,2, status,0, pclath, cstack
  6136 ;; Tracked objects:
  6137 ;;		On entry : 0/0
  6138 ;;		On exit  : 0/0
  6139 ;;		Unchanged: 0/0
  6140 ;; Data sizes:     COMMON   BANK0   BANK1   BANK2   BANK3   BANK4   BANK5   BANK6
  6141 ;;      Params:         0       0       0       0       0       0       0       0
  6142 ;;      Locals:         0       0       0       0       0       0       0       0
  6143 ;;      Temps:          0       0       0       0       0       0       0       0
  6144 ;;      Totals:         0       0       0       0       0       0       0       0
  6145 ;;Total ram usage:        0 bytes
  6146 ;; Hardware stack levels used: 1
  6147 ;; Hardware stack levels required when called: 3
  6148 ;; This function calls:
  6149 ;;		_Color_set
  6150 ;;		_LED_ON
  6151 ;; This function is called by:
  6152 ;;		_func_main
  6153 ;; This function uses a non-reentrant model
  6154 ;;
  6155                           
  6156     03CE                     _POS_ON:	
  6157                           ;psect for function _POS_ON
  6158                           
  6159     03CE                     l2113:	
  6160                           ;incstack = 0
  6161                           ; Regs used in _POS_ON: [wreg+status,2+status,0+pclath+cstack]
  6162                           
  6163                           
  6164                           ;func_ws2811.c: 357:   Color_set();
  6165     03CE  3184  243B  3183   	fcall	_Color_set
  6166     03D1                     l2115:
  6167                           
  6168                           ;func_ws2811.c: 358:   LED_ON(25);
  6169     03D1  3019               	movlw	25
  6170     03D2  3183  23EA  3183   	fcall	_LED_ON
  6171     03D5                     l440:
  6172     03D5  0008               	return
  6173     03D6                     __end_of_POS_ON:
  6174                           
  6175                           	psect	text39
  6176     03C6                     __ptext39:	
  6177 ;; *************** function _DRL_ON *****************
  6178 ;; Defined at:
  6179 ;;		line 351 in file "func_ws2811.c"
  6180 ;; Parameters:    Size  Location     Type
  6181 ;;		None
  6182 ;; Auto vars:     Size  Location     Type
  6183 ;;		None
  6184 ;; Return value:  Size  Location     Type
  6185 ;;                  1    wreg      void 
  6186 ;; Registers used:
  6187 ;;		wreg, status,2, status,0, pclath, cstack
  6188 ;; Tracked objects:
  6189 ;;		On entry : 0/0
  6190 ;;		On exit  : 0/0
  6191 ;;		Unchanged: 0/0
  6192 ;; Data sizes:     COMMON   BANK0   BANK1   BANK2   BANK3   BANK4   BANK5   BANK6
  6193 ;;      Params:         0       0       0       0       0       0       0       0
  6194 ;;      Locals:         0       0       0       0       0       0       0       0
  6195 ;;      Temps:          0       0       0       0       0       0       0       0
  6196 ;;      Totals:         0       0       0       0       0       0       0       0
  6197 ;;Total ram usage:        0 bytes
  6198 ;; Hardware stack levels used: 1
  6199 ;; Hardware stack levels required when called: 3
  6200 ;; This function calls:
  6201 ;;		_Color_set
  6202 ;;		_LED_ON
  6203 ;; This function is called by:
  6204 ;;		_func_main
  6205 ;; This function uses a non-reentrant model
  6206 ;;
  6207                           
  6208     03C6                     _DRL_ON:	
  6209                           ;psect for function _DRL_ON
  6210                           
  6211     03C6                     l2109:	
  6212                           ;incstack = 0
  6213                           ; Regs used in _DRL_ON: [wreg+status,2+status,0+pclath+cstack]
  6214                           
  6215                           
  6216                           ;func_ws2811.c: 352:   Color_set();
  6217     03C6  3184  243B  3183   	fcall	_Color_set
  6218     03C9                     l2111:
  6219                           
  6220                           ;func_ws2811.c: 353:   LED_ON(255);
  6221     03C9  30FF               	movlw	255
  6222     03CA  3183  23EA  3183   	fcall	_LED_ON
  6223     03CD                     l437:
  6224     03CD  0008               	return
  6225     03CE                     __end_of_DRL_ON:
  6226                           
  6227                           	psect	text40
  6228     03EA                     __ptext40:	
  6229 ;; *************** function _LED_ON *****************
  6230 ;; Defined at:
  6231 ;;		line 38 in file "func_ws2811.c"
  6232 ;; Parameters:    Size  Location     Type
  6233 ;;  InputData       1    wreg     unsigned char 
  6234 ;; Auto vars:     Size  Location     Type
  6235 ;;  InputData       1    9[COMMON] unsigned char 
  6236 ;;  data            1   10[COMMON] unsigned char 
  6237 ;; Return value:  Size  Location     Type
  6238 ;;                  1    wreg      void 
  6239 ;; Registers used:
  6240 ;;		wreg, status,2, status,0, pclath, cstack
  6241 ;; Tracked objects:
  6242 ;;		On entry : 0/0
  6243 ;;		On exit  : 0/0
  6244 ;;		Unchanged: 0/0
  6245 ;; Data sizes:     COMMON   BANK0   BANK1   BANK2   BANK3   BANK4   BANK5   BANK6
  6246 ;;      Params:         0       0       0       0       0       0       0       0
  6247 ;;      Locals:         2       0       0       0       0       0       0       0
  6248 ;;      Temps:          0       0       0       0       0       0       0       0
  6249 ;;      Totals:         2       0       0       0       0       0       0       0
  6250 ;;Total ram usage:        2 bytes
  6251 ;; Hardware stack levels used: 1
  6252 ;; Hardware stack levels required when called: 2
  6253 ;; This function calls:
  6254 ;;		_LED_SET
  6255 ;; This function is called by:
  6256 ;;		_WelcomeLight_ON
  6257 ;;		_DRL_ON
  6258 ;;		_POS_ON
  6259 ;; This function uses a non-reentrant model
  6260 ;;
  6261                           
  6262     03EA                     _LED_ON:	
  6263                           ;psect for function _LED_ON
  6264                           
  6265                           
  6266                           ;incstack = 0
  6267                           ; Regs used in _LED_ON: [wreg+status,2+status,0+pclath+cstack]
  6268                           ;LED_ON@InputData stored from wreg
  6269     03EA  00F9               	movwf	LED_ON@InputData
  6270     03EB                     l1853:
  6271                           
  6272                           ;func_ws2811.c: 39:   uint8_t data = InputData;
  6273     03EB  0879               	movf	LED_ON@InputData,w
  6274     03EC  00FA               	movwf	LED_ON@data
  6275     03ED                     l1855:
  6276                           
  6277                           ;func_ws2811.c: 40:   LED_SET(((4 * 3) + (2 * 3)), data);
  6278     03ED  087A               	movf	LED_ON@data,w
  6279     03EE  00F3               	movwf	LED_SET@InputData
  6280     03EF  3012               	movlw	18
  6281     03F0  3184  245E  3183   	fcall	_LED_SET
  6282     03F3                     l342:
  6283     03F3  0008               	return
  6284     03F4                     __end_of_LED_ON:
  6285                           
  6286                           	psect	text41
  6287     045E                     __ptext41:	
  6288 ;; *************** function _LED_SET *****************
  6289 ;; Defined at:
  6290 ;;		line 55 in file "PWM.c"
  6291 ;; Parameters:    Size  Location     Type
  6292 ;;  LED_num         1    wreg     unsigned char 
  6293 ;;  InputData       1    3[COMMON] unsigned char 
  6294 ;; Auto vars:     Size  Location     Type
  6295 ;;  LED_num         1    5[COMMON] unsigned char 
  6296 ;;  i               1    8[COMMON] unsigned char 
  6297 ;;  num             1    7[COMMON] unsigned char 
  6298 ;;  data            1    6[COMMON] unsigned char 
  6299 ;; Return value:  Size  Location     Type
  6300 ;;                  1    wreg      void 
  6301 ;; Registers used:
  6302 ;;		wreg, status,2, status,0, pclath, cstack
  6303 ;; Tracked objects:
  6304 ;;		On entry : 0/0
  6305 ;;		On exit  : 0/0
  6306 ;;		Unchanged: 0/0
  6307 ;; Data sizes:     COMMON   BANK0   BANK1   BANK2   BANK3   BANK4   BANK5   BANK6
  6308 ;;      Params:         1       0       0       0       0       0       0       0
  6309 ;;      Locals:         4       0       0       0       0       0       0       0
  6310 ;;      Temps:          1       0       0       0       0       0       0       0
  6311 ;;      Totals:         6       0       0       0       0       0       0       0
  6312 ;;Total ram usage:        6 bytes
  6313 ;; Hardware stack levels used: 1
  6314 ;; Hardware stack levels required when called: 1
  6315 ;; This function calls:
  6316 ;;		_PWM_SendData
  6317 ;; This function is called by:
  6318 ;;		_LED_OFF
  6319 ;;		_LED_ON
  6320 ;;		_Streamer_SEG1_ON
  6321 ;;		_Streamer_SEG1_OFF
  6322 ;;		_Streamer_SEG2_ON
  6323 ;;		_LED_SET_Gradually_ON
  6324 ;;		_TrunLight
  6325 ;; This function uses a non-reentrant model
  6326 ;;
  6327                           
  6328     045E                     _LED_SET:	
  6329                           ;psect for function _LED_SET
  6330                           
  6331                           
  6332                           ;incstack = 0
  6333                           ; Regs used in _LED_SET: [wreg+status,2+status,0+pclath+cstack]
  6334                           ;LED_SET@LED_num stored from wreg
  6335     045E  00F5               	movwf	LED_SET@LED_num
  6336     045F                     l1703:
  6337                           
  6338                           ;PWM.c: 56:   uint8_t data = InputData;
  6339     045F  0873               	movf	LED_SET@InputData,w
  6340     0460  00F6               	movwf	LED_SET@data
  6341                           
  6342                           ;PWM.c: 57:   uint8_t num = LED_num;
  6343     0461  0875               	movf	LED_SET@LED_num,w
  6344     0462  00F7               	movwf	LED_SET@num
  6345     0463                     l1705:
  6346                           
  6347                           ;PWM.c: 59:   for (uint8_t i = 0; i < num; i++) {
  6348     0463  01F8               	clrf	LED_SET@i
  6349     0464  2C6D               	goto	l1711
  6350     0465                     l1707:
  6351                           
  6352                           ;PWM.c: 60:     PWM_SendData(data);
  6353     0465  0876               	movf	LED_SET@data,w
  6354     0466  3184  248F  3184   	fcall	_PWM_SendData
  6355     0469                     l1709:
  6356                           
  6357                           ;PWM.c: 61:   }
  6358     0469  3001               	movlw	1
  6359     046A  00F4               	movwf	??_LED_SET
  6360     046B  0874               	movf	??_LED_SET,w
  6361     046C  07F8               	addwf	LED_SET@i,f
  6362     046D                     l1711:
  6363     046D  0877               	movf	LED_SET@num,w
  6364     046E  0278               	subwf	LED_SET@i,w
  6365     046F  1C03               	skipc
  6366     0470  2C72               	goto	u271
  6367     0471  2C73               	goto	u270
  6368     0472                     u271:
  6369     0472  2C65               	goto	l1707
  6370     0473                     u270:
  6371     0473                     l215:
  6372     0473  0008               	return
  6373     0474                     __end_of_LED_SET:
  6374                           
  6375                           	psect	text42
  6376     048F                     __ptext42:	
  6377 ;; *************** function _PWM_SendData *****************
  6378 ;; Defined at:
  6379 ;;		line 32 in file "PWM.c"
  6380 ;; Parameters:    Size  Location     Type
  6381 ;;  InputData       1    wreg     unsigned char 
  6382 ;; Auto vars:     Size  Location     Type
  6383 ;;  InputData       1    0[COMMON] unsigned char 
  6384 ;;  bitmask         1    2[COMMON] unsigned char 
  6385 ;;  data            1    1[COMMON] unsigned char 
  6386 ;; Return value:  Size  Location     Type
  6387 ;;                  1    wreg      void 
  6388 ;; Registers used:
  6389 ;;		wreg, status,2, status,0
  6390 ;; Tracked objects:
  6391 ;;		On entry : 0/0
  6392 ;;		On exit  : 0/0
  6393 ;;		Unchanged: 0/0
  6394 ;; Data sizes:     COMMON   BANK0   BANK1   BANK2   BANK3   BANK4   BANK5   BANK6
  6395 ;;      Params:         0       0       0       0       0       0       0       0
  6396 ;;      Locals:         3       0       0       0       0       0       0       0
  6397 ;;      Temps:          0       0       0       0       0       0       0       0
  6398 ;;      Totals:         3       0       0       0       0       0       0       0
  6399 ;;Total ram usage:        3 bytes
  6400 ;; Hardware stack levels used: 1
  6401 ;; This function calls:
  6402 ;;		Nothing
  6403 ;; This function is called by:
  6404 ;;		_LED_SET
  6405 ;; This function uses a non-reentrant model
  6406 ;;
  6407                           
  6408     048F                     _PWM_SendData:	
  6409                           ;psect for function _PWM_SendData
  6410                           
  6411                           
  6412                           ;incstack = 0
  6413                           ; Regs used in _PWM_SendData: [wreg+status,2+status,0]
  6414                           ;PWM_SendData@InputData stored from wreg
  6415     048F  00F0               	movwf	PWM_SendData@InputData
  6416     0490                     l1689:
  6417                           
  6418                           ;PWM.c: 33:   uint8_t bitmask = 0x80;
  6419     0490  3080               	movlw	128
  6420     0491  00F2               	movwf	PWM_SendData@bitmask
  6421                           
  6422                           ;PWM.c: 34:   uint8_t data = InputData;
  6423     0492  0870               	movf	PWM_SendData@InputData,w
  6424     0493  00F1               	movwf	PWM_SendData@data
  6425     0494                     l1691:
  6426                           
  6427                           ;PWM.c: 37:   TMR6 = PR6 - 10;
  6428     0494  0028               	movlb	8	; select bank8
  6429     0495  081D               	movf	29,w	;volatile
  6430     0496  3EF6               	addlw	246
  6431     0497  009C               	movwf	28	;volatile
  6432     0498                     l1693:
  6433                           
  6434                           ;PWM.c: 40:     if (data & bitmask) {
  6435     0498  0871               	movf	PWM_SendData@data,w
  6436     0499  0572               	andwf	PWM_SendData@bitmask,w
  6437     049A  1903               	btfsc	3,2
  6438     049B  2C9D               	goto	u241
  6439     049C  2C9E               	goto	u240
  6440     049D                     u241:
  6441     049D  2CA2               	goto	l1697
  6442     049E                     u240:
  6443     049E                     l1695:
  6444                           
  6445                           ;PWM.c: 41:       CCPR5L = 6;
  6446     049E  3006               	movlw	6
  6447     049F  0026               	movlb	6	; select bank6
  6448     04A0  009C               	movwf	28	;volatile
  6449                           
  6450                           ;PWM.c: 42:     } else {
  6451     04A1  2CA5               	goto	l205
  6452     04A2                     l1697:
  6453                           
  6454                           ;PWM.c: 43:       CCPR5L = 3;
  6455     04A2  3003               	movlw	3
  6456     04A3  0026               	movlb	6	; select bank6
  6457     04A4  009C               	movwf	28	;volatile
  6458     04A5                     l205:	
  6459                           ;PWM.c: 46:     };
  6460                           
  6461                           
  6462                           ;PWM.c: 45:     while (!PIR3bits.TMR6IF) {
  6463     04A5  0020               	movlb	0	; select bank0
  6464     04A6  1D93               	btfss	19,3	;volatile
  6465     04A7  2CA9               	goto	u251
  6466     04A8  2CAA               	goto	u250
  6467     04A9                     u251:
  6468     04A9  2CA5               	goto	l205
  6469     04AA                     u250:
  6470     04AA                     l207:
  6471                           
  6472                           ;PWM.c: 47:     PIR3bits.TMR6IF = 0;
  6473     04AA  1193               	bcf	19,3	;volatile
  6474     04AB                     l1699:
  6475                           
  6476                           ;PWM.c: 48:     bitmask = bitmask >> 1;
  6477     04AB  3672               	lsrf	PWM_SendData@bitmask,w
  6478     04AC  00F2               	movwf	PWM_SendData@bitmask
  6479                           
  6480                           ;PWM.c: 49:   } while (bitmask);
  6481     04AD  0872               	movf	PWM_SendData@bitmask,w
  6482     04AE  1D03               	btfss	3,2
  6483     04AF  2CB1               	goto	u261
  6484     04B0  2CB2               	goto	u260
  6485     04B1                     u261:
  6486     04B1  2C98               	goto	l1693
  6487     04B2                     u260:
  6488     04B2                     l1701:
  6489                           
  6490                           ;PWM.c: 51:   CCPR5L = 0;
  6491     04B2  0026               	movlb	6	; select bank6
  6492     04B3  019C               	clrf	28	;volatile
  6493     04B4                     l209:
  6494     04B4  0008               	return
  6495     04B5                     __end_of_PWM_SendData:
  6496                           
  6497                           	psect	text43
  6498     043B                     __ptext43:	
  6499 ;; *************** function _Color_set *****************
  6500 ;; Defined at:
  6501 ;;		line 59 in file "gpio.c"
  6502 ;; Parameters:    Size  Location     Type
  6503 ;;		None
  6504 ;; Auto vars:     Size  Location     Type
  6505 ;;		None
  6506 ;; Return value:  Size  Location     Type
  6507 ;;                  1    wreg      void 
  6508 ;; Registers used:
  6509 ;;		None
  6510 ;; Tracked objects:
  6511 ;;		On entry : 0/0
  6512 ;;		On exit  : 0/0
  6513 ;;		Unchanged: 0/0
  6514 ;; Data sizes:     COMMON   BANK0   BANK1   BANK2   BANK3   BANK4   BANK5   BANK6
  6515 ;;      Params:         0       0       0       0       0       0       0       0
  6516 ;;      Locals:         0       0       0       0       0       0       0       0
  6517 ;;      Temps:          0       0       0       0       0       0       0       0
  6518 ;;      Totals:         0       0       0       0       0       0       0       0
  6519 ;;Total ram usage:        0 bytes
  6520 ;; Hardware stack levels used: 1
  6521 ;; This function calls:
  6522 ;;		Nothing
  6523 ;; This function is called by:
  6524 ;;		_DRL_ON
  6525 ;;		_POS_ON
  6526 ;; This function uses a non-reentrant model
  6527 ;;
  6528                           
  6529     043B                     _Color_set:	
  6530                           ;psect for function _Color_set
  6531                           
  6532     043B                     l1969:	
  6533                           ;incstack = 0
  6534                           ; Regs used in _Color_set: []
  6535                           
  6536                           
  6537                           ;gpio.c: 60:   if(PORTBbits.RB2 == COLOR_YELLOW){
  6538     043B  0020               	movlb	0	; select bank0
  6539     043C  190D               	btfsc	13,2	;volatile
  6540     043D  2C3F               	goto	u641
  6541     043E  2C40               	goto	u640
  6542     043F                     u641:
  6543     043F  2C44               	goto	l463
  6544     0440                     u640:
  6545     0440                     l1971:
  6546                           
  6547                           ;gpio.c: 61:     LATCbits.LATC5 = 1;
  6548     0440  0022               	movlb	2	; select bank2
  6549     0441  168E               	bsf	14,5	;volatile
  6550                           
  6551                           ;gpio.c: 62:     LATCbits.LATC4 = 0;
  6552     0442  120E               	bcf	14,4	;volatile
  6553                           
  6554                           ;gpio.c: 63:   }else{
  6555     0443  2C47               	goto	l465
  6556     0444                     l463:
  6557                           
  6558                           ;gpio.c: 64:     LATCbits.LATC5 = 0;
  6559     0444  0022               	movlb	2	; select bank2
  6560     0445  128E               	bcf	14,5	;volatile
  6561                           
  6562                           ;gpio.c: 65:     LATCbits.LATC4 = 1;
  6563     0446  160E               	bsf	14,4	;volatile
  6564     0447                     l465:
  6565     0447  0008               	return
  6566     0448                     __end_of_Color_set:
  6567                           
  6568                           	psect	text44
  6569     0448                     __ptext44:	
  6570 ;; *************** function _SYSTEM_Initialize *****************
  6571 ;; Defined at:
  6572 ;;		line 50 in file "mcc_generated_files/mcc.c"
  6573 ;; Parameters:    Size  Location     Type
  6574 ;;		None
  6575 ;; Auto vars:     Size  Location     Type
  6576 ;;		None
  6577 ;; Return value:  Size  Location     Type
  6578 ;;                  1    wreg      void 
  6579 ;; Registers used:
  6580 ;;		wreg, status,2, status,0, pclath, cstack
  6581 ;; Tracked objects:
  6582 ;;		On entry : 0/0
  6583 ;;		On exit  : 0/0
  6584 ;;		Unchanged: 0/0
  6585 ;; Data sizes:     COMMON   BANK0   BANK1   BANK2   BANK3   BANK4   BANK5   BANK6
  6586 ;;      Params:         0       0       0       0       0       0       0       0
  6587 ;;      Locals:         0       0       0       0       0       0       0       0
  6588 ;;      Temps:          0       0       0       0       0       0       0       0
  6589 ;;      Totals:         0       0       0       0       0       0       0       0
  6590 ;;Total ram usage:        0 bytes
  6591 ;; Hardware stack levels used: 1
  6592 ;; Hardware stack levels required when called: 1
  6593 ;; This function calls:
  6594 ;;		_OSCILLATOR_Initialize
  6595 ;;		_PIN_MANAGER_Initialize
  6596 ;;		_PWM5_Initialize
  6597 ;;		_TMR2_Initialize
  6598 ;;		_TMR4_Initialize
  6599 ;;		_TMR6_Initialize
  6600 ;;		_WDT_Initialize
  6601 ;; This function is called by:
  6602 ;;		_main
  6603 ;; This function uses a non-reentrant model
  6604 ;;
  6605                           
  6606     0448                     _SYSTEM_Initialize:	
  6607                           ;psect for function _SYSTEM_Initialize
  6608                           
  6609     0448                     l1651:	
  6610                           ;incstack = 0
  6611                           ; Regs used in _SYSTEM_Initialize: [wreg+status,2+status,0+pclath+cstack]
  6612                           
  6613                           
  6614                           ;mcc_generated_files/mcc.c: 53:     PIN_MANAGER_Initialize();
  6615     0448  3184  2474  3184   	fcall	_PIN_MANAGER_Initialize
  6616                           
  6617                           ;mcc_generated_files/mcc.c: 54:     OSCILLATOR_Initialize();
  6618     044B  3183  23FF  3184   	fcall	_OSCILLATOR_Initialize
  6619                           
  6620                           ;mcc_generated_files/mcc.c: 55:     WDT_Initialize();
  6621     044E  3183  2373  3184   	fcall	_WDT_Initialize
  6622                           
  6623                           ;mcc_generated_files/mcc.c: 56:     TMR6_Initialize();
  6624     0451  3183  23E0  3184   	fcall	_TMR6_Initialize
  6625                           
  6626                           ;mcc_generated_files/mcc.c: 57:     TMR4_Initialize();
  6627     0454  3183  23D6  3184   	fcall	_TMR4_Initialize
  6628                           
  6629                           ;mcc_generated_files/mcc.c: 58:     TMR2_Initialize();
  6630     0457  3183  23BE  3184   	fcall	_TMR2_Initialize
  6631                           
  6632                           ;mcc_generated_files/mcc.c: 59:     PWM5_Initialize();
  6633     045A  3183  23F4  3184   	fcall	_PWM5_Initialize
  6634     045D                     l61:
  6635     045D  0008               	return
  6636     045E                     __end_of_SYSTEM_Initialize:
  6637                           
  6638                           	psect	text45
  6639     0373                     __ptext45:	
  6640 ;; *************** function _WDT_Initialize *****************
  6641 ;; Defined at:
  6642 ;;		line 76 in file "mcc_generated_files/mcc.c"
  6643 ;; Parameters:    Size  Location     Type
  6644 ;;		None
  6645 ;; Auto vars:     Size  Location     Type
  6646 ;;		None
  6647 ;; Return value:  Size  Location     Type
  6648 ;;                  1    wreg      void 
  6649 ;; Registers used:
  6650 ;;		wreg
  6651 ;; Tracked objects:
  6652 ;;		On entry : 0/0
  6653 ;;		On exit  : 0/0
  6654 ;;		Unchanged: 0/0
  6655 ;; Data sizes:     COMMON   BANK0   BANK1   BANK2   BANK3   BANK4   BANK5   BANK6
  6656 ;;      Params:         0       0       0       0       0       0       0       0
  6657 ;;      Locals:         0       0       0       0       0       0       0       0
  6658 ;;      Temps:          0       0       0       0       0       0       0       0
  6659 ;;      Totals:         0       0       0       0       0       0       0       0
  6660 ;;Total ram usage:        0 bytes
  6661 ;; Hardware stack levels used: 1
  6662 ;; This function calls:
  6663 ;;		Nothing
  6664 ;; This function is called by:
  6665 ;;		_SYSTEM_Initialize
  6666 ;; This function uses a non-reentrant model
  6667 ;;
  6668                           
  6669     0373                     _WDT_Initialize:	
  6670                           ;psect for function _WDT_Initialize
  6671                           
  6672     0373                     l1479:	
  6673                           ;incstack = 0
  6674                           ; Regs used in _WDT_Initialize: [wreg]
  6675                           
  6676                           
  6677                           ;mcc_generated_files/mcc.c: 79:     WDTCON = 0x16;
  6678     0373  3016               	movlw	22
  6679     0374  0021               	movlb	1	; select bank1
  6680     0375  0097               	movwf	23	;volatile
  6681     0376                     l70:
  6682     0376  0008               	return
  6683     0377                     __end_of_WDT_Initialize:
  6684                           
  6685                           	psect	text46
  6686     03E0                     __ptext46:	
  6687 ;; *************** function _TMR6_Initialize *****************
  6688 ;; Defined at:
  6689 ;;		line 62 in file "mcc_generated_files/tmr6.c"
  6690 ;; Parameters:    Size  Location     Type
  6691 ;;		None
  6692 ;; Auto vars:     Size  Location     Type
  6693 ;;		None
  6694 ;; Return value:  Size  Location     Type
  6695 ;;                  1    wreg      void 
  6696 ;; Registers used:
  6697 ;;		wreg, status,2
  6698 ;; Tracked objects:
  6699 ;;		On entry : 0/0
  6700 ;;		On exit  : 0/0
  6701 ;;		Unchanged: 0/0
  6702 ;; Data sizes:     COMMON   BANK0   BANK1   BANK2   BANK3   BANK4   BANK5   BANK6
  6703 ;;      Params:         0       0       0       0       0       0       0       0
  6704 ;;      Locals:         0       0       0       0       0       0       0       0
  6705 ;;      Temps:          0       0       0       0       0       0       0       0
  6706 ;;      Totals:         0       0       0       0       0       0       0       0
  6707 ;;Total ram usage:        0 bytes
  6708 ;; Hardware stack levels used: 1
  6709 ;; This function calls:
  6710 ;;		Nothing
  6711 ;; This function is called by:
  6712 ;;		_SYSTEM_Initialize
  6713 ;; This function uses a non-reentrant model
  6714 ;;
  6715                           
  6716     03E0                     _TMR6_Initialize:	
  6717                           ;psect for function _TMR6_Initialize
  6718                           
  6719     03E0                     l1481:	
  6720                           ;incstack = 0
  6721                           ; Regs used in _TMR6_Initialize: [wreg+status,2]
  6722                           
  6723                           
  6724                           ;mcc_generated_files/tmr6.c: 67:     PR6 = 0x27;
  6725     03E0  3027               	movlw	39
  6726     03E1  0028               	movlb	8	; select bank8
  6727     03E2  009D               	movwf	29	;volatile
  6728     03E3                     l1483:
  6729                           
  6730                           ;mcc_generated_files/tmr6.c: 70:     TMR6 = 0x00;
  6731     03E3  019C               	clrf	28	;volatile
  6732     03E4                     l1485:
  6733                           
  6734                           ;mcc_generated_files/tmr6.c: 73:     PIR3bits.TMR6IF = 0;
  6735     03E4  0020               	movlb	0	; select bank0
  6736     03E5  1193               	bcf	19,3	;volatile
  6737     03E6                     l1487:
  6738                           
  6739                           ;mcc_generated_files/tmr6.c: 76:     T6CON = 0x04;
  6740     03E6  3004               	movlw	4
  6741     03E7  0028               	movlb	8	; select bank8
  6742     03E8  009E               	movwf	30	;volatile
  6743     03E9                     l126:
  6744     03E9  0008               	return
  6745     03EA                     __end_of_TMR6_Initialize:
  6746                           
  6747                           	psect	text47
  6748     03D6                     __ptext47:	
  6749 ;; *************** function _TMR4_Initialize *****************
  6750 ;; Defined at:
  6751 ;;		line 62 in file "mcc_generated_files/tmr4.c"
  6752 ;; Parameters:    Size  Location     Type
  6753 ;;		None
  6754 ;; Auto vars:     Size  Location     Type
  6755 ;;		None
  6756 ;; Return value:  Size  Location     Type
  6757 ;;                  1    wreg      void 
  6758 ;; Registers used:
  6759 ;;		wreg, status,2
  6760 ;; Tracked objects:
  6761 ;;		On entry : 0/0
  6762 ;;		On exit  : 0/0
  6763 ;;		Unchanged: 0/0
  6764 ;; Data sizes:     COMMON   BANK0   BANK1   BANK2   BANK3   BANK4   BANK5   BANK6
  6765 ;;      Params:         0       0       0       0       0       0       0       0
  6766 ;;      Locals:         0       0       0       0       0       0       0       0
  6767 ;;      Temps:          0       0       0       0       0       0       0       0
  6768 ;;      Totals:         0       0       0       0       0       0       0       0
  6769 ;;Total ram usage:        0 bytes
  6770 ;; Hardware stack levels used: 1
  6771 ;; This function calls:
  6772 ;;		Nothing
  6773 ;; This function is called by:
  6774 ;;		_SYSTEM_Initialize
  6775 ;; This function uses a non-reentrant model
  6776 ;;
  6777                           
  6778     03D6                     _TMR4_Initialize:	
  6779                           ;psect for function _TMR4_Initialize
  6780                           
  6781     03D6                     l1489:	
  6782                           ;incstack = 0
  6783                           ; Regs used in _TMR4_Initialize: [wreg+status,2]
  6784                           
  6785                           
  6786                           ;mcc_generated_files/tmr4.c: 67:     PR4 = 0xF9;
  6787     03D6  30F9               	movlw	249
  6788     03D7  0028               	movlb	8	; select bank8
  6789     03D8  0096               	movwf	22	;volatile
  6790     03D9                     l1491:
  6791                           
  6792                           ;mcc_generated_files/tmr4.c: 70:     TMR4 = 0x00;
  6793     03D9  0195               	clrf	21	;volatile
  6794     03DA                     l1493:
  6795                           
  6796                           ;mcc_generated_files/tmr4.c: 73:     PIR3bits.TMR4IF = 0;
  6797     03DA  0020               	movlb	0	; select bank0
  6798     03DB  1093               	bcf	19,1	;volatile
  6799     03DC                     l1495:
  6800                           
  6801                           ;mcc_generated_files/tmr4.c: 76:     T4CON = 0x3D;
  6802     03DC  303D               	movlw	61
  6803     03DD  0028               	movlb	8	; select bank8
  6804     03DE  0097               	movwf	23	;volatile
  6805     03DF                     l158:
  6806     03DF  0008               	return
  6807     03E0                     __end_of_TMR4_Initialize:
  6808                           
  6809                           	psect	text48
  6810     03BE                     __ptext48:	
  6811 ;; *************** function _TMR2_Initialize *****************
  6812 ;; Defined at:
  6813 ;;		line 62 in file "mcc_generated_files/tmr2.c"
  6814 ;; Parameters:    Size  Location     Type
  6815 ;;		None
  6816 ;; Auto vars:     Size  Location     Type
  6817 ;;		None
  6818 ;; Return value:  Size  Location     Type
  6819 ;;                  1    wreg      void 
  6820 ;; Registers used:
  6821 ;;		wreg, status,2
  6822 ;; Tracked objects:
  6823 ;;		On entry : 0/0
  6824 ;;		On exit  : 0/0
  6825 ;;		Unchanged: 0/0
  6826 ;; Data sizes:     COMMON   BANK0   BANK1   BANK2   BANK3   BANK4   BANK5   BANK6
  6827 ;;      Params:         0       0       0       0       0       0       0       0
  6828 ;;      Locals:         0       0       0       0       0       0       0       0
  6829 ;;      Temps:          0       0       0       0       0       0       0       0
  6830 ;;      Totals:         0       0       0       0       0       0       0       0
  6831 ;;Total ram usage:        0 bytes
  6832 ;; Hardware stack levels used: 1
  6833 ;; This function calls:
  6834 ;;		Nothing
  6835 ;; This function is called by:
  6836 ;;		_SYSTEM_Initialize
  6837 ;; This function uses a non-reentrant model
  6838 ;;
  6839                           
  6840     03BE                     _TMR2_Initialize:	
  6841                           ;psect for function _TMR2_Initialize
  6842                           
  6843     03BE                     l1497:	
  6844                           ;incstack = 0
  6845                           ; Regs used in _TMR2_Initialize: [wreg+status,2]
  6846                           
  6847                           
  6848                           ;mcc_generated_files/tmr2.c: 67:     PR2 = 0xF9;
  6849     03BE  30F9               	movlw	249
  6850     03BF  0020               	movlb	0	; select bank0
  6851     03C0  009B               	movwf	27	;volatile
  6852     03C1                     l1499:
  6853                           
  6854                           ;mcc_generated_files/tmr2.c: 70:     TMR2 = 0x00;
  6855     03C1  019A               	clrf	26	;volatile
  6856     03C2                     l1501:
  6857                           
  6858                           ;mcc_generated_files/tmr2.c: 73:     PIR1bits.TMR2IF = 0;
  6859     03C2  1091               	bcf	17,1	;volatile
  6860     03C3                     l1503:
  6861                           
  6862                           ;mcc_generated_files/tmr2.c: 76:     T2CON = 0x3D;
  6863     03C3  303D               	movlw	61
  6864     03C4  009C               	movwf	28	;volatile
  6865     03C5                     l83:
  6866     03C5  0008               	return
  6867     03C6                     __end_of_TMR2_Initialize:
  6868                           
  6869                           	psect	text49
  6870     03F4                     __ptext49:	
  6871 ;; *************** function _PWM5_Initialize *****************
  6872 ;; Defined at:
  6873 ;;		line 64 in file "mcc_generated_files/pwm5.c"
  6874 ;; Parameters:    Size  Location     Type
  6875 ;;		None
  6876 ;; Auto vars:     Size  Location     Type
  6877 ;;		None
  6878 ;; Return value:  Size  Location     Type
  6879 ;;                  1    wreg      void 
  6880 ;; Registers used:
  6881 ;;		wreg, status,2, status,0
  6882 ;; Tracked objects:
  6883 ;;		On entry : 0/0
  6884 ;;		On exit  : 0/0
  6885 ;;		Unchanged: 0/0
  6886 ;; Data sizes:     COMMON   BANK0   BANK1   BANK2   BANK3   BANK4   BANK5   BANK6
  6887 ;;      Params:         0       0       0       0       0       0       0       0
  6888 ;;      Locals:         0       0       0       0       0       0       0       0
  6889 ;;      Temps:          0       0       0       0       0       0       0       0
  6890 ;;      Totals:         0       0       0       0       0       0       0       0
  6891 ;;Total ram usage:        0 bytes
  6892 ;; Hardware stack levels used: 1
  6893 ;; This function calls:
  6894 ;;		Nothing
  6895 ;; This function is called by:
  6896 ;;		_SYSTEM_Initialize
  6897 ;; This function uses a non-reentrant model
  6898 ;;
  6899                           
  6900     03F4                     _PWM5_Initialize:	
  6901                           ;psect for function _PWM5_Initialize
  6902                           
  6903     03F4                     l1505:	
  6904                           ;incstack = 0
  6905                           ; Regs used in _PWM5_Initialize: [wreg+status,2+status,0]
  6906                           
  6907                           
  6908                           ;mcc_generated_files/pwm5.c: 69:  CCP5CON = 0x0C;
  6909     03F4  300C               	movlw	12
  6910     03F5  0026               	movlb	6	; select bank6
  6911     03F6  009E               	movwf	30	;volatile
  6912     03F7                     l1507:
  6913                           
  6914                           ;mcc_generated_files/pwm5.c: 72:  CCPR5L = 0x00;
  6915     03F7  019C               	clrf	28	;volatile
  6916     03F8                     l1509:
  6917                           
  6918                           ;mcc_generated_files/pwm5.c: 75:  CCPR5H = 0x00;
  6919     03F8  019D               	clrf	29	;volatile
  6920     03F9                     l1511:
  6921                           
  6922                           ;mcc_generated_files/pwm5.c: 78:  CCPTMRS1bits.C5TSEL = 0x2;
  6923     03F9  0025               	movlb	5	; select bank5
  6924     03FA  081F               	movf	31,w	;volatile
  6925     03FB  39FC               	andlw	-4
  6926     03FC  3802               	iorlw	2
  6927     03FD  009F               	movwf	31	;volatile
  6928     03FE                     l113:
  6929     03FE  0008               	return
  6930     03FF                     __end_of_PWM5_Initialize:
  6931                           
  6932                           	psect	text50
  6933     0474                     __ptext50:	
  6934 ;; *************** function _PIN_MANAGER_Initialize *****************
  6935 ;; Defined at:
  6936 ;;		line 55 in file "mcc_generated_files/pin_manager.c"
  6937 ;; Parameters:    Size  Location     Type
  6938 ;;		None
  6939 ;; Auto vars:     Size  Location     Type
  6940 ;;		None
  6941 ;; Return value:  Size  Location     Type
  6942 ;;                  1    wreg      void 
  6943 ;; Registers used:
  6944 ;;		wreg, status,2
  6945 ;; Tracked objects:
  6946 ;;		On entry : 0/0
  6947 ;;		On exit  : 0/0
  6948 ;;		Unchanged: 0/0
  6949 ;; Data sizes:     COMMON   BANK0   BANK1   BANK2   BANK3   BANK4   BANK5   BANK6
  6950 ;;      Params:         0       0       0       0       0       0       0       0
  6951 ;;      Locals:         0       0       0       0       0       0       0       0
  6952 ;;      Temps:          0       0       0       0       0       0       0       0
  6953 ;;      Totals:         0       0       0       0       0       0       0       0
  6954 ;;Total ram usage:        0 bytes
  6955 ;; Hardware stack levels used: 1
  6956 ;; This function calls:
  6957 ;;		Nothing
  6958 ;; This function is called by:
  6959 ;;		_SYSTEM_Initialize
  6960 ;; This function uses a non-reentrant model
  6961 ;;
  6962                           
  6963     0474                     _PIN_MANAGER_Initialize:	
  6964                           ;psect for function _PIN_MANAGER_Initialize
  6965                           
  6966     0474                     l1455:	
  6967                           ;incstack = 0
  6968                           ; Regs used in _PIN_MANAGER_Initialize: [wreg+status,2]
  6969                           
  6970                           
  6971                           ;mcc_generated_files/pin_manager.c: 60:     LATE = 0x00;
  6972     0474  0022               	movlb	2	; select bank2
  6973     0475  0190               	clrf	16	;volatile
  6974                           
  6975                           ;mcc_generated_files/pin_manager.c: 61:     LATA = 0x00;
  6976     0476  018C               	clrf	12	;volatile
  6977                           
  6978                           ;mcc_generated_files/pin_manager.c: 62:     LATB = 0x00;
  6979     0477  018D               	clrf	13	;volatile
  6980                           
  6981                           ;mcc_generated_files/pin_manager.c: 63:     LATC = 0x00;
  6982     0478  018E               	clrf	14	;volatile
  6983     0479                     l1457:
  6984                           
  6985                           ;mcc_generated_files/pin_manager.c: 68:     TRISE = 0x08;
  6986     0479  3008               	movlw	8
  6987     047A  0021               	movlb	1	; select bank1
  6988     047B  0090               	movwf	16	;volatile
  6989     047C                     l1459:
  6990                           
  6991                           ;mcc_generated_files/pin_manager.c: 69:     TRISA = 0xEE;
  6992     047C  30EE               	movlw	238
  6993     047D  008C               	movwf	12	;volatile
  6994     047E                     l1461:
  6995                           
  6996                           ;mcc_generated_files/pin_manager.c: 70:     TRISB = 0xCD;
  6997     047E  30CD               	movlw	205
  6998     047F  008D               	movwf	13	;volatile
  6999     0480                     l1463:
  7000                           
  7001                           ;mcc_generated_files/pin_manager.c: 71:     TRISC = 0xCF;
  7002     0480  30CF               	movlw	207
  7003     0481  008E               	movwf	14	;volatile
  7004                           
  7005                           ;mcc_generated_files/pin_manager.c: 76:     ANSELB = 0x00;
  7006     0482  0023               	movlb	3	; select bank3
  7007     0483  018D               	clrf	13	;volatile
  7008     0484                     l1465:
  7009                           
  7010                           ;mcc_generated_files/pin_manager.c: 77:     ANSELA = 0x27;
  7011     0484  3027               	movlw	39
  7012     0485  008C               	movwf	12	;volatile
  7013     0486                     l1467:
  7014                           
  7015                           ;mcc_generated_files/pin_manager.c: 82:     WPUE = 0x00;
  7016     0486  0024               	movlb	4	; select bank4
  7017     0487  0190               	clrf	16	;volatile
  7018                           
  7019                           ;mcc_generated_files/pin_manager.c: 83:     WPUB = 0x08;
  7020     0488  3008               	movlw	8
  7021     0489  008D               	movwf	13	;volatile
  7022     048A                     l1469:
  7023                           
  7024                           ;mcc_generated_files/pin_manager.c: 84:     OPTION_REGbits.nWPUEN = 0;
  7025     048A  0021               	movlb	1	; select bank1
  7026     048B  1395               	bcf	21,7	;volatile
  7027     048C                     l1471:
  7028                           
  7029                           ;mcc_generated_files/pin_manager.c: 90:     APFCON = 0x00;
  7030     048C  0022               	movlb	2	; select bank2
  7031     048D  019D               	clrf	29	;volatile
  7032     048E                     l31:
  7033     048E  0008               	return
  7034     048F                     __end_of_PIN_MANAGER_Initialize:
  7035                           
  7036                           	psect	text51
  7037     03FF                     __ptext51:	
  7038 ;; *************** function _OSCILLATOR_Initialize *****************
  7039 ;; Defined at:
  7040 ;;		line 62 in file "mcc_generated_files/mcc.c"
  7041 ;; Parameters:    Size  Location     Type
  7042 ;;		None
  7043 ;; Auto vars:     Size  Location     Type
  7044 ;;		None
  7045 ;; Return value:  Size  Location     Type
  7046 ;;                  1    wreg      void 
  7047 ;; Registers used:
  7048 ;;		wreg, status,2
  7049 ;; Tracked objects:
  7050 ;;		On entry : 0/0
  7051 ;;		On exit  : 0/0
  7052 ;;		Unchanged: 0/0
  7053 ;; Data sizes:     COMMON   BANK0   BANK1   BANK2   BANK3   BANK4   BANK5   BANK6
  7054 ;;      Params:         0       0       0       0       0       0       0       0
  7055 ;;      Locals:         0       0       0       0       0       0       0       0
  7056 ;;      Temps:          0       0       0       0       0       0       0       0
  7057 ;;      Totals:         0       0       0       0       0       0       0       0
  7058 ;;Total ram usage:        0 bytes
  7059 ;; Hardware stack levels used: 1
  7060 ;; This function calls:
  7061 ;;		Nothing
  7062 ;; This function is called by:
  7063 ;;		_SYSTEM_Initialize
  7064 ;; This function uses a non-reentrant model
  7065 ;;
  7066                           
  7067     03FF                     _OSCILLATOR_Initialize:	
  7068                           ;psect for function _OSCILLATOR_Initialize
  7069                           
  7070     03FF                     l1473:	
  7071                           ;incstack = 0
  7072                           ; Regs used in _OSCILLATOR_Initialize: [wreg+status,2]
  7073                           
  7074                           
  7075                           ;mcc_generated_files/mcc.c: 65:     OSCCON = 0x70;
  7076     03FF  3070               	movlw	112
  7077     0400  0021               	movlb	1	; select bank1
  7078     0401  0099               	movwf	25	;volatile
  7079     0402                     l1475:
  7080                           
  7081                           ;mcc_generated_files/mcc.c: 67:     OSCTUNE = 0x00;
  7082     0402  0198               	clrf	24	;volatile
  7083     0403                     l1477:
  7084                           
  7085                           ;mcc_generated_files/mcc.c: 69:     BORCON = 0x00;
  7086     0403  0022               	movlb	2	; select bank2
  7087     0404  0196               	clrf	22	;volatile
  7088     0405                     l64:	
  7089                           ;mcc_generated_files/mcc.c: 72:     {;mcc_generated_files/mcc.c: 73:     }
  7090                           
  7091                           
  7092                           ;mcc_generated_files/mcc.c: 71:     while(PLLR == 0)
  7093     0405  0021               	movlb	1	; select bank1
  7094     0406  1F1A               	btfss	26,6	;volatile
  7095     0407  2C09               	goto	u231
  7096     0408  2C0A               	goto	u230
  7097     0409                     u231:
  7098     0409  2C05               	goto	l64
  7099     040A                     u230:
  7100     040A                     l67:
  7101     040A  0008               	return
  7102     040B                     __end_of_OSCILLATOR_Initialize:
  7103     007E                     btemp	set	126	;btemp
  7104     007E                     wtemp0	set	126
  7105                           
  7106                           	psect	config
  7107                           
  7108                           ;Config register CONFIG1 @ 0x8007
  7109                           ;	Oscillator Selection
  7110                           ;	FOSC = INTOSC, INTOSC oscillator: I/O function on CLKIN pin
  7111                           ;	Watchdog Timer Enable
  7112                           ;	WDTE = OFF, WDT disabled
  7113                           ;	Power-up Timer Enable
  7114                           ;	PWRTE = ON, PWRT enabled
  7115                           ;	MCLR Pin Function Select
  7116                           ;	MCLRE = ON, MCLR/VPP pin function is MCLR
  7117                           ;	Flash Program Memory Code Protection
  7118                           ;	CP = OFF, Program memory code protection is disabled
  7119                           ;	Data Memory Code Protection
  7120                           ;	CPD = OFF, Data memory code protection is disabled
  7121                           ;	Brown-out Reset Enable
  7122                           ;	BOREN = ON, Brown-out Reset enabled
  7123                           ;	Clock Out Enable
  7124                           ;	CLKOUTEN = OFF, CLKOUT function is disabled. I/O or oscillator function on the CLKOUT 
      +                          pin
  7125                           ;	Internal/External Switchover
  7126                           ;	IESO = ON, Internal/External Switchover mode is enabled
  7127                           ;	Fail-Safe Clock Monitor Enable
  7128                           ;	FCMEN = ON, Fail-Safe Clock Monitor is enabled
  7129     8007                     	org	32775
  7130     8007  3FC4               	dw	16324
  7131                           
  7132                           ;Config register CONFIG2 @ 0x8008
  7133                           ;	Flash Memory Self-Write Protection
  7134                           ;	WRT = OFF, Write protection off
  7135                           ;	Voltage Regulator Capacitor Enable
  7136                           ;	VCAPEN = OFF, All VCAP pin functionality is disabled
  7137                           ;	PLL Enable
  7138                           ;	PLLEN = ON, 4x PLL enabled
  7139                           ;	Stack Overflow/Underflow Reset Enable
  7140                           ;	STVREN = ON, Stack Overflow or Underflow will cause a Reset
  7141                           ;	Brown-out Reset Voltage Selection
  7142                           ;	BORV = LO, Brown-out Reset Voltage (Vbor), low trip point selected.
  7143                           ;	Low-Voltage Programming Enable
  7144                           ;	LVP = OFF, High-voltage on MCLR/VPP must be used for programming
  7145     8008                     	org	32776
  7146     8008  1FFF               	dw	8191

Data Sizes:
    Strings     0
    Constant    0
    Data        0
    BSS         10
    Persistent  32
    Stack       0

Auto Spaces:
    Space          Size  Autos    Used
    COMMON           14     14      14
    BANK0            80      5      15
    BANK1            80      0       0
    BANK2            80      0       0
    BANK3            80      0       0
    BANK4            80      0       0
    BANK5            80      0       0
    BANK6            16      0       0

Pointer List with Targets:

    None.

Critical Paths under _main in COMMON

    _Clear_No_Call_Warning->_TrunLight
    _LED_OFF->_LED_SET
    _WelcomeLight_ON->_Streamer_SEG1_OFF
    _WelcomeLight_ON->_Streamer_SEG1_ON
    _WelcomeLight_ON->_Streamer_SEG2_ON
    _Streamer_SEG2_ON->_LED_SET
    _Streamer_SEG1_ON->_LED_SET
    _Streamer_SEG1_OFF->_LED_SET
    _LED_SET_Gradually_ON->_LED_SET
    _TrunLight->_LED_SET
    _POS_ON->_LED_ON
    _DRL_ON->_LED_ON
    _LED_ON->_LED_SET
    _LED_SET->_PWM_SendData

Critical Paths under _main in BANK0

    _Clear_No_Call_Warning->_TrunLight
    _func_main->_TrunLight

Critical Paths under _main in BANK1

    None.

Critical Paths under _main in BANK2

    None.

Critical Paths under _main in BANK3

    None.

Critical Paths under _main in BANK4

    None.

Critical Paths under _main in BANK5

    None.

Critical Paths under _main in BANK6

    None.

Call Graph Tables:

 ---------------------------------------------------------------------------------
 (Depth) Function   	        Calls       Base Space   Used Autos Params    Refs
 ---------------------------------------------------------------------------------
 (0) _main                                                 0     0      0   23026
                  _SYSTEM_Initialize
                          _func_main
                _software_Initialize
 ---------------------------------------------------------------------------------
 (1) _software_Initialize                                  0     0      0    4989
              _Clear_No_Call_Warning
                          _Color_OFF
 ---------------------------------------------------------------------------------
 (2) _Clear_No_Call_Warning                                1     1      0    4989
                         _HiBeam_OFF
                          _HiBeam_ON
                            _LED_OFF
                         _LoBeam_OFF
                          _LoBeam_ON
                    _PIN_MANAGER_IOC
            _TMR2_HasOverflowOccured
            _TMR2_LoadPeriodRegister
                     _TMR2_ReadTimer
                    _TMR2_StartTimer
                     _TMR2_StopTimer
                    _TMR2_WriteTimer
            _TMR4_HasOverflowOccured
            _TMR4_LoadPeriodRegister
                     _TMR4_ReadTimer
                    _TMR4_StartTimer
                     _TMR4_StopTimer
                    _TMR4_WriteTimer
            _TMR6_HasOverflowOccured
            _TMR6_LoadPeriodRegister
                     _TMR6_ReadTimer
                    _TMR6_StartTimer
                     _TMR6_StopTimer
                    _TMR6_WriteTimer
                          _TrunLight
 ---------------------------------------------------------------------------------
 (3) _TMR6_WriteTimer                                      1     1      0      15
                                              0 COMMON     1     1      0
 ---------------------------------------------------------------------------------
 (3) _TMR6_StopTimer                                       0     0      0       0
 ---------------------------------------------------------------------------------
 (3) _TMR6_StartTimer                                      0     0      0       0
 ---------------------------------------------------------------------------------
 (3) _TMR6_ReadTimer                                       1     1      0       5
 ---------------------------------------------------------------------------------
 (3) _TMR6_LoadPeriodRegister                              1     1      0      15
                                              0 COMMON     1     1      0
 ---------------------------------------------------------------------------------
 (3) _TMR6_HasOverflowOccured                              1     1      0      20
                                              0 COMMON     1     1      0
 ---------------------------------------------------------------------------------
 (3) _TMR4_WriteTimer                                      1     1      0      15
                                              0 COMMON     1     1      0
 ---------------------------------------------------------------------------------
 (3) _TMR4_StopTimer                                       0     0      0       0
 ---------------------------------------------------------------------------------
 (3) _TMR4_StartTimer                                      0     0      0       0
 ---------------------------------------------------------------------------------
 (3) _TMR4_ReadTimer                                       1     1      0       5
 ---------------------------------------------------------------------------------
 (3) _TMR4_LoadPeriodRegister                              1     1      0      15
                                              0 COMMON     1     1      0
 ---------------------------------------------------------------------------------
 (3) _TMR4_HasOverflowOccured                              1     1      0      20
                                              0 COMMON     1     1      0
 ---------------------------------------------------------------------------------
 (3) _TMR2_WriteTimer                                      1     1      0      15
                                              0 COMMON     1     1      0
 ---------------------------------------------------------------------------------
 (3) _TMR2_StopTimer                                       0     0      0       0
 ---------------------------------------------------------------------------------
 (3) _TMR2_StartTimer                                      0     0      0       0
 ---------------------------------------------------------------------------------
 (3) _TMR2_ReadTimer                                       1     1      0       5
 ---------------------------------------------------------------------------------
 (3) _TMR2_LoadPeriodRegister                              1     1      0      15
                                              0 COMMON     1     1      0
 ---------------------------------------------------------------------------------
 (3) _TMR2_HasOverflowOccured                              1     1      0      20
                                              0 COMMON     1     1      0
 ---------------------------------------------------------------------------------
 (3) _PIN_MANAGER_IOC                                      0     0      0       0
 ---------------------------------------------------------------------------------
 (3) _LoBeam_ON                                            0     0      0       0
 ---------------------------------------------------------------------------------
 (3) _LoBeam_OFF                                           0     0      0       0
 ---------------------------------------------------------------------------------
 (3) _LED_OFF                                              0     0      0    2051
                            _LED_SET
 ---------------------------------------------------------------------------------
 (3) _HiBeam_ON                                            0     0      0       0
 ---------------------------------------------------------------------------------
 (3) _HiBeam_OFF                                           0     0      0       0
 ---------------------------------------------------------------------------------
 (1) _func_main                                            0     0      0   18037
                          _Color_OFF
                             _DRL_ON
                             _POS_ON
                              _Timer
                          _TrunLight
                    _WelcomeLight_ON
 ---------------------------------------------------------------------------------
 (2) _WelcomeLight_ON                                      3     3      0   11175
                          _Color_OFF
                        _Color_White
                       _Color_Yellow
                             _LED_ON
               _LED_SET_Gradually_ON
                  _Streamer_SEG1_OFF
                   _Streamer_SEG1_ON
                   _Streamer_SEG2_ON
                              _Timer
 ---------------------------------------------------------------------------------
 (3) _Streamer_SEG2_ON                                     5     5      0    2262
                                              9 COMMON     5     5      0
                          _Color_OFF
                            _LED_SET
                              _Timer
 ---------------------------------------------------------------------------------
 (3) _Streamer_SEG1_ON                                     5     5      0    2262
                                              9 COMMON     5     5      0
                          _Color_OFF
                            _LED_SET
                              _Timer
 ---------------------------------------------------------------------------------
 (3) _Streamer_SEG1_OFF                                    5     5      0    2262
                                              9 COMMON     5     5      0
                          _Color_OFF
                            _LED_SET
                              _Timer
 ---------------------------------------------------------------------------------
 (3) _LED_SET_Gradually_ON                                 4     4      0    2216
                                              9 COMMON     3     3      0
                          _Color_OFF
                            _LED_SET
                              _Timer
 ---------------------------------------------------------------------------------
 (3) _Color_White                                          0     0      0       0
 ---------------------------------------------------------------------------------
 (3) _TrunLight                                            6     6      0    2596
                                              9 COMMON     1     1      0
                                              0 BANK0      5     5      0
                          _Color_OFF
                       _Color_Yellow
                            _LED_SET
                              _Timer
 ---------------------------------------------------------------------------------
 (4) _Timer                                                2     2      0      74
                                              0 COMMON     2     2      0
 ---------------------------------------------------------------------------------
 (4) _Color_Yellow                                         0     0      0       0
 ---------------------------------------------------------------------------------
 (2) _Color_OFF                                            0     0      0       0
 ---------------------------------------------------------------------------------
 (2) _POS_ON                                               0     0      0    2096
                          _Color_set
                             _LED_ON
 ---------------------------------------------------------------------------------
 (2) _DRL_ON                                               0     0      0    2096
                          _Color_set
                             _LED_ON
 ---------------------------------------------------------------------------------
 (3) _LED_ON                                               2     2      0    2096
                                              9 COMMON     2     2      0
                            _LED_SET
 ---------------------------------------------------------------------------------
 (4) _LED_SET                                              6     5      1    2051
                                              3 COMMON     6     5      1
                       _PWM_SendData
 ---------------------------------------------------------------------------------
 (5) _PWM_SendData                                         3     3      0     113
                                              0 COMMON     3     3      0
 ---------------------------------------------------------------------------------
 (3) _Color_set                                            0     0      0       0
 ---------------------------------------------------------------------------------
 (1) _SYSTEM_Initialize                                    0     0      0       0
              _OSCILLATOR_Initialize
             _PIN_MANAGER_Initialize
                    _PWM5_Initialize
                    _TMR2_Initialize
                    _TMR4_Initialize
                    _TMR6_Initialize
                     _WDT_Initialize
 ---------------------------------------------------------------------------------
 (2) _WDT_Initialize                                       0     0      0       0
 ---------------------------------------------------------------------------------
 (2) _TMR6_Initialize                                      0     0      0       0
 ---------------------------------------------------------------------------------
 (2) _TMR4_Initialize                                      0     0      0       0
 ---------------------------------------------------------------------------------
 (2) _TMR2_Initialize                                      0     0      0       0
 ---------------------------------------------------------------------------------
 (2) _PWM5_Initialize                                      0     0      0       0
 ---------------------------------------------------------------------------------
 (2) _PIN_MANAGER_Initialize                               0     0      0       0
 ---------------------------------------------------------------------------------
 (2) _OSCILLATOR_Initialize                                0     0      0       0
 ---------------------------------------------------------------------------------
 Estimated maximum stack depth 5
 ---------------------------------------------------------------------------------

 Call Graph Graphs:

 _main (ROOT)
   _SYSTEM_Initialize
     _OSCILLATOR_Initialize
     _PIN_MANAGER_Initialize
     _PWM5_Initialize
     _TMR2_Initialize
     _TMR4_Initialize
     _TMR6_Initialize
     _WDT_Initialize
   _func_main
     _Color_OFF
     _DRL_ON
       _Color_set
       _LED_ON
         _LED_SET
           _PWM_SendData
     _POS_ON
       _Color_set
       _LED_ON
     _Timer
     _TrunLight
       _Color_OFF
       _Color_Yellow
       _LED_SET
       _Timer
     _WelcomeLight_ON
       _Color_OFF
       _Color_White
       _Color_Yellow
       _LED_ON
       _LED_SET_Gradually_ON
         _Color_OFF
         _LED_SET
         _Timer
       _Streamer_SEG1_OFF
         _Color_OFF
         _LED_SET
         _Timer
       _Streamer_SEG1_ON
         _Color_OFF
         _LED_SET
         _Timer
       _Streamer_SEG2_ON
         _Color_OFF
         _LED_SET
         _Timer
       _Timer
   _software_Initialize
     _Clear_No_Call_Warning
       _HiBeam_OFF
       _HiBeam_ON
       _LED_OFF
         _LED_SET
       _LoBeam_OFF
       _LoBeam_ON
       _PIN_MANAGER_IOC
       _TMR2_HasOverflowOccured
       _TMR2_LoadPeriodRegister
       _TMR2_ReadTimer
       _TMR2_StartTimer
       _TMR2_StopTimer
       _TMR2_WriteTimer
       _TMR4_HasOverflowOccured
       _TMR4_LoadPeriodRegister
       _TMR4_ReadTimer
       _TMR4_StartTimer
       _TMR4_StopTimer
       _TMR4_WriteTimer
       _TMR6_HasOverflowOccured
       _TMR6_LoadPeriodRegister
       _TMR6_ReadTimer
       _TMR6_StartTimer
       _TMR6_StopTimer
       _TMR6_WriteTimer
       _TrunLight
     _Color_OFF

 Address spaces:
Name               Size   Autos  Total    Cost      Usage
BIGRAM             1F0      0       0       0        0.0%
EEDATA             100      0       0       0        0.0%
NULL                 0      0       0       0        0.0%
CODE                 0      0       0       0        0.0%
BITCOMMON            E      0       0       1        0.0%
BITSFR0              0      0       0       1        0.0%
SFR0                 0      0       0       1        0.0%
COMMON               E      E       E       2      100.0%
BITSFR1              0      0       0       2        0.0%
SFR1                 0      0       0       2        0.0%
BITSFR2              0      0       0       3        0.0%
SFR2                 0      0       0       3        0.0%
STACK                0      0       0       3        0.0%
BITSFR3              0      0       0       4        0.0%
SFR3                 0      0       0       4        0.0%
ABS                  0      0      1D       4        0.0%
BITBANK0            50      0       0       5        0.0%
BITSFR4              0      0       0       5        0.0%
SFR4                 0      0       0       5        0.0%
BANK0               50      5       F       6       18.8%
BITSFR5              0      0       0       6        0.0%
SFR5                 0      0       0       6        0.0%
BITBANK1            50      0       0       7        0.0%
BITSFR6              0      0       0       7        0.0%
SFR6                 0      0       0       7        0.0%
BANK1               50      0       0       8        0.0%
BITSFR7              0      0       0       8        0.0%
SFR7                 0      0       0       8        0.0%
BITBANK2            50      0       0       9        0.0%
BITSFR8              0      0       0       9        0.0%
SFR8                 0      0       0       9        0.0%
BANK2               50      0       0      10        0.0%
BITSFR9              0      0       0      10        0.0%
SFR9                 0      0       0      10        0.0%
BITBANK3            50      0       0      11        0.0%
BITSFR10             0      0       0      11        0.0%
SFR10                0      0       0      11        0.0%
BANK3               50      0       0      12        0.0%
BITSFR11             0      0       0      12        0.0%
SFR11                0      0       0      12        0.0%
BITBANK4            50      0       0      13        0.0%
BITSFR12             0      0       0      13        0.0%
SFR12                0      0       0      13        0.0%
BANK4               50      0       0      14        0.0%
BITSFR13             0      0       0      14        0.0%
SFR13                0      0       0      14        0.0%
BITBANK5            50      0       0      15        0.0%
BITSFR14             0      0       0      15        0.0%
SFR14                0      0       0      15        0.0%
BANK5               50      0       0      16        0.0%
BITSFR15             0      0       0      16        0.0%
SFR15                0      0       0      16        0.0%
BITBANK6            10      0       0      17        0.0%
BITSFR16             0      0       0      17        0.0%
SFR16                0      0       0      17        0.0%
BANK6               10      0       0      18        0.0%
BITSFR17             0      0       0      18        0.0%
SFR17                0      0       0      18        0.0%
BITSFR18             0      0       0      19        0.0%
SFR18                0      0       0      19        0.0%
DATA                 0      0      1D      19        0.0%
BITSFR19             0      0       0      20        0.0%
SFR19                0      0       0      20        0.0%
BITSFR20             0      0       0      21        0.0%
SFR20                0      0       0      21        0.0%
BITSFR21             0      0       0      22        0.0%
SFR21                0      0       0      22        0.0%
BITSFR22             0      0       0      23        0.0%
SFR22                0      0       0      23        0.0%
BITSFR23             0      0       0      24        0.0%
SFR23                0      0       0      24        0.0%
BITSFR24             0      0       0      25        0.0%
SFR24                0      0       0      25        0.0%
BITSFR25             0      0       0      26        0.0%
SFR25                0      0       0      26        0.0%
BITSFR26             0      0       0      27        0.0%
SFR26                0      0       0      27        0.0%
BITSFR27             0      0       0      28        0.0%
SFR27                0      0       0      28        0.0%
BITSFR28             0      0       0      29        0.0%
SFR28                0      0       0      29        0.0%
BITSFR29             0      0       0      30        0.0%
SFR29                0      0       0      30        0.0%
BITSFR30             0      0       0      31        0.0%
SFR30                0      0       0      31        0.0%
BITSFR31             0      0       0      32        0.0%
SFR31                0      0       0      32        0.0%


Microchip Technology PIC Macro Assembler V2.46 build 20240104201356 
Symbol Table                                                                                   Fri Mar 20 15:54:13 2026

                  ??_Color_Yellow 0070                                l31 048E                                l34 0356  
                              l61 045D                                l70 0376                        _HiBeam_OFF 0383  
                              l64 0405                                l67 040A                                l83 03C5  
                              l92 035A                                l86 035D                                l95 039C  
 __end_of_TMR6_HasOverflowOccured 042F                                l89 0360                                l98 0397  
               ??_TMR6_StartTimer 0070                  ??_TMR6_StopTimer 0070                               l102 0416  
                             l113 03FE                               l132 0372                               l205 04A5  
                             l141 03AB                               l126 03E9                               l310 05D1  
                             l302 03BD                               l207 04AA                               l215 0473  
                             l135 036C                               l400 06CB                               l209 04B4  
                             l161 0366                               l145 042E                               l129 036F  
                             l314 05DC                               l170 03A6                               l138 03B0  
                             l412 074C                               l164 0369                               l501 05DD  
                             l173 03A1                               l158 03DF                               l342 03F3  
                             l510 0618                               l511 061D                               l503 05E2  
                             l351 055D                               l167 0363                               l440 03D5  
                             l504 05FB                               l360 051F                               l417 079C  
                             l409 0705                               l177 0422                               l434 07F1  
                             l515 0635                               l507 0609                               l339 03B6  
                             l451 0392                               l516 0638                               l508 060E  
                             l372 04B8                               l460 0386                               l437 03CD  
                             l517 0641                               l509 0613                               l454 038E  
                             l463 0444                               l519 0644                               l471 0382  
                             l392 0698                               l465 0447                               l369 059B  
                             l457 038A                               l474 037A                               l378 04E1  
                             l386 0672                               l299 0357                               l468 037E  
                             l398 06BE                               u300 0602                               u140 0415  
                             u301 0601                               u141 0414                               u230 040A  
                             u310 0608                               u150 042D                               u231 0409  
                             u311 0607                               u151 042C                               u240 049E  
                             u320 060D                               u400 0717                               u160 0421  
                             u241 049D                               u321 060C                               u401 0716  
                             u161 0420                               u250 04AA                               u330 0612  
                             u410 073A                               u251 04A9                               u331 0611  
                             u411 0739                               u260 04B2                               u340 0617  
                             u500 07E0                               u420 074C                               u261 04B1  
                             u341 0616                               u501 07DF                               u421 074B  
                             u270 0473                               u350 061C                               u510 07E9  
                             u430 0750                               _PR2 001B                               u271 0472  
                             u351 061B                               u511 07E8                               u431 074F  
                             u360 0621                               u280 05E2                               u440 0780  
                             u520 0546                               u600 059B                               _PR4 0416  
                             u361 0620                               u281 05E1                               u441 077F  
                             u521 0545                               u601 059A                               u370 0628  
                             u290 05F5                               u450 0792                               u610 04BD  
                             u530 0553                               _PR6 041D                               u371 0627  
                             u291 05F4                               u451 0791                               u611 04BC  
                             u531 0552                               u380 0631                               u460 079C  
                             u620 04D8                               u540 055D                               u381 0630  
                             u461 079B                               u621 04D7                               u541 055C  
                             u390 063D                               u470 07A0                               u630 04E1  
                             u550 0508                               u391 063C                               u471 079F  
                             u631 04E0                               u551 0507                               u640 0440  
                             u480 07C5                               u560 0515                               u641 043F  
                             u481 07C4                               u561 0514                               u490 07D7  
                             u570 051F                               _ORB 0029                               u491 07D6  
                             u571 051E                               u580 0584                               u900 0677  
                             u581 0583                               u901 0676                               u590 0591  
                             u910 068B                               u591 0590                               u911 068A  
                             u920 0698                               u921 0697                               u930 069D  
                             u931 069C                               u940 06B1                               u941 06B0  
                             u950 06BE                               u870 0651                               u951 06BD  
                             u871 0650                               u960 06C3                               u880 0665  
                             u961 06C2                               u881 0664                               u970 06D3  
                             u890 0672                               u971 06D2                               u891 0671  
                             u980 06E7                               u981 06E6                               u990 06EB  
                             u991 06EA                 TrunLight@seg1_num 002D                 TrunLight@seg2_num 002E  
                 _TMR2_Initialize 03BE     TMR2_HasOverflowOccured@status 0070          WelcomeLight_ON@InputData 0070  
                 __end_of_LED_OFF 03B7                   __end_of_LED_SET 0474            ?_Clear_No_Call_Warning 0070  
                            l1201 0399                              l1203 0394                              l1211 036D  
                            l1205 040B                              l1221 03A8                              l1213 0370  
                            l2111 03C9                              l1207 0410                              l1231 0367  
                            l1223 0423                              l1215 036A                              l2113 03CE  
                            l2201 06B1                              l1209 0415                              l1241 0417  
                            l1233 0361                              l1225 0428                              l2115 03D1  
                            l2211 06D3                              l2203 06B5                              l1251 0387  
                            l1243 041C                              l1227 042D                              l1219 03AD  
                            l1501 03C2                              l2109 03C6                              l2221 06E7  
                            l2213 06D6                              l2205 06C3                              l1253 0383  
                            l1245 0421                              l1229 0364                              l1237 03A3  
                            l2117 03B7                              l1511 03F9                              l1503 03C3  
                            l2231 0700                              l2223 06EB                              l2215 06DB  
                            l2207 06C8                              l1247 038F                              l1239 039E  
                            l1505 03F4                              l2225 06EF                              l2217 06DF  
                            l2209 06CE                              l2161 064C                              l2241 05AB  
                            l2233 059C                              l1249 038B                              l1193 035B  
                            l1507 03F7                              l2219 06E2                              l2227 06F3  
                            l2171 0660                              l2163 0651                              l2155 0645  
                            l2251 05BE                              l2243 05AF                              l2235 059F  
                            l1195 035E                              l1461 047E                              l1509 03F8  
                            l1701 04B2                              l2229 06FD                              l2181 067F  
                            l2173 0665                              l2165 0656                              l2157 0645  
                            l2261 05D9                              l2253 05C7                              l2245 05B3  
                            l2237 05A4                              l1197 0358                              l1471 048C  
                            l1463 0480                              l1455 0474                              l1711 046D  
                            l1703 045F                              l2191 069D                              l2183 0683  
                            l2175 0669                              l2167 0659                              l2159 0649  
                            l2255 05C9                              l2247 05B7                              l2239 05A8  
                            l2263 042F                              l1473 03FF                              l1465 0484  
                            l1457 0479                              l1481 03E0                              l1705 0463  
                            l1713 0377                              l1721 05EB                              l1801 076D  
                            l2193 06A2                              l2185 0686                              l2177 0677  
                            l2169 065D                              l2257 05CD                              l2249 05BA  
                            l2265 0432                              l1475 0402                              l1467 0486  
                            l1459 047C                              l1491 03D9                              l1483 03E3  
                            l1651 0448                              l1707 0465                              l1731 0604  
                            l1723 05F5                              l1715 05DD                              l1811 0783  
                            l1803 0774                              l2195 06A5                              l2187 068B  
                            l2179 067C                              l2259 05D5                              l2267 0435  
                            l1477 0403                              l1469 048A                              l1493 03DA  
                            l1485 03E4                              l1709 0469                              l1741 061C  
                            l1733 0608                              l1725 05F9                              l1717 05E3  
                            l1821 07A2                              l1805 0778                              l1813 0789  
                            l1901 04F7                              l2197 06A9                              l2189 068F  
                            l1495 03DC                              l1487 03E6                              l1479 0373  
                            l1743 0621                              l1735 060D                              l1751 062D  
                            l1727 05FC                              l1719 05E7                              l1831 07BD  
                            l1823 07A8                              l1815 0792                              l1807 077B  
                            l1911 050C                              l1903 04FC                              l2199 06AC  
                            l1497 03BE                              l1489 03D6                              l1753 0631  
                            l1745 0622                              l1737 0612                              l1729 0602  
                            l1833 07C0                              l1825 07AD                              l1841 07D7  
                            l1817 0796                              l1809 0780                              l1761 0708  
                            l1913 0515                              l1905 0500                              l1921 0562  
                            l1499 03C1                              l1691 0494                              l1755 063D  
                            l1747 0628                              l1739 0617                              l1851 07EC  
                            l1843 07E0                              l1835 07C5                              l1827 07B4  
                            l1819 07A0                              l1771 0712                              l1763 070A  
                            l1915 0519                              l1907 0503                              l1931 0572  
                            l1693 0498                              l1853 03EB                              l1757 037B  
                            l1749 062B                              l1845 07E1                              l1837 07C8  
                            l1829 07B9                              l1781 073A                              l1773 0717  
                            l1765 070B                              l1909 0508                              l1861 0524  
                            l1941 0588                              l1933 0578                              l1925 0563  
                            l1917 055F                              l1695 049E                              l1855 03ED  
                            l1847 07E4                              l1839 07CE                              l1783 073D  
                            l1775 072E                              l1767 070D                              l1871 0535  
                            l1943 0591                              l1935 057C                              l1927 0568  
                            l1919 0561                              l1759 03B1                              l1697 04A2  
                            l1689 0490                              l1849 07E9                              l1793 0751  
                            l1777 0732                              l1785 0743                              l1769 070F  
                            l1961 04CB                              l1881 054A                              l1873 053A  
                            l1865 0525                              l1857 0521                              l1945 0595  
                            l1937 057F                              l1929 056C                              l1971 0440  
                            l1699 04AB                              l1795 0759                              l1787 0750  
                            l1779 0735                              l1963 04CE                              l1955 04BD  
                            l1947 04B6                              l1891 04E6                              l1883 0553  
                            l1875 053E                              l1867 0529                              l1859 0523  
                            l1939 0584                              l1797 075F                              l1965 04D8  
                            l1957 04C1                              l1949 04B6                              l1885 0557  
                            l1877 0541                              l1869 052F                              l1973 0357  
                            l1799 0766                              l1967 037F                              l1959 04C7  
                            l1895 04E7                              l1887 04E3                              l1879 0546  
                            l1969 043B                              l1897 04EB                              l1889 04E5  
                            l1899 04F2                              u1000 06EF                              u1001 06EE  
                            u1010 06FD                              u1011 06FC                              u1020 05A4  
                            u1021 05A3                              u1030 05AF                              u1031 05AE  
                            u1040 05B3                              u1041 05B2                              u1050 05BE  
                            u1051 05BD                              u1060 05C7                              u1061 05C6  
                            u1070 05CD                              u1071 05CC                              u1080 05D5  
                            u1081 05D4                              _LATA 010C                              _LATB 010D  
                            _LATC 010E                              _LATE 0110                              _PLLR 04D6  
                            _TMR2 001A                              _TMR4 0415                              _TMR6 041C  
         _TMR4_HasOverflowOccured 0417                              _WPUB 020D                              _WPUE 0210  
               ??_TMR6_WriteTimer 0070                              _main 042F                              btemp 007E  
                     LED_SET@data 0076                      _PWM_SendData 048F                              start 0002  
                 _PWM5_Initialize 03F4                        _LoBeam_OFF 038B             PWM_SendData@InputData 0070  
   __end_of_OSCILLATOR_Initialize 040B               __end_of_Color_White 0383                             ?_main 0070  
                           _T2CON 001C                             _T4CON 0417                             _T6CON 041E  
         __end_of_WelcomeLight_ON 0706                             _TRISA 008C                             _TRISB 008D  
                           _TRISC 008E                             _TRISE 0090                   _TMR4_Initialize 03D6  
                           _Timer 05DD                             _flag1 0028           __end_of_PIN_MANAGER_IOC 0357  
                  _WDT_Initialize 0373         ??_TMR6_LoadPeriodRegister 0070                             status 0003  
                           wtemp0 007E                   _TMR2_StartTimer 035B                   __initialization 07F2  
                    __end_of_main 043B                       ?_HiBeam_OFF 0070           __end_of_TMR2_Initialize 03C6  
                          ??_main 007E        Streamer_SEG1_OFF@InputData 007A                   _TMR2_WriteTimer 0398  
                       ??_LED_OFF 0079                         ??_LED_SET 0074          ?_TMR4_LoadPeriodRegister 0070  
            _LED_SET_Gradually_ON 04B5            __end_of_WDT_Initialize 0377                   _TMR6_Initialize 03E0  
                          ?_Timer 0070         ??_TMR4_HasOverflowOccured 0070              __end_of_Color_Yellow 037F  
                          _CCPR5H 031D                            _CCPR5L 031C                            _APFCON 011D  
                          _ANSELA 018C                            _ANSELB 018D                            _BORCON 0116  
                          _LED_ON 03EA           __end_of_PWM5_Initialize 03FF                            _DRL_ON 03C6  
         TMR4_WriteTimer@timerVal 0070                            _OSCCON 0099                            _WDTCON 0097  
                          _POS_ON 03CE                   _TMR4_StartTimer 0364               _software_Initialize 03B7  
                    _CCPTMRS1bits 029F                       _Color_White 037F                       ?_LoBeam_OFF 0070  
         __end_of_TMR4_Initialize 03E0          ?_TMR2_HasOverflowOccured 0070                   _TMR4_WriteTimer 03A2  
               __end_of_HiBeam_ON 038B                  ?_WelcomeLight_ON 0070             ?_LED_SET_Gradually_ON 0070  
                 ?_WDT_Initialize 0070              ?_software_Initialize 0070           __end_of_TMR2_StartTimer 035E  
                ?_PIN_MANAGER_IOC 0070                 _SYSTEM_Initialize 0448           __end_of__initialization 07FD  
               __end_of_LoBeam_ON 0393                ?_SYSTEM_Initialize 0070                   _TMR6_StartTimer 036D  
                  __pcstackCOMMON 0070                 __end_of_Color_OFF 037B                     __end_of_Timer 0645  
             ??_SYSTEM_Initialize 0070                 __end_of_Color_set 0448           __end_of_TMR2_WriteTimer 039D  
                ?_TMR2_Initialize 0070           __end_of_TMR6_Initialize 03EA   __end_of_TMR4_LoadPeriodRegister 03A2  
                  _OPTION_REGbits 0095                   _TMR6_WriteTimer 03AC             ??_software_Initialize 007A  
         ??_Clear_No_Call_Warning 007A                           ??_Timer 0070                        TrunLight@j 002B  
         __end_of_TMR4_StartTimer 0367         __end_of_SYSTEM_Initialize 045E                        __pbssBANK0 0020  
                         ?_LED_ON 0070                           ?_DRL_ON 0070                  ?_PWM5_Initialize 0070  
         _TMR2_LoadPeriodRegister 0393                           ?_POS_ON 0070                        __pmaintext 042F  
         __end_of_TMR4_WriteTimer 03A7   __end_of_TMR2_HasOverflowOccured 0417                           _CCP5CON 031E  
                ?_TMR4_Initialize 0070                 __end_of_TrunLight 07F2            ??_LED_SET_Gradually_ON 0079  
                         _LED_OFF 03B1                           _LED_SET 045E                           _OSCTUNE 0098  
                ?_TMR2_StartTimer 0070           __end_of_TMR6_StartTimer 0370           _TMR6_HasOverflowOccured 0423  
                  LED_SET@LED_num 0075                  _Streamer_SEG1_ON 0520                  _Streamer_SEG2_ON 055E  
                    _Color_Yellow 037B                      ??_HiBeam_OFF 0070                  ?_TMR2_WriteTimer 0070  
         __end_of_TMR6_WriteTimer 03B1                  ?_TMR6_Initialize 0070                           __ptext1 03B7  
                         __ptext2 0357                           __ptext3 03AC                           __ptext4 0370  
                         __ptext5 036D                           __ptext6 036A                           __ptext7 03A7  
                         __ptext8 0423                           __ptext9 03A2                 __end_of_func_main 05DD  
           _OSCILLATOR_Initialize 03FF                         _T2CONbits 001C                         _T4CONbits 0417  
            Streamer_SEG1_OFF@num 007C          ??_PIN_MANAGER_Initialize 0070                         _T6CONbits 041E  
            Streamer_SEG1_ON@data 007B                     TrunLight@data 002C         ??_TMR2_LoadPeriodRegister 0070  
            Streamer_SEG2_ON@data 007B                  ?_TMR4_StartTimer 0070                  _T1MS_disable_cnt 0020  
            end_of_initialization 07FD                __end_of_HiBeam_OFF 0387                     Timer@T1ms_cnt 0027  
                    ?_Color_White 0070                      ??_LoBeam_OFF 0070                  ?_TMR4_WriteTimer 0070  
       Streamer_SEG1_ON@InputData 007A                  ??_WDT_Initialize 0070                         _PORTAbits 000C  
                       _PORTBbits 000D                         _PORTCbits 000E          ?_TMR6_LoadPeriodRegister 0070  
   TMR6_HasOverflowOccured@status 0070         ??_TMR6_HasOverflowOccured 0070                         _HiBeam_ON 0387  
                ?_TMR6_StartTimer 0070                __end_of_LoBeam_OFF 038F                    _TMR2_ReadTimer 0358  
         TMR2_WriteTimer@timerVal 0070                    __end_of_LED_ON 03F4                    __end_of_DRL_ON 03CE  
                  __end_of_POS_ON 03D6                        LED_ON@data 007A                        LED_SET@num 0077  
                       _LoBeam_ON 038F                  ?_TMR6_WriteTimer 0070                    _TMR4_ReadTimer 0361  
                       _Color_OFF 0377                         _Color_set 043B            ?_OSCILLATOR_Initialize 0070  
TMR2_LoadPeriodRegister@periodVal 0070          ?_TMR4_HasOverflowOccured 0070               start_initialization 07F2  
                  _TMR2_StopTimer 035E            __end_of_TMR2_ReadTimer 035B     __end_of_Clear_No_Call_Warning 0358  
                      ?_HiBeam_ON 0070                    _TMR6_ReadTimer 036A                          ??_LED_ON 0079  
                        ??_DRL_ON 007B                          ??_POS_ON 007B                     ?_PWM_SendData 0070  
                       Timer@temp 0071                        ?_LoBeam_ON 0070                    _TMR4_StopTimer 0367  
          __end_of_TMR4_ReadTimer 0364                        ?_Color_OFF 0070   __end_of_TMR6_LoadPeriodRegister 03AC  
     __end_of_software_Initialize 03BE         Streamer_SEG2_ON@InputData 007A                        ?_Color_set 0070  
                        ?_LED_OFF 0070                          ?_LED_SET 0073            __end_of_TMR2_StopTimer 0361  
                       _TrunLight 0706                         ___latbits 0002                          LED_SET@i 0078  
                   __pcstackBANK0 002A          __end_of_Streamer_SEG1_ON 055E          __end_of_Streamer_SEG2_ON 059C  
                  _TMR6_StopTimer 0370                   ?_TMR2_ReadTimer 0070            __end_of_TMR6_ReadTimer 036D  
         _TMR4_LoadPeriodRegister 039D                    ??_PWM_SendData 0070            __end_of_TMR4_StopTimer 036A  
          _PIN_MANAGER_Initialize 0474                   ?_TMR4_ReadTimer 0070   __end_of_TMR4_HasOverflowOccured 0423  
                LED_SET@InputData 0073                   ?_TMR2_StopTimer 0070            __end_of_TMR6_StopTimer 0373  
                      ?_TrunLight 0070                         _func_main 059C                       ??_HiBeam_ON 0070  
                 ?_TMR6_ReadTimer 0070           _TMR2_HasOverflowOccured 040B               Streamer_SEG1_ON@num 007C  
                _T1MS_welcome_cnt 0022                          _LATAbits 010C                          _T1MS_cnt 0024  
                        _LATBbits 010D                          _LATCbits 010E               Streamer_SEG2_ON@num 007C  
                 ?_TMR4_StopTimer 0070                 ??_WelcomeLight_ON 007E                          _PIR1bits 0011  
                        _PIR3bits 0013                       ??_LoBeam_ON 0070                 ??_PIN_MANAGER_IOC 0070  
                     ??_Color_OFF 0070                       ??_Color_set 0070                   ?_TMR6_StopTimer 0070  
   TMR4_HasOverflowOccured@status 0070                        ?_func_main 0070         ??_TMR4_LoadPeriodRegister 0070  
               ??_TMR2_Initialize 0070               PWM_SendData@bitmask 0072             LED_SET_Gradually_ON@j 007B  
                        Timer@TRB 0026                 _Streamer_SEG1_OFF 04E2           ??_OSCILLATOR_Initialize 0070  
                 LED_ON@InputData 0079                ?_Streamer_SEG1_OFF 0070                 ??_PWM5_Initialize 0070  
            __end_of_PWM_SendData 04B5          ?_TMR2_LoadPeriodRegister 0070               ??_Streamer_SEG1_OFF 0079  
                     ??_TrunLight 0079         ??_TMR2_HasOverflowOccured 0070                          __ptext10 0367  
                        __ptext11 0364                          __ptext20 040B                          __ptext12 0361  
                        __ptext21 0356                          __ptext13 039D                          __ptext30 0520  
                        __ptext22 038F                          __ptext14 0417                          __ptext31 04E2  
                        __ptext23 038B                          __ptext15 0398                          __ptext40 03EA  
                        __ptext32 04B5                          __ptext24 03B1                          __ptext16 035E  
                        __ptext41 045E                          __ptext33 037F                          __ptext25 0387  
                        __ptext17 035B                          __ptext50 0474                          __ptext42 048F  
                        __ptext34 0706                          __ptext26 0383                          __ptext18 0358  
                        __ptext51 03FF                          __ptext43 043B                          __ptext35 05DD  
                        __ptext27 059C                          __ptext19 0393                          __ptext44 0448  
                        __ptext36 037B                          __ptext28 0645                          __ptext45 0373  
                        __ptext37 0377                          __ptext29 055E                          __ptext46 03E0  
                        __ptext38 03CE                          __ptext47 03D6                          __ptext39 03C6  
                        __ptext48 03BE                          __ptext49 03F4           TMR6_WriteTimer@timerVal 0070  
TMR6_LoadPeriodRegister@periodVal 0070                 ??_TMR4_Initialize 0070                Streamer_SEG1_OFF@j 007D  
           Streamer_SEG1_OFF@data 007B         __end_of_Streamer_SEG1_OFF 0520                 ??_TMR2_StartTimer 0070  
   LED_SET_Gradually_ON@InputData 007A                  ??_TMR2_ReadTimer 0070          ?_TMR6_HasOverflowOccured 0070  
                     ??_func_main 007E                 ?_Streamer_SEG1_ON 0070                 ?_Streamer_SEG2_ON 0070  
           _Clear_No_Call_Warning 0357                 ??_TMR2_WriteTimer 0070                ??_Streamer_SEG1_ON 0079  
              ??_Streamer_SEG2_ON 0079           ?_PIN_MANAGER_Initialize 0070                 ??_TMR6_Initialize 0070  
                ??_TMR4_ReadTimer 0070                 Streamer_SEG1_ON@j 007D                 Streamer_SEG2_ON@j 007D  
              TrunLight@InputData 002A                     ?_Color_Yellow 0070                 ??_TMR4_StartTimer 0070  
                ??_TMR2_StopTimer 0070   __end_of_TMR2_LoadPeriodRegister 0398                  ??_TMR6_ReadTimer 0070  
                PWM_SendData@data 0071                   _WelcomeLight_ON 0645    __end_of_PIN_MANAGER_Initialize 048F  
                ??_TMR4_StopTimer 0070                 ??_TMR4_WriteTimer 0070           _TMR6_LoadPeriodRegister 03A7  
                 _PIN_MANAGER_IOC 0356      __end_of_LED_SET_Gradually_ON 04E2  TMR4_LoadPeriodRegister@periodVal 0070  
                   ??_Color_White 0070  
